Game name,License status,Publisher,Designer,BGG rating,Complexity,Studio projects
Leviathan Wilds,Good to go! (license granted: 2026-04-09),Moon Crab Games,Justin Kemppainen,7.9,2.5,
Trick Shot: Second Edition,Good to go! (license granted: 2026-04-09),Wolff Designa,Artyom Nichipurov,8.0,2.5,
No Loose Ends,Good to go! (license granted: 2026-04-09),GameHead,新澤 大樹 (Taiki Shinzawa),7.6,2.2,nolooseends
Gods &amp; Mortals,Good to go! (license granted: 2026-04-09),Wolff Designa,"William Borg Barthet, Artyom Nichipurov",6.7,3.0,
Biostrife,Good to go! (license granted: 2026-04-09),(Self-Published),Christopher Setien Estevez,6.4,0.0,
Discipline ～ジェレミア魔法学校の3年間～,Good to go! (license granted: 2026-04-09),636GAMES,Alan Shimojima,6.0,0.0,
Miniature Adventures: Adventure 1 &ndash; Goblin Troubles,Good to go! (license granted: 2026-04-07),Lowtek Games LLC,Jon Lowman,5.5,0.0,
Heart and Skull: The Core of Sepulchre,Good to go! (license granted: 2026-04-07),Raven Portents,Matt Johnson (II),0.0,0.0,
Drakaina,Good to go! (license granted: 2026-04-07),Lowtek Games LLC,Jon Lowman,0.0,0.0,
The Isle of Cats Duel,Good to go! (license granted: 2026-04-03),The City of Games,Frank West,7.6,2.2,theisleofcatsduel
Mythic Gems,Good to go! (license granted: 2026-04-03),TNT Creative Gaming,"Ben Teich, John Teich",8.1,2.0,mythicgems
Ardent Reapers,Good to go! (license granted: 2026-04-03),(Web published),"Gee Barger, Luke Olson",8.1,2.0,ardentreapers
Frantic,Good to go! (license granted: 2026-03-30),dV Giochi,"Fabian Engeler, Pascal Frick, Pierre Lippuner, Stefan Weisskopf",6.4,1.5,franticj
"Yandere Girlfriends: Imouto, Osananajimi, Senpai",Good to go! (license granted: 2026-03-26),(Web published),,0.0,0.0,"yanderegirlfriends, yanderegf"
The Gang,Good to go! (license granted: 2026-03-23),KOSMOS,"John Cooper, Kory Heath",7.6,1.6,"thegang, thegangdarhf"
Un mont&oacute;n de ropa sucia,Good to go! (license granted: 2026-03-20),Pi&ntilde;ata Games,Pablo Cruz Rodr&iacute;guez,8.7,2.0,
Quatuor,Good to go! (license granted: 2026-03-20),(Self-Published),Louis-David Raymond,7.3,0.0,"quatuor, quatuorbga"
Bluff King,Good to go! (license granted: 2026-03-20),(Self-Published),,10.0,0.0,bluffking
Game of Trains,Good to go! (license granted: 2026-03-17),Brain Games,"Alexey Konnov, Alexey Paltsev, Anatoliy Shklyarov, Trehgrannik",6.4,1.2,
Karakum,Good to go! (license granted: 2026-03-17),Brain Games,Arif Nezih Savi,6.9,1.4,
Deductio,Good to go! (license granted: 2026-03-17),Brain Games,Nick Federico,6.7,1.0,
Pentaurus: Duel,Good to go! (license granted: 2026-03-17),Amphora Games,"Javier Fuentes, Rafael Oliva",6.9,2.0,pentaurusduel
BUUUUUUUS,Good to go! (license granted: 2026-03-17),Spiel-ou-Face,Jean-Michel Maman,0.0,0.0,
MOLUKU,Good to go! (license granted: 2026-03-17),Spiel-ou-Face,Jean-Michel Maman,0.0,2.0,
Libertalia: Winds of Galecrest,Good to go! (license granted: 2026-03-09),Stonemaier Games,Paolo Mori,7.4,2.2,libertaliawindsofgalecrest
The Little Prince: Make Me a Planet,Good to go! (license granted: 2026-03-09),Circoctel,"Antoine Bauza, Bruno Cathala",6.9,1.6,makemeaplanet
Bamboozled,Good to go! (license granted: 2026-03-09),Blue Wasatch Games,Justin Martin,5.8,1.0,
Arabella,Good to go! (license granted: 2026-03-09),2D6.EE (Side Quest Games),Signe Aasoja,5.4,2.7,arabella
Plate It Up,Good to go! (license granted: 2026-03-09),Blue Wasatch Games,,6.9,0.0,
Heralds of Silence,Good to go! (license granted: 2026-03-09),(Self-Published),Vadrya Pokshtya,10.0,0.0,
Under the Leaves,Good to go! (license granted: 2026-03-03),Fractal Juegos,"Trevor Benjamin, Brett J. Gilbert",7.8,2.0,undertheleaves
DeFuZion: Wild Dice,Good to go! (license granted: 2026-03-03),(Self-Published),Kevin Bonanno,0.0,0.0,
Clockwork Carnival,Good to go! (license granted: 2026-03-01),Rat Race Gaming,Glenn Tassin,7.9,1.0,clockworkcarnival
The Rat Race,Good to go! (license granted: 2026-03-01),Rat Race Gaming,Glenn Tassin,0.0,0.0,
Drako: Aetherya Pocket,Good to go! (license granted: 2026-02-28),Nostromo &Eacute;ditions,Fran&amp;ccedil;ois Bachelart,6.6,0.0,drako
Brewmaster's Guild,Good to go! (license granted: 2026-02-28),Prosperity Games,Carlo Prospero,0.0,0.0,
Stracciatella,Good to go! (license granted: 2026-02-25),City Hare Studio,Niko Lepka,7.0,0.0,
Switch ON!,Good to go! (license granted: 2026-02-20),MTS Games,Nutgoo.Lee,10.0,0.0,
New Cold War,Good to go! (license granted: 2026-02-18),VUCA Simulations,"Andoni Orive, Igor Plaza",7.6,3.2,
Snow Planner,Good to go! (license granted: 2026-02-18),14games,Akashi,7.6,3.2,
Speculaas,Good to go! (license granted: 2026-02-18),Ummaramma,Danijel Po&amp;scaron;ta,7.3,1.3,speculaas
Captains &amp; Companies,Good to go! (license granted: 2026-02-18),(Self-Published),"Tom Flanagan, Charlie Kucera",9.5,2.0,captainsandcompanies
Ants &amp;amp; Crumbles: War at the Picnic Table,Good to go! (license granted: 2026-02-18),Fried Potatoes Games,Tibo Everaerts,9.5,1.0,antsandcrumbles
MonSnatch: Trading Sticker Game,Good to go! (license granted: 2026-02-18),Nobitama Group,Bill Kampanart Koisiriphong,10.0,1.0,"monsnatch, monsnatchtradingstickercard, monsnatchtsg"
Aristofarsa,Good to go! (license granted: 2026-02-09),Cordilheira Games,Douglas Jansen,8.2,0.0,"bauer, aristofarsa"
Please Don't Burn My Village!,Good to go! (license granted: 2026-02-02),Fireside Games,Simon Weinberg,6.9,1.5,pleasedontburnmyvillage
Enneatrix,Good to go! (license granted: 2026-02-02),(Self-Published),Vadrya Pokshtya,10.0,0.0,
The Dwarf King,Good to go! (license granted: 2026-01-28),IELLO,Bruno Faidutti,6.6,1.4,thedwarfking
Qu&eacute;bec,Good to go! (license granted: 2026-01-27),Spielworxx,"Philippe Beaudoin, Pierre Poissant-Marquis",7.1,3.0,quebec
Skara Brae,Good to go! (license granted: 2026-01-27),Garphill Games,Shem Phillips,7.6,2.7,skarabrae
Wayfarers of the South Tigris,Good to go! (license granted: 2026-01-26),Garphill Games,"S J Macdonald, Shem Phillips",7.8,3.8,wayfarers
RIVALS,Good to go! (license granted: 2026-01-23),Unkind Games,"L&eacute;onard Ebel, Sami Jaafar, Baptiste Roux, Maxime Schio",8.3,3.1,rivals
Rowdy Partners,Good to go! (license granted: 2026-01-23),Capstone Games,"Jason Hager, Darren Reckner",7.1,0.0,rowdypartners
Wild West Tycoon,Good to go! (license granted: 2026-01-23),Logical Fox,Steven L. Smith,7.4,1.0,wildwesttycoon
Everbound,Good to go! (license granted: 2026-01-23),Logical Fox,Steven L. Smith,6.0,1.0,
RabbitZ &amp; Robots,Good to go! (license granted: 2026-01-22),Rocket Lemon Games,"Lorena Gestido, Javier Mart&iacute;nez G&oacute;mez",7.5,1.7,rabbitzandrobots
Ugly Christmas Sweaters,Good to go! (license granted: 2026-01-22),Hen House Games,Hunter R. Hennigar,7.0,2.2,
Stars of Ilume&iuml;a,Good to go! (license granted: 2026-01-22),Ornament Games,"Christian Peter Sch&auml;fer-Scheidtweiler, Stefan Scheidtweiler",8.8,0.0,starsofilumeia
Park Ranger,Good to go! (license granted: 2026-01-22),Logical Fox,Steven L. Smith,7.0,1.0,
Echoes of Time,Good to go! (license granted: 2026-01-08),Cranio Creations,"Simone Luciani, Roberto Pellei",7.3,2.5,echoesoftime
Archivarium,Good to go! (license granted: 2026-01-07),(Self-Published),Vadrya Pokshtya,10.0,0.0,archivarium
Hover,Good to go! (license granted: 2026-01-06),Ibis Tea,Victor Shiu,9.0,0.0,
Crop Rotation,Good to go! (license granted: 2026-01-06),JS Spiele,Jan Straetener,8.0,2.0,croprotation
Survival Chess: Tartan Grid,Good to go! (license granted: 2026-01-06),(Self-Published),Vadrya Pokshtya,10.0,0.0,
Alchimix,Good to go! (license granted: 2026-01-06),Ctrl Z&amp;egrave;bre,,7.5,0.0,
The Graveyard Shift,Good to go! (license granted: 2025-12-19),FracturedPawn,,6.0,1.0,thegraveyardshift
Pili Pili,Good to go! (license granted: 2025-12-17),ATM Gaming,"Ben (II), JB",6.9,1.0,pilipili
假说演绎法 (The selfish gene),Good to go! (license granted: 2025-12-17),(Self-Published),Mu_San,5.0,3.0,
The Selenolyth,Good to go! (license granted: 2025-12-16),(Self-Published),Vadrya Pokshtya,10.0,0.0,
Audience,Good to go! (license granted: 2025-12-15),Pick &amp;#039;N&amp;#039; Roll Games Lab,"Giorgio Castiglioni, Carlo Alberto Iocco, Alessio Landi",7.0,2.0,"audience, audiencetwo"
"I.I.T.A.P.: It is the Apocalypse, People!",Good to go! (license granted: 2025-12-15),(Web published),"Mark Whiskeyman, Jaime Whiskeyman",0.0,2.0,
5-Minute Dungeon,Good to go! (license granted: 2025-12-10),Wiggles 3D,Connor Reid,6.9,1.1,"fiveminutedungeon, fiveminutedungeondev"
Betwixt and Between,Good to go! (license granted: 2025-12-10),All Or None Games,Tobias Hall,7.2,2.6,
Cat Packs,Good to go! (license granted: 2025-12-10),All Or None Games,Tobias Hall,7.4,2.0,
Hidden Ark,Good to go! (license granted: 2025-12-10),All Or None Games,Tobias Hall,6.9,2.5,
Goons,Good to go! (license granted: 2025-12-10),All Or None Games,Tobias Hall,7.5,2.5,
Relative Space,Good to go! (license granted: 2025-12-05),Th3rd World Studios (3WS Games),"Eric Bettinger, Nick Leedy",9.2,0.0,relativespace
Popcorn,Good to go! (license granted: 2025-12-03),IELLO,Victor Saumont,7.0,2.3,popcorn
Fountains,Good to go! (license granted: 2025-12-03),The Op,Kedric Winks,7.5,2.2,fountains
Spirited,Good to go! (license granted: 2025-12-03),Garphill Games,"S J Macdonald, Shem Phillips, Zach Smith",6.3,3.0,spirited
Scurry Up!,Good to go! (license granted: 2025-12-03),Uncommons Publishing,"David Gordon (I), TAM",7.8,0.0,
Cochechs,Good to go! (license granted: 2025-12-03),(Unpublished),,10.0,0.0,
Broken Planet,Good to go! (license granted: 2025-11-26),Pigeon Games,"Lenny Duwyn, Ben Michielsen, Robin Vandormael",7.5,2.5,
Captain's Gambit: Kings of Infinite Space,Good to go! (license granted: 2025-11-24),Cloudfall Interactive Studios,"AC Atienza, Alvin Lee, Mitchell Loewen",8.1,2.0,
X: Seekers of Fortune,Good to go! (license granted: 2025-11-24),Mega Moth Studios,"Daniel Ayoub, Joel Watts",9.8,0.0,
The Mire,Good to go! (license granted: 2025-11-21),Waterbear Workshop,"Shadoe Konicek, Sydney Whalen",9.2,2.0,themire
Diecathlon,Good to go! (license granted: 2025-11-21),Waterbear Workshop,"Shadoe Konicek, Sydney Whalen",0.0,0.0,
Cupcake Rush!,Good to go! (license granted: 2025-11-20),(Self-Published),Eduardo Pagan,9.2,1.0,
Asteriated Illusion,Good to go! (license granted: 2025-11-18),Wonder Backers,Athrun,8.4,1.5,
Ninjazas,Good to go! (license granted: 2025-11-14),NSMOP,Fabian Martinez Torre,10.0,0.0,
Road to the Bunker,Good to go! (license granted: 2025-11-13),Onyx Tales Editions,,0.0,0.0,
Rook &amp; Ruin,Good to go! (license granted: 2025-11-12),(Web published),Florian Fiedler,8.7,2.0,
Concordia,Good to go! (license granted: 2025-10-31),PD-Verlag,Mac Gerdts,8.1,3.0,concordia
Sudds &amp; Malone,Good to go! (license granted: 2025-10-30),CrossCut Games,Adam West,7.9,2.5,
OOF-DAH! COMPLETE,Good to go! (license granted: 2025-10-24),(Self-Published),,8.5,4.0,
Itchy Feet: The Travel Game,Good to go! (license granted: 2025-10-20),Keen Bean Studio,"Malachi Ray Rempen, Maxime Rioux",6.6,1.0,
Almighty,Good to go! (license granted: 2025-10-20),Keen Bean Studio,"Kevin Privalle, Malachi Ray Rempen",7.6,2.0,
Twelve,Good to go! (license granted: 2025-10-13),Ruach Games,Steven Foster,10.0,0.0,
Cubix,Good to go! (license granted: 2025-10-13),(Unpublished),Vincent Breut,9.0,3.0,
Prout,Good to go! (license granted: 2025-10-13),(Self-Published),Benjamin Roucayrol,0.0,0.0,
So Clover!,Good to go! (license granted: 2025-10-10),Repos Production,Fran&ccedil;ois Romain,7.6,1.1,scdg
Maple Valley,Good to go! (license granted: 2025-10-07),Kids Table BG,Roberta Taylor,7.4,2.5,
STASH Card Game,Good to go! (license granted: 2025-10-01),(Self-Published),Chris Robinson,8.4,1.0,
Seashells,Good to go! (license granted: 2025-10-01),Kids Table BG,Bruno Faidutti,0.0,0.0,seashells
GODŌ: The five paths,Good to go! (license granted: 2025-09-30),Snovid,Vedran Mocibob,7.5,2.3,godo
Memory,Good to go! (license granted: 2025-09-25),-Public Domain-,(Uncredited),4.8,1.1,memory
Typeset,Good to go! (license granted: 2025-09-25),DVC Games,Jasper Beatrix,7.5,2.0,
Inkwell,Good to go! (license granted: 2025-09-25),DVC Games,"Jasper Beatrix, Lewis Graye, Joey Palluconi",8.6,0.0,inkwell
Seaside,Good to go! (license granted: 2025-09-23),Randolph,Bryan Burgoyne,7.1,1.2,seaside
Pi&ntilde;a Coladice,Good to go! (license granted: 2025-09-22),IELLO,Yann Dupont,6.8,1.1,pinacoladice
Crops,Good to go! (license granted: 2025-09-22),Little Rocket Games,Giampaolo Razzino,7.2,2.5,
Camelio,Good to go! (license granted: 2025-09-22),Little Rocket Games,Paolo Bianchi (II),6.4,1.0,
Galactic Cruise,Good to go! (license granted: 2025-09-18),Kinson Key Games,"T.K. King, Dennis Northcott, Koltin Thompson",8.4,4.0,galacticcruise
Le Grand Voyage,Good to go! (license granted: 2025-09-18),Betula,Charlec Couronnaud,7.0,1.3,thegreatjourney
The Walking Deck,Good to go! (license granted: 2025-09-18),Studio Kabo,Jeremy Marchal,8.0,1.7,thewalkingdeck
Crownfell,Good to go! (license granted: 2025-09-18),We Heart Games,Mike Berg,7.9,2.0,crownfell
Rotation Rumble,Good to go! (license granted: 2025-09-15),Beaverlicious,Robin Metz,8.9,2.0,rotationrumble
Sepulchre: A Grave Game,Good to go! (license granted: 2025-09-15),Raven Portents,Matt Johnson (II),0.0,0.0,
The Acts of the Evangelists,Good to go! (license granted: 2025-09-09),Belltower Games,Jeff Warrender,7.1,2.3,
미션: 모자이크 (Mission: Mosaic),Good to go! (license granted: 2025-09-08),PIECEMOSA games,,7.9,0.0,
Dogs With Jobs,Good to go! (license granted: 2025-09-05),Lab 380,John Gordon,8.3,2.0,dogswithjobs
ARDEVUR: The Game of Resources,Good to go! (license granted: 2025-09-05),# Hashtag 64,Gabriele Areolite,5.2,3.2,
Pivot,Good to go! (license granted: 2025-09-05),Teomach Games,Tom Inglis,7.9,3.0,pivot
Zombiaki II: Attack on Moscow,Good to go! (license granted: 2025-09-02),Portal Games,Ignacy Trzewiczek,6.2,1.6,"zombiakithecardgame, zombiakidev"
The Game Makers,Good to go! (license granted: 2025-09-02),"B&amp;amp;amp;eacute;zier Games, Inc.",Ben Rosset,7.0,2.9,thegamemakers
7th Sea: City of Five Sails,Good to go! (license granted: 2025-09-02),Pine Box Entertainment,"Tom Brown, Robert Croy, Case Kiyonaga, Case Lopez, Chris Medico",8.3,3.6,seventhseacityoffivesails
Napoleon,Good to go! (license granted: 2025-09-02),-Public Domain-,(Uncredited),6.5,2.2,"napoleon, napoleoncardgame, napoleonbga"
Winter Diceathlon,Good to go! (license granted: 2025-09-02),(Web published),Chris Heaney,4.5,0.0,winterdiceathlon
Quint,Good to go! (license granted: 2025-09-02),(Web published),J Simmons,7.5,0.0,
Stock Trader: The Stock Market Board Game,Good to go! (license granted: 2025-09-02),(Self-Published),Larry Spencer,10.0,0.0,
Factory Funner,Good to go! (license granted: 2025-08-28),Allplay,Corn&eacute; van Moorsel,7.1,2.4,
LEXIO,Good to go! (license granted: 2025-08-28),Dagoy,Kwang Hee Lee,6.8,1.9,
Waddle,Good to go! (license granted: 2025-08-28),Allplay,Corn&eacute; van Moorsel,7.0,1.4,
Pipoca,Good to go! (license granted: 2025-08-25),Grok Games,Arthur Lacerda,8.1,1.0,popcorns
ARCTICA,Good to go! (license granted: 2025-08-25),This Way!,"R&eacute;mi Mathieu, Sams",8.7,3.0,arctica
Devil's Dice,Good to go! (license granted: 2025-08-25),The Devil May Care Games,"Rosstin Murphy, Brook Elf Nichols",8.4,3.0,devilsdice
Mad Match-Up,Good to go! (license granted: 2025-08-22),Undertreegames LLC,NRK CHARY,8.3,1.0,
Kraken,Good to go! (license granted: 2025-08-18),Studio Agrume,Sebastien Monnier,9.5,2.0,
Hacienda,Good to go! (license granted: 2025-08-18),Pandasaurus Games,"Daryl Andrews, Wolfgang Kramer",6.1,0.0,
Xấp Sắc,Good to go! (license granted: 2025-08-18),LUDOS,Nguy&ecirc;n Trường,8.0,0.0,
Fungeon,Good to go! (license granted: 2025-08-18),Do or Dice Games,,0.0,0.0,
Forest Shuffle: Dartmoor,Good to go! (license granted: 2025-08-11),Lookout Games,Kosch,7.6,2.3,"forestshuffleprototype, forestshuffledartmoor, forestshufflesmokymountains"
Caracas,Good to go! (license granted: 2025-08-11),Cwali,"Peter Joustra, Corn&eacute; van Moorsel",6.7,2.0,
Moonlight: The Land of the Wolves,Good to go! (license granted: 2025-08-11),La Bo&icirc;te de Jeu,"Alexandre Aguilar, Thomas Favreli&egrave;re",6.2,2.0,moonlight
Estate: Raise the Realm,Good to go! (license granted: 2025-08-11),Grod Games LLC.,"Devon Grodkiewicz, Kathryn Hahn",8.4,2.8,estateraisetherealm
Monster Lands,Good to go! (license granted: 2025-08-07),Second Gate Games,"V Fern&aacute;ndez, G Mata, S Pascual, D Schloesser",7.1,3.3,
Necromancer,Good to go! (license granted: 2025-08-04),Kobold Press,"Wolfgang Baur, Jeff Quick",6.8,0.0,
Cosmic Arena,Good to go! (license granted: 2025-08-01),RodriGameZ,Jonathan Rodriguez,9.0,3.0,cosmicarena
YINSH,Good to go! (license granted: 2025-07-30),Don &amp;amp; Co.,Kris Burm,7.7,2.6,"yinsh, yinshhunt"
Spicy,Good to go! (license granted: 2025-07-30),HeidelB&amp;Auml;R Games,Győri Zolt&aacute;n G&aacute;bor,7.2,1.3,"spicygame, spicycardgame, spicyy"
Medieval Academy,Good to go! (license granted: 2025-07-30),Blue Cocker Games,Nicolas Poncin,6.9,1.4,
Kingsburg (Third Edition),Good to go! (license granted: 2025-07-30),Giochi Uniti,"Andrea Chiarvesio, Luca Iennaco",7.2,3.0,kingsburg
Nexus Syndicate,Good to go! (license granted: 2025-07-30),(Web published),Jonas F. Wolf,8.4,2.5,
Duel for Cardia,Good to go! (license granted: 2025-07-28),Hans im Gluck Verlags-GmbH,"Faouzi Boughida, Mathieu Rivero",7.5,1.8,cardia
The 4 Elements,Good to go! (license granted: 2025-07-24),MomoLudens,Wangmo Yeon,8.0,2.0,
BRICOLAGE HEADS,Good to go! (license granted: 2025-07-23),Fentasy Games,Yasuyuki Yamagishi,7.4,3.2,kikaibricolageheads
Mycelia,Good to go! (license granted: 2025-07-21),Ravensburger Spieleverlag GmbH,Daniel Greiner,7.4,1.9,mycelia
Renown: The Card Game,Good to go! (license granted: 2025-07-21),Stonehome Games,"Mitch Hamrick, Drew Whitney",10.0,0.0,
Der K&ouml;nig des Waldes,Good to go! (license granted: 2025-07-15),Steinbock Brettspiele,Louis Borchert,6.2,2.1,thekingofthewoods
Mole Park: Whack and Win,Good to go! (license granted: 2025-07-15),Restart Round Games,,9.4,0.0,moleparknew
Capiv&aacute;rias,Good to go! (license granted: 2025-07-11),Piquinim,Pedro &quot;Cabelinho&quot;,7.7,2.0,
Cobog&oacute;,Good to go! (license granted: 2025-07-11),Piquinim,Gabriel Toschi,7.9,1.0,
Koi,Good to go! (license granted: 2025-07-09),dV Giochi,"Rosaria Battiato, Massimo Borz&igrave;, Martino Chiacchiera",7.6,2.1,
Rumblebots,Good to go! (license granted: 2025-07-09),dV Giochi,Michele Piccolini,6.7,2.3,
Red Dog Junction,Good to go! (license granted: 2025-07-09),Waterworks Games,"Tyler Cheves, Brendon Cheves",8.0,2.5,"reddogjunction, medievalacademynew"
Animal Rules Football,Good to go! (license granted: 2025-07-02),Wallace Designs,Martin Wallace,9.5,2.0,
Castles of Mad King Ludwig,Good to go! (license granted: 2025-07-01),"B&amp;amp;amp;eacute;zier Games, Inc.",Ted Alspach,7.5,2.6,castleofmadkingludwig
Verso,Good to go! (license granted: 2025-07-01),Gigamic,"Alexis Allard, Joan Dufour",5.8,1.2,verso
Solitri,Good to go! (license granted: 2025-07-01),(Web published),Yuan Chun Cheng,0.0,0.0,
SOS Gal&aacute;pagos,Good to go! (license granted: 2025-06-30),Juegos Misi,Carlos Soto Power,8.2,2.5,
&iexcl;A Cachinear!,Good to go! (license granted: 2025-06-25),(Self-Published),,8.0,2.0,
Crowns &amp; Cutthroats,Good to go! (license granted: 2025-06-23),Permagrin Quality Games,Paul Robert Adams,6.3,0.0,crownsandcutthroats
Utsuke,Good to go! (license granted: 2025-06-20),StudioCave,つちもち (Tsuchimochi),7.2,2.0,
Gatsby,Good to go! (license granted: 2025-06-16),Catch Up Games,"Bruno Cathala, Ludovic Maublanc",6.7,2.1,gatsby
PopCats Fighter,Good to go! (license granted: 2025-06-13),Violet Daisy Games LLC,Estefania Rodriguez,8.0,0.0,
Cowboy Bebop: Space Serenade,Good to go! (license granted: 2025-06-10),Don't Panic Games,"Johan Benvenuto, Florian Sirieix",7.3,2.3,cowboybebopspaceserenade
Naruto: Ninja Arena,Good to go! (license granted: 2025-06-10),Don't Panic Games,"Antoine Bauza, Corentin Lebrat, Ludovic Maublanc,",6.1,1.3,
Luminis,Good to go! (license granted: 2025-06-10),Don't Panic Games,Guillaume Besan&ccedil;on,6.9,1.7,luminis
Heroes of Fairy Tail,Good to go! (license granted: 2025-06-10),Don't Panic Games,,6.5,2.0,
La Traque,Good to go! (license granted: 2025-06-10),Don't Panic Games,"Renaud Crocombette, R&eacute;mi Laumonier, Antoine Pham-Minh",8.2,3.0,
The Last Doge,Good to go! (license granted: 2025-06-10),Don't Panic Games,Ga&euml;l de Robien,7.6,0.0,
M&eacute;dium,Good to go! (license granted: 2025-06-10),Don't Panic Games,Anthony Chaillan,7.0,1.5,
DC Batman: Streets of Gotham City,Good to go! (license granted: 2025-06-10),Don't Panic Games,Ghislain Masson,6.4,2.0,
&Agrave; la lettre,Good to go! (license granted: 2025-06-10),Don't Panic Games,Bruno Faidutti,6.3,0.0,
Plan de table,Good to go! (license granted: 2025-06-10),(Self-Published),,0.0,0.0,plandetable
Acorn Thief,Good to go! (license granted: 2025-06-10),DeguArts,,0.0,0.0,
Tiny Towns,Good to go! (license granted: 2025-06-05),Alderac Entertainment Group,Peter McPherson,7.2,2.1,"tinytowns, tinytown"
Re;ACT: The Arts of War,Good to go! (license granted: 2025-06-04),Brother Ming Games,"Chris Lin, MingYang Lu, Eric Zeringue",8.3,3.0,
Sparks,Good to go! (license granted: 2025-06-03),Alion dash by Dr Oslash,"Adrian Adamescu, Kristian Amundsen &Oslash;stby",7.1,2.4,
Breakaway Football,Good to go! (license granted: 2025-06-03),Uplink Underground Games (II),"Mark Burlet, Michael Caplan, Arthur Franz IV, Ben Jennings",8.7,3.0,
Juggernaut,Good to go! (license granted: 2025-06-03),VicVillage (ヴィックヴィレッジ),Higawind (ヒガウィンド),6.5,3.0,
HUTAN: Life in the Rainforest,Good to go! (license granted: 2025-05-19),Sidekick Games,"Asger Harding Granerud, Daniel Skjold Pedersen",7.0,1.9,hutan
Hextremadura,Good to go! (license granted: 2025-05-16),LittleHouse Boardgames,"LittleHouse Boardgames Design Studio, David Heras Pino",7.0,1.6,hextremadura
Competing Cat Castles,Good to go! (license granted: 2025-05-09),(Self-Published),,10.0,0.0,competingcatcastles
Stack-a-Cash,Good to go! (license granted: 2025-04-29),City Hare Studio,"Eva Jacobsen, Niko Lepka",8.0,0.0,stackacash
Collateral Checkers,Good to go! (license granted: 2025-04-29),City Hare Studio,Niko Lepka,7.0,0.0,
Scruffy's Treasure Hunt,Good to go! (license granted: 2025-04-24),(Self-Published),David M. Jones,10.0,0.0,
Verdant,Good to go! (license granted: 2025-04-23),Flatout Games,Molly Johnson,7.3,2.1,"verdant, verdanthunt"
The Way to My Heart,Good to go! (license granted: 2025-04-23),Board Campers,,0.0,0.0,
OAKO,Good to go! (license granted: 2025-04-22),(Self-Published),Elm Island,8.0,0.0,
Caf&eacute;,Good to go! (license granted: 2025-04-16),PYTHAGORAS,"Costa, R&ocirc;la",7.2,2.1,cafe
TimemiT,Good to go! (license granted: 2025-04-16),Zacatrus,Fabien Gridel,8.1,2.0,timemit
Adana the Earth Dragon: A game of Friendship and Flowers,Good to go! (license granted: 2025-04-16),Paws42,Debbie Manber Kupfer,0.0,1.0,
Zombies At Home,Good to go! (license granted: 2025-04-16),(Web published),,0.0,0.0,
Smiths of Winterforge,Good to go! (license granted: 2025-04-14),Rule &amp;amp; Make,"Jennah Grimsey, Dylan Shearer, Aaron Sparke",6.8,2.3,smithsofwinterforge
Tycoon: India 1981,Good to go! (license granted: 2025-04-10),Zenwood Games,Sidhant Chand,7.9,3.8,"tycoonindia, tycoonind, tycoonindianew"
Super,Good to go! (license granted: 2025-04-10),Square Moon,"J&eacute;r&eacute;my Ducret, Johannes Goupy",6.0,1.7,super
Iberian Gauge,Good to go! (license granted: 2025-04-09),Capstone Games,Amabel Holland,7.3,2.5,
Age of Rail: South Africa,Good to go! (license granted: 2025-04-09),Capstone Games,John Bohrer,7.7,3.0,
Meltwater: A Game of Tactical Starvation,Good to go! (license granted: 2025-04-09),Capstone Games,Erin Escobedo,7.1,2.3,
BUDIZZ,Good to go! (license granted: 2025-04-09),Collective Adventure,,6.4,0.0,
Sunflower Seeds,Good to go! (license granted: 2025-04-07),DeguArts,,0.0,0.0,
K&oacute;dem TCG,Good to go! (license granted: 2025-04-01),(Self-Published),,8.5,3.0,
Line or Colour,Good to go! (license granted: 2025-03-27),nestorgames,N&eacute;stor Romeral Andr&eacute;s,7.0,1.5,lineorcolour
Sheep Shuffle,Good to go! (license granted: 2025-03-27),(Self-Published),,10.0,0.0,sheepshuffle
The Flow of History,Good to go! (license granted: 2025-03-24),Moaideas Game Design,Jesse Li,6.7,2.6,
Joraku,Good to go! (license granted: 2025-03-24),Moaideas Game Design,Iori Tsukinami (月並いおり),7.2,2.2,joraku
Mini Express,Good to go! (license granted: 2025-03-24),Moaideas Game Design,Mark Gerrits,7.3,2.3,miniexpress
Guns &amp; Steel: Renaissance,Good to go! (license granted: 2025-03-24),Moaideas Game Design,Jesse Li,7.0,2.7,
Outrun the Bear,Good to go! (license granted: 2025-03-24),Around the Stump Games LLC,Samuel Barmettler,6.8,1.5,
Button Kingdoms,Good to go! (license granted: 2025-03-24),Around the Stump Games LLC,Samuel Barmettler,7.5,0.0,buttonkingdoms
Cornered,Good to go! (license granted: 2025-03-24),(Self-Published),,5.8,0.0,
Minigolf Designer,Good to go! (license granted: 2025-03-20),Thematic Games,Alban Nanty,7.8,2.3,
The Brain,Good to go! (license granted: 2025-03-20),999 Games,Peter J&uuml;rgensen,7.0,1.8,
Dinodocus,Good to go! (license granted: 2025-03-20),Thematic Games,Alban Nanty,6.6,1.5,
Mini Rails,Good to go! (license granted: 2025-03-19),Moaideas Game Design,Mark Gerrits,6.9,2.1,minirails
Crow Drinks Water,Good to go! (license granted: 2025-03-19),Newqz Culture,,0.0,0.0,
SADDLE,Good to go! (license granted: 2025-03-17),Struggler Games,Terry Clemens,4.8,0.0,saddle
Vive le Roi!,Good to go! (license granted: 2025-03-14),Spiel-ou-Face,"Stefano Luperto, Jean-Michel Maman",6.4,1.2,viveleroi
Rivales: Cap&iacute;tulo 1 &ndash; Justicia,Good to go! (license granted: 2025-03-10),Pulga Escapista,Mart&iacute;n Carini,8.9,1.7,
New Sicilian Tarot,Good to go! (license granted: 2025-03-10),(Self-Published),,9.0,2.0,
Meeple War,Good to go! (license granted: 2025-03-06),Blue Cocker Games,Max Valembois,6.5,2.7,
Catopomp,Good to go! (license granted: 2025-03-04),(Self-Published),David Chow J.S.,7.5,0.0,catopomp
Ghost Gate Chronicles: Part One &ndash; The Divide,Good to go! (license granted: 2025-02-18),Invisible Temple Games,Vincent Fug&egrave;re,0.0,0.0,
ツクル10テン(Tsukuru Ten Ten),Good to go! (license granted: 2025-02-12),Game Nowa,かぶきけんいち (Kenichi Kabuki),5.4,1.0,tsukurutenten
エルタイルズ (L-tiles),Good to go! (license granted: 2025-02-12),Asobition (アソビション),かぶきけんいち (Kenichi Kabuki),6.4,0.0,
Enlightened,Good to go! (license granted: 2025-02-12),Keepers of Fun,Arif Nezih Savi,9.8,2.0,
コプラス (KoPlus),Good to go! (license granted: 2025-02-12),Game Nowa,かぶきけんいち (Kenichi Kabuki),6.6,0.0,
Fortify,Good to go! (license granted: 2025-02-11),Barrel Aged Games,"Jason Mack, Caleb Zwar",7.6,0.0,
Coral,Good to go! (license granted: 2025-02-06),2Tomatoes,Tangi Tabuteau,6.6,1.4,
Through Ice &amp; Snow,Good to go! (license granted: 2025-02-06),2Tomatoes,Fernando Eduardo S&aacute;nchez,7.5,3.2,
Gold Nugget,Good to go! (license granted: 2025-02-06),2Tomatoes,Carles Carreras,7.0,1.8,
Boule Rouge,Good to go! (license granted: 2025-02-06),2Tomatoes,"Anna Lucini Canals, Pau Mor&eacute; G&oacute;mez, Eloi Pujadas",6.7,1.5,
El Amo del Calabozo,Good to go! (license granted: 2025-02-06),La Estanteria de Juegos,Pedro L. Dom&iacute;nguez,8.1,2.0,elamodelcalabozo
Seas of Havoc,Good to go! (license granted: 2025-02-04),Rock Manor Games,"S&eacute;bastien Bernier-Wong, Peter Gorniak",7.3,2.5,seasofhavoc
Bridges to Nowhere 2nd Edition,Good to go! (license granted: 2025-02-04),Doomsday Robots,"Caitlyn Brynn Greene, John Olson",8.0,0.0,
Fora de Ordem,Good to go! (license granted: 2025-02-03),Adoleta Jogos,"Leandro Pires, Rodrigo Rego",7.9,1.0,
Ach&ocirc;!,Good to go! (license granted: 2025-02-03),Adoleta Jogos,Thiago Queiroz,8.4,1.0,
Pandora Celeste,Good to go! (license granted: 2025-01-30),Guntower Games,Mike Ibeji,8.1,2.6,
Petits Complots entre Amis,Good to go! (license granted: 2025-01-28),(Self-Published),,7.0,1.0,"petitscomplotsentreamis, pceafinal"
いきものボックス (IKIMONO BOX) Vol.1,We love this game! But we don't have the license yet.,"(if you are interested, please see at the top of the page how to request the license from the publisher)",,,,Game Nowa		0.0	0.0
Twinkle Twinkle,Good to go! (license granted: 2025-01-15),Allplay,Ammon Anderson,7.1,1.8,twinkletwinkle
Kalua,Good to go! (license granted: 2025-01-13),HomoLudicus,Carlos Moreno Serrano,5.6,1.6,"kalua, kaluab"
Crumbs!: The Sandwich Filler Game,Good to go! (license granted: 2025-01-13),Minerva Tabletop Games,J. Antscherl,7.5,1.8,
Toll House,Good to go! (license granted: 2025-01-02),(Self-Published),"Brian Cole, Spyridon Morrow",9.4,2.0,
Build &amp; Blast,Good to go! (license granted: 2024-12-16),Hamboardi,Navid Atapour,10.0,2.0,
NUTSO,Good to go! (license granted: 2024-12-02),Kvellix LLC,,7.7,0.0,
SHASN,Good to go! (license granted: 2024-11-27),Memesys Culture Lab,Zain Memon,7.4,2.9,
Grimm World,Good to go! (license granted: 2024-11-21),(Web published),Raoul Schaupp,7.5,3.2,
Empire: TCG,Good to go! (license granted: 2024-11-12),(Self-Published),,10.0,0.0,
Maquis,Good to go! (license granted: 2024-11-05),Side Room Games,Jake Staines,7.5,2.2,maquis
Black Sonata,Good to go! (license granted: 2024-11-05),Side Room Games,John Kean,7.5,2.1,blacksonatakean
Endeavor: Deep Sea,Good to go! (license granted: 2024-10-28),Grand Gamers Guild,"Carl de Visser, Jarratt Gray",8.2,2.9,endeavordeepsea
Caf&eacute; Baras,Good to go! (license granted: 2024-10-28),Kids Table BG,Roberta Taylor,7.3,2.0,
Maki Master,Good to go! (license granted: 2024-10-28),Kids Table BG,"Josh Cappel, Adam Gertzbein",7.2,1.5,
Decatur,Good to go! (license granted: 2024-10-28),Radio Tapir LLC,,7.5,3.0,
Legends Odyssey,Good to go! (license granted: 2024-10-28),Juicy Games,Mike Muraz,8.3,0.0,
Vampire Nights,Good to go! (license granted: 2024-10-14),Ludolux,David Ausloos,6.8,2.0,
Craftin' Race,Good to go! (license granted: 2024-10-14),(Web published),Raul Portales,6.5,2.0,
Ubongo,Good to go! (license granted: 2024-10-10),KOSMOS,Grzegorz Rejchtman,6.7,1.5,ubongo
18RoyalGorge,Good to go! (license granted: 2024-10-07),18Wood,"Kayla Ross, Denman Scofield",7.2,3.4,eighteenroyalgorgerailsoffremont
Hellbringer,Good to go! (license granted: 2024-09-27),Les &Eacute;ditions Smash,Maxime Gauthier,8.8,2.6,
Black Metro,Good to go! (license granted: 2024-09-19),Absolute Ascendancy,Emesh De Zoysa,7.0,3.5,
Vak!,Good to go! (license granted: 2024-09-19),(Self-Published),,9.0,0.0,
Valkyries,Good to go! (license granted: 2024-09-16),Tranjis Games,"C&eacute;sar G&oacute;mez Bernardino, Paz Navarro Moreno",7.3,1.5,
1846: The Race for the Midwest,Good to go! (license granted: 2024-09-05),GMT Games,Thomas Lehmann,7.9,4.0,eighteenfortysixtheraceforthemid
Evenfall,Good to go! (license granted: 2024-09-05),Nanox Games,Stefano Di Silvio,7.6,3.1,
Raising Robots,Good to go! (license granted: 2024-09-05),Nauvoo Games,"Brett Sobol, Seth Van Orden",7.7,3.2,raisingrobotsbw
Inheritors,Good to go! (license granted: 2024-09-05),North Star Games,"Jeffrey CCH, Kenneth YWN",7.0,2.0,inheritors
Farms Race,Good to go! (license granted: 2024-09-05),Medium Brow Games,"Daniel Dranove, Tom Weiner",7.5,2.3,
Campeones: Oliver y Benji &ndash; El juego de cartas,Good to go! (license granted: 2024-09-05),PIF GAMES,Pablo M. Pe&oacute;n,7.0,1.8,campeones
The Fog: Escape from Paradise,Good to go! (license granted: 2024-09-05),XOLLOX Games,Robert M&uuml;ller-Reinwarth,7.4,2.3,
Pent-Up,Good to go! (license granted: 2024-09-05),nestorgames,N&eacute;stor Romeral Andr&eacute;s,7.3,2.0,
Counterplays,Good to go! (license granted: 2024-09-05),nestorgames,N&eacute;stor Romeral Andr&eacute;s,7.3,0.0,
Real Queen,Good to go! (license granted: 2024-09-05),Real Trade Italia,Leonardo Catano,7.5,3.0,
Stack-22,Good to go! (license granted: 2024-09-05),nestorgames,N&eacute;stor Romeral Andr&eacute;s,7.4,0.0,
Thalamus,Good to go! (license granted: 2024-09-05),(Self-Published),Dan Honeyball,6.5,0.0,
Warriors of Legend,Good to go! (license granted: 2024-09-05),(Self-Published),,9.0,0.0,
BattleCON: Devastation of Indines,Good to go! (license granted: 2024-08-13),Level 99 Games,"D. Brad Talton, Jr.",7.8,3.1,battlecondemo
Fall,Good to go! (license granted: 2024-08-09),Little Rocket Games,Giampaolo Razzino,7.3,2.2,
Don Quixote: The Ingenious Hidalgo,Good to go! (license granted: 2024-08-08),Llamascape Games,Andrea La Rosa,6.8,1.8,
CastleScape,Good to go! (license granted: 2024-08-05),Praetorian Board Games,Josh Horsley,7.5,2.1,
Crash &amp; Grab,Good to go! (license granted: 2024-07-25),Pull the Pin Games,"Brian Henk, Clayton Skancke",5.6,0.0,crashandgrab
TAIJI,Good to go! (license granted: 2024-07-24),nestorgames,N&eacute;stor Romeral Andr&eacute;s,6.4,2.1,taiji
OMEGA,Good to go! (license granted: 2024-07-24),nestorgames,N&eacute;stor Romeral Andr&eacute;s,7.1,3.5,
SEVEN,Good to go! (license granted: 2024-07-24),nestorgames,N&eacute;stor Romeral Andr&eacute;s,7.3,2.0,
TAILITS,Good to go! (license granted: 2024-07-24),nestorgames,Grant Fikes,7.5,0.0,
Deep Regrets,Good to go! (license granted: 2024-07-18),Tettix Games,Judson Cowan,7.3,2.3,deepregrets
Aloha Pioha,Good to go! (license granted: 2024-07-11),Primigenio,"Isra C., Shei S.",6.4,1.2,alohapioha
Joan of Arc: Orl&eacute;ans Draw &amp; Write,Good to go! (license granted: 2024-07-09),dlp games,"Ryan Hendrickson, Reiner Stockhausen",7.2,2.4,joanofarc
"The Good, the Bad and the Goat",Good to go! (license granted: 2024-07-09),Grok Games,S&eacute;rgio Halaban,7.0,2.0,thegoodthebadandthegoat
Trouble on the Tempus,Good to go! (license granted: 2024-07-09),(Self-Published),Kristian Mitchell-Dolby,8.7,2.5,
Rise to Glory,Good to go! (license granted: 2024-07-09),(Unpublished),Amaury Laporte,10.0,0.0,
Unique Units,Good to go! (license granted: 2024-07-09),(Self-Published),,8.0,2.0,
Fossilis,Good to go! (license granted: 2024-06-20),Kids Table BG,David Alberto Diaz,7.0,2.3,
Power Plants,Good to go! (license granted: 2024-06-20),Kids Table BG,Adam E. Daulton,7.1,2.5,bainewedlockpowerplants
Picky Eaters,Good to go! (license granted: 2024-06-20),Le Fou,"Tanya Basu, Avi Setton",6.7,1.6,
Арідник (Aridnyk),Good to go! (license granted: 2024-06-20),boardova,"Volodymyr Kuznietsov, Andrii Yanovskiy",8.5,2.3,
The Copper Trickster,Good to go! (license granted: 2024-06-20),Samba Estudios,Alex Pena,7.1,2.0,
War of Beasts,Good to go! (license granted: 2024-06-20),Charper Edge LLC,Thomas Charpentier,6.4,0.0,
Monsters Club,Good to go! (license granted: 2024-06-20),Bad Luck Games,Alexandre Droit,8.0,0.0,
Siberian Manhunt,Good to go! (license granted: 2024-06-11),Dangerous Games O&Uuml;,Jesse Eyer,8.3,2.8,
Deep River,Good to go! (license granted: 2024-06-11),Laboludic,"Jonathan Favre-Godal, Corentin Lebrat",6.1,2.0,
Haunt the House,Good to go! (license granted: 2024-06-05),Kids Table BG,"Josh Cappel, Helaina Cappel",6.7,2.0,
Furmation of Rome,Good to go! (license granted: 2024-06-05),nPips Games,Poon Jon,6.4,1.0,
Dinky Dungeon,Good to go! (license granted: 2024-06-05),Jelly Jelly Games,"Shun Taguchi, Aya Taguchi",0.0,0.0,
CHAINS Disc Golf Board Game,Good to go! (license granted: 2024-05-23),Whatz Games,Callum Lothbrook-Mathers,7.5,2.0,
Titanomachina,Good to go! (license granted: 2024-05-23),Octopodi Games,Robert J. Wood,10.0,0.0,
Counter Chaos,Good to go! (license granted: 2024-05-23),(Self-Published),,8.0,0.0,
Chase,Good to go! (license granted: 2024-05-23),Neron Games,"Sophia Neron, Antoine Sorel Neron",0.0,0.0,
Wishland,Good to go! (license granted: 2024-05-14),Lost Games Entertainment Ltd.,Carlos Mich&aacute;n Amado,7.2,2.5,
"Gulf, Mobile &amp; Ohio",Good to go! (license granted: 2024-04-25),Rio Grande Games,John Bohrer,7.1,2.8,
Nestlings,Good to go! (license granted: 2024-04-25),Tangerine Games,Brandon Ohmie,6.7,2.4,nestlingst
Rollway Station,Good to go! (license granted: 2024-04-25),(Web published),Kendall McKenzie,7.2,2.4,
Ocean Pods,Good to go! (license granted: 2024-04-25),Molinarius Games Ltd,Lee Miller,6.1,1.4,
Earth Gambit: Light,Good to go! (license granted: 2024-04-25),Honest Quarks Games,Liana Manukyan,5.9,2.0,testliii
A Day at the Beach,Good to go! (license granted: 2024-04-25),Standard Games,Todd Meierhans,8.9,2.0,
Auction Land!,Good to go! (license granted: 2024-04-25),Stuff By Bez,"Doruk Kicikoglu, Bez Shahriari",7.8,0.0,auctionland
Win or Die,Good to go! (license granted: 2024-04-25),Whales Entertainment,Chongyan Wang (CY),7.9,4.0,
Potions of Azerland,Good to go! (license granted: 2024-04-11),Warped Reality Games,Grayden Baker,7.0,2.7,potionsofazerland
Snapshot: Wildlife Photographer,Good to go! (license granted: 2024-04-11),Paper Boat Games,"Marcos Avlonitis, Richard Caves, Martin Daine",7.2,2.0,
Bouquet,Good to go! (license granted: 2024-04-11),Rough Draft Games,"Garrett Lively, Thomas Yungerberg",8.2,0.0,
Pioneer Rails,Good to go! (license granted: 2024-03-28),Dranda Games,"Jeffrey D. Allers, Matthew Dunstan",7.1,1.9,
Mons And Mages,Good to go! (license granted: 2024-03-28),(Self-Published),Thinh Lehuu,7.4,3.0,monandmagic
Nataterra,Good to go! (license granted: 2024-03-28),(Self-Published),Amir Kamal,8.7,3.0,
Vedrf&ouml;lnir,Good to go! (license granted: 2024-03-28),U Token 2 Me,MARTIN &quot;U Token 2 Me&quot; Pierre,6.8,2.7,
I Quit!,Good to go! (license granted: 2024-03-28),(Self-Published),Knut Erik Raan&aelig;s,10.0,0.0,
Agony Aunt,Good to go! (license granted: 2024-03-27),(Web published),David Parlett,7.1,0.0,agonyaunt
Master of Respect,Good to go! (license granted: 2024-03-08),Hobby Japan,Kentaro Yazawa (矢沢 賢太郎),7.1,2.3,
Fall of Lumen,Good to go! (license granted: 2024-03-08),Twoid Games,,7.7,3.7,
Micro Midgard,Good to go! (license granted: 2024-03-08),Prometheus Game Labs,Ben Downton,5.9,2.0,micromidgard
Shrinkopolis,Good to go! (license granted: 2024-03-08),(Self-Published),Ondra Sekanina,7.2,2.3,
Prison: Can you escape?,Good to go! (license granted: 2024-03-08),(Self-Published),,10.0,0.0,
Hydro Soakers,Good to go! (license granted: 2024-03-08),Upsize Fun,,8.0,2.0,
Seven Kingdoms,Good to go! (license granted: 2024-03-08),(Web published),"Stefano Ancillai, Simone Ancillai",10.0,0.0,
Layer Puzzle,Good to go! (license granted: 2024-02-23),(Self-Published),"libon, van",7.1,1.3,
Tape l'&eacute;tape,Good to go! (license granted: 2024-02-23),(Self-Published),,7.1,0.0,
Burgle Bros 2: The Casino Capers,Good to go! (license granted: 2024-02-15),Fowers Games,"Tim Fowers, Jeff Krause",7.3,2.5,burglebroscasinocapers
Maize Craze,Good to go! (license granted: 2024-02-15),One Day West Games,"Bob Craig, Ryan Craig",7.9,0.0,
Dark Horizons Mechanized Corps,Good to go! (license granted: 2024-02-15),Max Gaming Technologies,"Edward Gardner, Adrian Wright",9.8,3.0,
Oathen,Good to go! (license granted: 2024-02-15),Seeking Heroes,Jason Luedeking,9.4,0.0,
Highway 375,Good to go! (license granted: 2024-02-15),Cosmic Garage,James Churchill,8.0,0.0,
Golfie,Good to go! (license granted: 2024-02-12),Unigoat Edition,Jimmy Dorion,7.0,1.1,
Yukon Airways,Good to go! (license granted: 2024-01-26),Ludonova,Al Leduc,7.3,2.8,yukonairways
Getaway Driver,Good to go! (license granted: 2024-01-24),Uproarious Games,Jeff Beck (II),6.5,2.5,
Wok and Roll,Good to go! (license granted: 2024-01-24),Origame,Daryl Chow,7.1,1.9,woknroll
Diam,Good to go! (license granted: 2024-01-24),Ferti,"Alain Couchot, Bernard Klein",6.2,2.1,
Wok and Roll: The Korean Wave,Good to go! (license granted: 2024-01-24),Origame,Daryl Chow,7.8,2.0,
Boba Life,Good to go! (license granted: 2024-01-24),Musoka Studio,Pascal Bernard,5.8,1.0,
Temerity,Good to go! (license granted: 2024-01-24),Zero Rank Acquisition,Daniel Zulauf,7.8,0.0,
Versailles Request,Good to go! (license granted: 2024-01-24),Musoka Studio,Pascal Bernard,9.0,0.0,
Ping-pong,Good to go! (license granted: 2024-01-24),(Web published),Gilbert FINIDORI,0.0,0.0,
Plague Inc.: The Board Game,Good to go! (license granted: 2024-01-23),Ndemic Creations,James Vaughan,7.4,2.1,plagueincbga
Bruxelles 1893: Belle &Eacute;poque,Good to go! (license granted: 2024-01-23),Geek Attitude Games,Etienne Espreman,7.9,3.4,bruxellestwo
Plantopia: The Card Game,Good to go! (license granted: 2024-01-23),Origame,Daryl Chow,6.7,1.9,tgmplantopia
Rainforest City,Good to go! (license granted: 2024-01-23),Origame,Daryl Chow,7.2,2.2,
Scarce,Good to go! (license granted: 2024-01-23),Todys Games,Kim Jansson,8.2,0.0,
Politica Mexicana,Good to go! (license granted: 2024-01-23),(Unpublished),,4.4,0.0,
Nine Men's Morris Evolution,Good to go! (license granted: 2024-01-23),(Web published),,0.0,0.0,
Land vs Sea,Good to go! (license granted: 2024-01-09),Good Games Publishing,Jon-Paul Jacques,7.1,1.7,landvssea
Combo Fighter: Plotmaker Edition &ndash; Pack 1,Good to go! (license granted: 2023-12-20),Plotmaker Games,Asger Johansen,7.6,2.0,combofighter
Combo Fighter: Plotmaker Edition &ndash; Pack 2,Good to go! (license granted: 2023-12-20),Plotmaker Games,Asger Johansen,8.0,2.0,
Combo Fighter: Plotmaker Edition &ndash; Pack 3,Good to go! (license granted: 2023-12-20),Plotmaker Games,Asger Johansen,8.1,0.0,
Elven Throne,Good to go! (license granted: 2023-12-20),MiraiX Games,Danilo Vasconcellos Vargas,10.0,0.0,
Kingless,Good to go! (license granted: 2023-12-12),Two19,"Nathan Brown, Alex Kenworthy-Neale, Sebastian Roberts",7.4,2.0,
The Queen's New Capital,Good to go! (license granted: 2023-12-04),Esper.Games,Rodrigo Esper,6.2,3.0,
Cuzco,Good to go! (license granted: 2023-11-29),Super Meeple,"Michael Kiesling, Wolfgang Kramer",7.4,2.6,
Empyreal: Spells &amp; Steam,Good to go! (license granted: 2023-11-27),Level 99 Games,Trey Chambers,7.4,2.9,
Master Of Innuendo,Good to go! (license granted: 2023-11-27),(Self-Published),,0.0,0.0,
Hair of the Dog,Good to go! (license granted: 2023-11-16),Cherry Picked Games,Alexander Jerabek,6.0,2.0,
Pantheon,Good to go! (license granted: 2023-11-15),LittleHouse Boardgames,"LittleHouse Boardgames Design Studio, David Heras Pino",6.8,2.5,
Power City Arena,Good to go! (license granted: 2023-11-15),(Self-Published),,0.0,0.0,
Ibyron: Island of Discovery,Good to go! (license granted: 2023-11-09),Ropearoni Games,"Scott Nelson, Anna-Marie Nelson",7.5,3.3,
Theme Park Mania,Good to go! (license granted: 2023-10-24),Meeple Master,"Gertjan Ekkel, Susan Ekkel",5.6,2.0,
Ark: Awakening,Good to go! (license granted: 2023-10-24),Skyport Games,Zharko Lozanoski,7.0,3.9,
Beetle to the Bubble,Good to go! (license granted: 2023-10-24),H-Town Games,Jeroen Geenen,7.2,2.0,
Autocracy,Good to go! (license granted: 2023-10-24),(Self-Published),,0.0,0.0,
Nano Battle: Epic Mini Figure Combat,Good to go! (license granted: 2023-10-16),Rad Plastic Studio,Tony Robles,10.0,2.0,
Ko-An,Good to go! (license granted: 2023-09-28),Image Games,"David Welch, Paul Whitehorn",6.7,3.0,
Kemet: Blood and Sand,Good to go! (license granted: 2023-09-25),Matagot,"Jacques Bariot, Guillaume Montiage",7.9,3.2,kemetlaser
Alpenglow,Good to go! (license granted: 2023-09-15),Waterworks Games,Sean Wittmeyer,7.0,2.9,
Silver,Good to go! (license granted: 2023-09-01),"B&amp;amp;amp;eacute;zier Games, Inc.",Ted Alspach,7.0,1.8,"silver, silveramulet"
Age of Galaxy,Good to go! (license granted: 2023-09-01),ICE Makes,Jeffrey CCH,7.6,3.1,ageofgalaxyazyrth
Dice Fishing: Roll and Catch,Good to go! (license granted: 2023-09-01),Homosapiens Lab,Satoru Nakamura (中村聡),6.5,1.2,
La B&ecirc;te,Good to go! (license granted: 2023-09-01),Multivers,Charlec Couronnaud,7.4,2.4,thebeast
Tavern Masters,Good to go! (license granted: 2023-09-01),Dann Kriss Games,Dann Kriss,6.8,2.0,
Big Easy Busking,Good to go! (license granted: 2023-09-01),Weird Giraffe Games,Joshua J Mills,6.5,2.0,
Chroma Mix,Good to go! (license granted: 2023-09-01),Jayzee Games,Jorge Zhang,7.2,2.0,
The Perfect Wave,Good to go! (license granted: 2023-09-01),The Op,"Jason Mowery, Chase Williams",6.9,2.0,
Quartz: O Jogo de Cartas,Good to go! (license granted: 2023-09-01),Grok Games,S&eacute;rgio Halaban,7.3,1.3,quartzojogodecartas
"Run Animals, Run!",Good to go! (license granted: 2023-09-01),Mizo Games,Chih-Fan Chen,5.8,1.8,
Best Candy on the Block: Rewrapped,Good to go! (license granted: 2023-09-01),Baron Jon Games,Jon Barron,6.2,1.3,
Cthulhu: The Great Old One &ndash; Deluxe Edition,Good to go! (license granted: 2023-09-01),Dann Kriss Games,Dann Kriss,5.9,2.0,
Sixpence Bakery,Good to go! (license granted: 2023-09-01),Dann Kriss Games,Dann Kriss,6.1,1.0,
Safari Turbo,Good to go! (license granted: 2023-09-01),Tarancon Board Games,Omar Tarancon,6.8,2.0,
Siege Command,Good to go! (license granted: 2023-09-01),Outland Entertainment,Ryan Collins,8.4,2.0,
Business As Usual,Good to go! (license granted: 2023-09-01),Jeebsy Games,,9.0,3.0,
Base Roll,Good to go! (license granted: 2023-09-01),(Self-Published),John Pelico III,7.6,0.0,
Two Degrees,Good to go! (license granted: 2023-09-01),(Self-Published),Jeremy Tags Tarpey,7.5,2.0,
Hackers,Good to go! (license granted: 2023-09-01),B4UDW3RK5,cat K.,8.0,0.0,
Aethermon: Collect,Good to go! (license granted: 2023-08-31),Aethermon Studios,"Christopher Ng, Sarah Whillier",6.6,1.3,
Nasty Neighbors,Good to go! (license granted: 2023-08-31),NASTOLA Games,Miroslav Garigov,6.0,1.0,
Cogs in a Machine,Good to go! (license granted: 2023-08-31),Cogs Team,Michael A. Hawker,5.8,2.0,
Plums for trash,Good to go! (license granted: 2023-08-31),NASTOLA Games,Miroslav Garigov,5.7,0.0,
Mythic Battles: Pantheon,Good to go! (license granted: 2023-08-08),Monolith Board Games,Benoit Vogt,8.3,3.1,
Animator vs Animation,Good to go! (license granted: 2023-08-07),iN&amp;amp;#039;sanity Games,Yo Leiten,8.8,1.3,
Monsters Party: Voodoo Madness,Good to go! (license granted: 2023-08-07),iN&amp;amp;#039;sanity Games,Yo Leiten,5.7,1.3,
Honey Buzz,Good to go! (license granted: 2023-07-26),Elf Creek Games,Paul Salomon,7.5,2.7,"honeybuzz, honeybuzzvue"
Zombie Bus,Good to go! (license granted: 2023-07-26),Sweet Games,Christophe Lauras,6.5,2.0,
Lakshadweep,Good to go! (license granted: 2023-07-26),Luma World,Sidhant Chand,8.0,2.1,
The Great Escape,Good to go! (license granted: 2023-07-26),Zadorf,John Grills,6.4,1.3,
This is Mine,Good to go! (license granted: 2023-07-26),Grok Games,S&eacute;rgio Halaban,7.4,1.0,
Nice to Know!: Animals,Good to go! (license granted: 2023-07-26),HOUF Games,"Ibrahim Halil Ciftci, Erdem Ocal",8.8,2.5,
Labyrinth: Paths of Destiny (Fourth Edition),Good to go! (license granted: 2023-07-26),StarHouse Games,"Kamil Matuszak, Mateusz Pronobis",7.3,2.0,
3 &amp; 4: The Game,Good to go! (license granted: 2023-07-26),(Unpublished),Angelo Alessandro Mazzotti,0.0,0.0,threeandfour
March of the Wicked Horde,Good to go! (license granted: 2023-07-26),(Self-Published),,0.0,3.0,
Grammar Girl's Peeve Wars,Good to go! (license granted: 2023-07-06),(Self-Published),"Mignon Fogarty, Joseph Kisenwether",4.0,0.0,
Square &amp; Compass,Good to go! (license granted: 2023-05-17),AaAa Studios,"Stephen Fitzgerald, Chris Siminski",9.9,3.0,
2020: The Board Game,Good to go! (license granted: 2023-05-17),(Self-Published),Irving Barcenas,10.0,2.0,
Sprout,Good to go! (license granted: 2023-05-17),(Self-Published),,6.9,2.0,
Election: A Game of Secret States,Good to go! (license granted: 2023-05-10),Cacaw Games LLC,Jared Eagle,10.0,0.0,
Tether,Good to go! (license granted: 2023-04-26),How To Steam Broccoli,Mark McGee,7.1,1.6,tethergame
Dual Gauge,Good to go! (license granted: 2023-04-26),Hollandspiele,Amabel Holland,7.1,2.8,dualgaugebg
Hunters of the Lost Creatures,Good to go! (license granted: 2023-04-26),Wonderbow Games,S&ouml;nke Schmidt,6.8,1.1,
Chess 2: The Sequel,Good to go! (license granted: 2023-04-26),Sirlin Games,David Sirlin,7.1,3.3,
Cosmic Chains,Good to go! (license granted: 2023-04-26),Siclen Studio,Dmitrii Gorbachev,7.4,2.3,
Rabbit vs Bondsman,Good to go! (license granted: 2023-04-26),(Self-Published),,8.0,0.0,
The Field of the Cloth of Gold,Good to go! (license granted: 2023-04-18),Hollandspiele,Amabel Holland,7.1,1.5,
Tokaido Duo,Good to go! (license granted: 2023-04-05),Funforge,Antoine Bauza,7.4,1.8,tokaidoduo
Namiji,Good to go! (license granted: 2023-03-28),Funforge,Antoine Bauza,7.1,1.7,namijirlb
Cursed Goblins,Good to go! (license granted: 2023-03-28),Goblin Box Games,,6.3,1.0,cursedgoblins
Zoocracy,Good to go! (license granted: 2023-03-21),Haas Games,Simon Haas,6.4,3.0,
Alveola: The City of Bees,Good to go! (license granted: 2023-03-21),Two Manta,Thomas Favreli&egrave;re,7.2,2.0,
Dinosaur Island,Good to go! (license granted: 2023-03-10),Pandasaurus Games,"Jonathan Gilmour, Brian Lewis",7.5,3.0,"dinoisland, dinosaurworld"
Brew,Good to go! (license granted: 2023-03-10),Pandasaurus Games,Stevo Torres,7.0,2.5,
Dinosaur World,Good to go! (license granted: 2023-03-10),Pandasaurus Games,"Brian Lewis, David McGregor, Marissa Misura",7.3,3.3,dinoworld
Hamlet: The Village Building Game,Good to go! (license granted: 2023-03-10),Mighty Boards,David Chircop,6.8,3.0,hamletthevillagebuildinggame
Cheese Thief,Good to go! (license granted: 2023-03-10),Jolly Thinkers,Dongxu Li,7.0,1.1,
Zoo King,Good to go! (license granted: 2023-03-10),Saratoga Toy &amp;amp; Game Co.,Evan Johnson (II),7.3,1.8,
Tang Hu Lu (冰糖葫芦),Good to go! (license granted: 2023-03-10),JOYPIE,Francesco Testini,5.4,1.0,tanghulu
Black Tie,Good to go! (license granted: 2023-03-10),Studio Ardia,Jared Tolley,8.8,2.0,
Arkanolodzy,Good to go! (license granted: 2023-03-10),Takoashi Games,Tomoki Motohashi,7.1,0.0,
Fish and Ships,Good to go! (license granted: 2023-03-10),OGS,Diego Manna,7.3,1.0,
Corrida do Ouro,Good to go! (license granted: 2023-03-10),Lucas Game Studio,Marcelo La Carreta,0.0,0.0,
Majesty Adventure,Good to go! (license granted: 2023-03-10),(Web published),,0.0,0.0,
Duck Duck Mousse,Good to go! (license granted: 2023-03-10),Yokay Games,Paul John Rudoi,0.0,0.0,
Wanyama,Good to go! (license granted: 2023-03-09),RMBC,Kamoto,7.7,0.0,
Atererozoic,Good to go! (license granted: 2023-03-07),Soso Studio,Tsai Huei-Chiang,5.0,0.0,
D&iacute;a de Playa,Good to go! (license granted: 2023-03-06),Pulga Escapista,Christian Bernhardt,7.5,1.4,
Paso del Brahm&aacute;n,Good to go! (license granted: 2023-03-06),Pulga Escapista,"David Sole, Juli&aacute;n Vecchione",7.9,2.0,
Deception: Murder in Hong Kong,Good to go! (license granted: 2023-02-22),Jolly Thinkers,Tobey Ho,7.4,1.6,deceptionmurder
Fort,Good to go! (license granted: 2023-02-22),Leder Games,Grant Rodiek,7.1,2.4,fort
Bye-Bye Black Sheep,Good to go! (license granted: 2023-02-22),Jolly Thinkers,Torsten Landsvogt,6.5,1.1,
Within Walls,Good to go! (license granted: 2023-02-22),InterHuman,Damir Debanic,6.9,2.7,
King of Spicey,Good to go! (license granted: 2023-02-22),(Self-Published),,0.0,0.0,
Feuds &amp; Favors,Good to go! (license granted: 2023-02-21),Convivial Games,(Uncredited),8.5,2.0,
The Island of Doctor Necreaux: Second Edition,Good to go! (license granted: 2023-02-10),Invisible City Productions,Jonathan Leistiko,6.0,2.0,
Wizard's Garden,Good to go! (license granted: 2023-02-08),XVgames,Tim Schutz,6.9,1.7,wizardsgarden
The Reckoners,Good to go! (license granted: 2023-01-19),Nauvoo Games,"Brett Sobol, Seth Van Orden",7.6,2.7,
GRES: Desfile,Good to go! (license granted: 2023-01-18),Pilgrim Designs,P&aacute;.&uacute;.l&uacute;,0.0,0.0,
World's Fair 1893,Good to go! (license granted: 2023-01-04),Renegade Game Studios,J. Alex Kevern,7.1,2.0,worldsfaireighteenninetythree
Gravwell: 2nd Edition,Good to go! (license granted: 2023-01-04),Renegade Game Studios,Corey Young,7.0,1.9,
Shaft,Good to go! (license granted: 2022-12-22),Turncoat Games,"Corin Elliott, Sam Murphy",8.0,2.0,
Unearth,Good to go! (license granted: 2022-12-21),Brotherwise Games,"Jason Harner, Matthew Ransom",6.8,1.9,"unearthar, unearthjc"
Blue Moon,Good to go! (license granted: 2022-12-20),(Unpublished),Dave Eng,7.5,0.0,
Clash of the Cards,Good to go! (license granted: 2022-12-09),Blue Wasatch Games,Justin Martin,6.5,1.5,
Rank Card Game,Good to go! (license granted: 2022-12-09),Blue Wasatch Games,,6.1,1.0,
Ripple,Good to go! (license granted: 2022-12-09),Blue Wasatch Games,,6.5,1.5,
Planet B,Good to go! (license granted: 2022-11-25),Hans im Gluck Verlags-GmbH,Johannes Natterer,7.2,3.2,
Treasure 'N Mutiny!,Good to go! (license granted: 2022-11-11),(Self-Published),Andrew Kuess,10.0,0.0,
Les 4 Vallees,Good to go! (license granted: 2022-11-11),Les Jeux du Lac,S&eacute;bastien Drillon,6.5,0.0,
Legacies,Good to go! (license granted: 2022-11-02),Brookspun Games,Jason Brooks,7.0,4.1,
The Legend of the Wendigo,Good to go! (license granted: 2022-10-26),Asmodee,Christian Lemay,5.9,1.0,
Asteriated Grail,Good to go! (license granted: 2022-10-26),上海一逸文化传播有限公司,,7.4,3.2,
Outer Gods and Interlopers,Good to go! (license granted: 2022-10-26),"Mothership Game Studios, LLC.",Rick Perez,10.0,0.0,
Blocks,Good to go! (license granted: 2022-10-11),(Self-Published),Yosef Barzilay,10.0,3.0,
Phantom Ink,Good to go! (license granted: 2022-09-26),Resonym,"Mary Flanagan, Max Seidman",7.4,1.2,phantominkgame
Mechanica,Good to go! (license granted: 2022-09-26),Resonym,"Mary Flanagan, Emma Hobday, Max Seidman",6.7,2.4,
Visitor in Blackwood Grove,Good to go! (license granted: 2022-09-26),Resonym,"Mary Flanagan, Max Seidman",6.2,1.4,visitorbg
Monarch,Good to go! (license granted: 2022-09-26),Resonym,"Mary Flanagan, Zara Downs, Max Seidman",6.7,1.7,
Big Time Hockey,Good to go! (license granted: 2022-09-26),(Self-Published),Andrew S. Fischer,10.0,0.0,
Canterbury,Good to go! (license granted: 2022-09-12),Quixotic Games,Andrew Parks,6.9,3.1,canterbury
Addio,Good to go! (license granted: 2022-09-02),(Web published),Harold Hump,7.3,2.0,
Flapjacks &amp; Sasquatches,Good to go! (license granted: 2022-08-24),Prolific Games,William Sininger,6.0,1.5,"flapjacksandsasquatches, flapjacksandsasquatchesrh"
Band of Brothers: Screaming Eagles,Good to go! (license granted: 2022-08-23),Worthington Games,Jim Krohn,7.7,2.8,bandofbrothers
Solar Sphere,Good to go! (license granted: 2022-08-22),Dranda Games,"Ayden Lowther, Simon Milburn",7.1,2.7,
MonstaTama,Good to go! (license granted: 2022-08-19),Devonian Interactions,Robert Durant,8.2,0.0,
Witch Hunt 1649: The Dregs of Days,Good to go! (license granted: 2022-08-19),(Self-Published),Martha McGill,0.0,0.0,
We're Sinking!,Good to go! (license granted: 2022-08-16),Ludamus Games,Joseph Frederick,7.2,2.3,weresinking
Zwergendorf,Good to go! (license granted: 2022-08-16),Skellig Games,Rita Modl,6.6,2.8,zwergendorf
Bullet&hearts;︎,Good to go! (license granted: 2022-07-22),Level 99 Games,Joshua Van Laningham,7.6,2.1,bulletar
Santorini: New York,Good to go! (license granted: 2022-07-22),Roxley,Gord!,6.9,1.9,
Catherine: The Cities of the Tsarina,Good to go! (license granted: 2022-07-22),Capstone Games,Johannes Schmidauer-K&ouml;nig,6.6,2.2,
Ragnarocks,Good to go! (license granted: 2022-07-22),Grey Fox Games,Gord!,7.0,1.9,
Electropolis,Good to go! (license granted: 2022-07-22),Homosapiens Lab,"Chang Yu Di, Wang Liang, Ku Chun Wei",7.3,2.4,
Legends of Void,Good to go! (license granted: 2022-07-22),Twoid Games,,7.8,4.1,
Fire &amp; Stone: Siege of Vienna 1683,Good to go! (license granted: 2022-07-22),Capstone Games,Robert DeLeskie,7.3,2.4,
Terakh: A Creative Strategy Game,Good to go! (license granted: 2022-07-22),StonePlay,"Akhil Patel, Terence Wong",5.9,2.4,
The Three Little Wolves,Good to go! (license granted: 2022-07-22),Taiwan Boardgame Design,"Poki Chen, Smoox Chen",6.5,2.0,
Heroes of the Shire,Good to go! (license granted: 2022-07-22),(Self-Published),,7.8,3.2,
Rogues to Riches,Good to go! (license granted: 2022-07-22),Grow Giant Games,Sam Fraser,8.3,1.7,
BIGFOOT: Roll &amp; Smash,Good to go! (license granted: 2022-07-22),"XYZ Game Labs, Inc","Rob Huber, Brendan Riley",6.1,2.0,
Quest: Awakening of Melior,Good to go! (license granted: 2022-07-22),Silent7Seven Games,Andrew Wilson (II),6.4,2.0,
Horror in the Library,Good to go! (license granted: 2022-07-22),Blue Donut Games,Marcus Pullen,6.9,2.0,
Monster Busters,Good to go! (license granted: 2022-07-22),Good Game Studio,Zong-Hua Yang (Bob),6.5,1.0,
Sea Shanties,Good to go! (license granted: 2022-07-22),Pleiades Games,Andrew X. Hunter,6.9,3.0,
Brand New Zoo,Good to go! (license granted: 2022-07-22),Bridge City Game Collective,Matt Antonich,8.6,1.0,
American Pandemic: The Party Card Game,Good to go! (license granted: 2022-07-22),(Self-Published),,5.7,2.0,
Acquisitions,Good to go! (license granted: 2022-07-22),BoardGameDesign.com,Lloyd Solon,8.0,0.0,
Racing Ogres,Good to go! (license granted: 2022-07-22),MoreThan6 Tabletop Games,,6.0,2.0,
Big Time Curling,Good to go! (license granted: 2022-07-22),(Web published),Andrew S. Fischer,0.0,0.0,
The Black Tail's Panda Slayer,Good to go! (license granted: 2022-07-22),(Self-Published),Inaba Watatsuki,0.0,0.0,
Digital Transformation Card Game,Good to go! (license granted: 2022-07-22),(Self-Published),Gregor Hopf,0.0,0.0,
The Last Veggie,Good to go! (license granted: 2022-07-22),Warm Up Entertainment LLC,,0.0,0.0,
What's My Word?,Good to go! (license granted: 2022-07-20),Eagle-Gryphon Games,Joli Quentin Kansil,7.1,2.1,
Velonimo,Good to go! (license granted: 2022-04-29),Studio Stratosph&egrave;res,Bruno Cathala,6.7,1.2,"velonimo, velonidarhf"
Flanx,Good to go! (license granted: 2022-04-29),Dionysos Games,Andreas Schleicher,6.2,1.4,
Gorgasali Battle Royale,Good to go! (license granted: 2022-04-29),BGERA games,"Tazo Giorgadze, Vakho Inoridze",6.9,2.3,
Lunatic,Good to go! (license granted: 2022-04-29),Dionysos Games,Andreas Schleicher,6.2,1.0,
My First Dragon Adventure,Good to go! (license granted: 2022-04-29),Jumping High Five Games,"Douglas Beech, Morgan Garrison-Trent",7.5,0.0,
Cholas,Good to go! (license granted: 2022-04-29),Mad4Fun Games,Madhu Sundar,6.1,2.0,
Growers and Showers,Good to go! (license granted: 2022-04-29),(Self-Published),,10.0,0.0,
Ephios,Good to go! (license granted: 2022-04-19),Disto studio,WaDri,6.9,1.7,
Feudum,Good to go! (license granted: 2022-04-06),Odd Bird Games,Mark K. Swanson,7.6,4.6,feudumproject
Pack the Essentials,Good to go! (license granted: 2022-04-06),(Self-Published),Jacqueline Atkins,6.6,1.5,
Squaring Circleville,Good to go! (license granted: 2022-03-31),Spielworxx,Matt Wolfe,7.1,3.1,
Wicked &amp; Wise,Good to go! (license granted: 2022-03-31),Weird Giraffe Games,Fertessa Allyse,6.7,2.4,
Way Too Many Cats!,Good to go! (license granted: 2022-03-31),Weird Giraffe Games,Carla Kopp,6.5,2.0,
Wreck Raiders,Good to go! (license granted: 2022-03-09),Kids Table BG,"Tim W. K. Brown, Josh Cappel",7.3,2.4,
Lord of the Chords,Good to go! (license granted: 2022-03-09),Lord of the Chords LLP,"Jonathan Ng, Phang Jun Yu, Keith Teo",6.0,3.0,
ExeCUTEtion,Good to go! (license granted: 2022-03-07),Nomich Games,Noah Johnson,6.5,1.5,
VITA MORS,Good to go! (license granted: 2022-03-04),Play With Us Design (玩聚設計),Shi Chen,6.8,2.0,
Cheers,Good to go! (license granted: 2022-03-04),Play With Us Design (玩聚設計),Shi Chen,5.8,1.5,
Animania,Good to go! (license granted: 2022-03-04),Play With Us Design (玩聚設計),Ke-Chen Hsu,6.8,1.5,
Onikuma,Good to go! (license granted: 2022-03-02),Blue Box Game Designs,"Tom Cox, Joel Kennedy",9.5,0.0,
Age of Comics: The Golden Years,Good to go! (license granted: 2022-03-01),Lirius Games,"Giacomo Cimini, S&oacute;nia Gon&ccedil;alves",7.3,2.6,ageofcomics
Roll Camera!: The Filmmaking Board Game,Good to go! (license granted: 2022-02-17),Keen Bean Studio,Malachi Ray Rempen,7.4,2.2,rollcamerathefilmmakingboardgame
Planecrafters,Good to go! (license granted: 2022-02-17),Paisley Board Games,"Andrew Bosley, Michael Patience",6.7,1.4,
Althing,Good to go! (license granted: 2022-02-17),Studio Twin Games,Flavien Champenois,6.8,2.5,
Beasty Borders,Good to go! (license granted: 2022-02-17),Cwali,"Peter Joustra, Corn&eacute; van Moorsel",6.2,1.0,
2nd Best!,Good to go! (license granted: 2022-02-17),Jelly Jelly Games,Daikichi (ダイキチ),6.5,1.5,
Orchards: The Card Game,Good to go! (license granted: 2022-02-17),Flying Carpet Games,Tom Harvey,4.5,2.0,
Triomph,Good to go! (license granted: 2022-02-17),(Self-Published),Sven Anderson,6.7,0.0,
CovidParty!,Good to go! (license granted: 2022-02-17),(Self-Published),"Alexis Bombezin--Domino, Camil Haroune",9.8,3.0,
Ruthless Conquest,Good to go! (license granted: 2022-02-17),(Self-Published),Muhammed Amjad,7.0,2.0,
Dragon's Path,Good to go! (license granted: 2022-02-14),Dal Tenda,"Giacomo Lazzerini, Gabriele Palomba",7.3,1.0,dragonspathlazze
Lords of Scotland,Good to go! (license granted: 2022-01-12),Z-Man Games,Richard James,6.8,1.9,
Dictopia,Good to go! (license granted: 2022-01-12),Subverti,Jeremy Partinico,7.3,1.4,dictopiareborn
Regnum Angelica,Good to go! (license granted: 2022-01-12),Black Locust Games,"Casey Willett, Aaron Yung",6.6,2.5,
GoCaine,Good to go! (license granted: 2022-01-11),Kharitago Games Inc.,Richard Nguyen-Marshall,7.6,3.0,
Magistrar: Duel of the Mages,Good to go! (license granted: 2021-12-20),SPIEL DAS! Verlag,Robert Heller,6.7,2.0,
NEUE HELDEN ... braucht das Land,Good to go! (license granted: 2021-12-20),SPIEL DAS! Verlag,Robert Heller,6.7,1.2,
Der Tr&ouml;tofanten-Zirkus,Good to go! (license granted: 2021-12-20),SPIEL DAS! Verlag,Robert Heller,6.4,1.0,
Dungeon Duel,Good to go! (license granted: 2021-12-17),Good Game Studio,Zong-Hua Yang (Bob),7.3,2.3,
Bad Bones,Good to go! (license granted: 2021-12-15),Sit Down,David Flies,6.7,2.1,
Ostium,Good to go! (license granted: 2021-12-08),Lacerta,"Marek Buczyński, Wojciech Szewczuk",7.1,2.8,
Heroes of Normandie,Good to go! (license granted: 2021-11-23),IELLO,Yann and Clem,7.4,2.7,
Death Path,Good to go! (license granted: 2021-11-22),Zlurpcast Studios,"Bryan Mitchell, Jonathan Peletis",8.4,0.0,
Crash Tackle Rugby Board Game,Good to go! (license granted: 2021-11-09),(Self-Published),Marco Fuini,7.7,2.5,
KAWA: A Game About Flow,Good to go! (license granted: 2021-11-08),The Aerie Games,"Andre Hui, John Neufeld, Brandon Ong, Russell Wee",6.4,2.0,"kawapigeon, kawa"
The Square Ring,Good to go! (license granted: 2021-11-08),(Self-Published),Rama Reddy,9.3,2.0,
Omen,Good to go! (license granted: 2021-10-28),(Self-Published),,9.2,2.5,
Noir,Good to go! (license granted: 2021-10-28),(Self-Published),İsmail Y&uuml;ksel,7.4,2.0,
Urto,Good to go! (license granted: 2021-10-28),(Self-Published),"Julien Conseil, Quentin Muller",7.0,0.0,
Welcome to Sysifus Corp,Good to go! (license granted: 2021-10-12),(Self-Published),Wonmin Lee,7.6,2.0,sysifuscorp
Dice of Crowns,Good to go! (license granted: 2021-10-11),Thing 12 Games,"Sean Epperson, Brander &quot;Badger&quot; Roullett",6.4,1.1,
Overlords of Infamy,Good to go! (license granted: 2021-10-11),Obscure Reference Games,"Christian Olsen, David Zuckman",7.1,2.7,
Cocktail,Good to go! (license granted: 2021-10-11),Editorial SJS,Mat&iacute;as Castillo,8.3,1.3,
The Seals of Cthulhu,Good to go! (license granted: 2021-10-11),Thing 12 Games,Sean Epperson,6.2,2.0,
Dinosauria,Good to go! (license granted: 2021-09-27),Microgameo,William Kennedy,6.7,1.0,
King H&ugrave;ng Era,Good to go! (license granted: 2021-09-27),LeGroup Engineering LLC,Anhvu D Le,7.8,0.0,
Cerebria: The Inside World,Good to go! (license granted: 2021-09-22),Mindclash Games,"Richard Amann, Viktor Peter",7.7,4.3,
Successor,Good to go! (license granted: 2021-09-20),ICE Makes,"Jeffrey CCH, Kenneth YWN",6.0,3.0,
microMob,Good to go! (license granted: 2021-09-15),Nice Games,Marc Di Stefano,6.2,1.0,
Zeal,Good to go! (license granted: 2021-09-15),Nice Games,Marc Di Stefano,7.0,0.0,
Wig Masters,Good to go! (license granted: 2021-09-15),Nice Games,,7.9,0.0,
Zodiax,Good to go! (license granted: 2021-09-15),Nice Games,Marc Di Stefano,7.0,1.0,
Afternova,Good to go! (license granted: 2021-09-09),Road To Infamy Games (R2i Games),"Jeff Chin, Andrew Nerger",6.8,1.7,
Ribbons,Good to go! (license granted: 2021-09-09),Fun Plus Games,"Hsin-Ling, Yu (Livia Yu)",4.0,0.0,
Saboteur: The Duel,Good to go! (license granted: 2021-09-01),AMIGO Spiel - Freizeit GmbH,Fr&eacute;deric Moyersoen,6.0,1.3,saboteurtheduel
Dragons Wild,Good to go! (license granted: 2021-08-31),MKE Games,,7.0,1.0,
Шахматы Хаоса,Good to go! (license granted: 2021-08-24),Igrology,"Timofey Bokarev, Pierre Cl&eacute;quin, Bruno Faidutti",6.8,0.0,
OSIRIUM,Good to go! (license granted: 2021-08-13),404 on board,,6.0,1.7,
Mainland,Good to go! (license granted: 2021-08-12),(Self-Published),Martin Morissette,6.9,2.0,mainlandeg
Panic Mode!,Good to go! (license granted: 2021-08-04),(Self-Published),,6.7,0.0,
Conqueror: Final Conquest,Good to go! (license granted: 2021-08-03),Cation Arts,Mohamed Al Qadi,8.2,1.7,
Iro,Good to go! (license granted: 2021-08-03),(Self-Published),Khanat Sadomwattana,7.5,1.3,gameiro
Traders of Cardonia,Good to go! (license granted: 2021-08-03),Wooden Robot Games,Iffix Y. Santaph,0.0,0.0,
Winterhaven Woods,Good to go! (license granted: 2021-08-02),Featherstone Games,Joel Bodkin,6.7,1.6,
Devolution: Become a Supreme Leader for Life!,Good to go! (license granted: 2021-08-02),Taike Games,Jason Rye,8.6,0.0,
Going Further: Multiplayer edition,Good to go! (license granted: 2021-07-09),(Self-Published),Claudio Moratto,10.0,0.0,
I Am Death Now?,Good to go! (license granted: 2021-07-07),(Self-Published),Josh Jack Carl,6.1,1.0,
Splinter,Good to go! (license granted: 2021-07-06),(Self-Published),Ed Nadel,0.0,0.0,
Night Flight (Vol de nuit),Good to go! (license granted: 2021-07-01),404 on board,Louis-Arnaud Viard,7.3,2.3,
The Coding,Good to go! (license granted: 2021-07-01),(Self-Published),Vatcharis Thanomsub,7.7,2.0,
Clash of Armies: Medieval,Good to go! (license granted: 2021-06-30),Poncho Games Argentina,Pablo Guevara,7.6,2.3,clasofarmiesmedieval
Blitzkrieg!: World War Two in 20 Minutes,Good to go! (license granted: 2021-06-16),PSC Games,Paolo Mori,7.6,1.9,blitzkrieg
Kompromat,Good to go! (license granted: 2021-06-16),Helvetiq,"Rob Fisher, Adam Porter",7.1,1.5,kompromatbop
Town League Hockey,Good to go! (license granted: 2021-06-02),"The Game Crafter, LLC",Richard Slade Skinner,7.5,3.0,
Karnag,Good to go! (license granted: 2021-05-27),Sit Down,Pascal Cadot,6.5,3.4,
Veil Of Ruin,Good to go! (license granted: 2021-05-26),(Self-Published),,9.7,0.0,
Why You Lying!,Good to go! (license granted: 2021-05-21),X-Multiverse Entertainment Co Ltd,Jin Chiaki,6.7,1.0,
Pilfering Pandas,Good to go! (license granted: 2021-05-12),Wren Games,"Janice Turner, Stu Turner",5.7,2.0,
Topology,Good to go! (license granted: 2021-05-04),nestorgames,"Gerd Breitenbach, Markus Hagenauer",6.6,2.3,
Bias Effect: A game of cognitive combat,Good to go! (license granted: 2021-05-04),(Web published),"Ryan Paul Keller, Mitchell LeBlanc",10.0,0.0,
It Takes A Thief,Good to go! (license granted: 2021-05-04),Bored Life Games,Jeevan Arumugam,0.0,0.0,
Clash of Deck: Starter Kit,Good to go! (license granted: 2021-04-28),Grammes Edition,L&eacute;andre Proust,6.3,2.0,
Radiant: Offline Battle Arena,Good to go! (license granted: 2021-04-26),Heel Turn Games,Jack Murray,7.7,3.0,
Battle of GOG,Good to go! (license granted: 2021-04-26),(Self-Published),Vitali Minin,6.8,0.0,
Diddly,Good to go! (license granted: 2021-04-26),(Self-Published),Clint Corley,9.0,0.0,
Show Me Your Sound,Good to go! (license granted: 2021-04-16),GAT Game Studio,"Hope S. Hwang, Gary Kim, Yohan Goh",6.7,1.0,
Make Make,Good to go! (license granted: 2021-04-09),Circoctel,"P. A. Carlier B., P. Herrera, J. Mill&aacute;n Venegas",7.2,2.2,
Death of Liberty,Good to go! (license granted: 2021-04-07),"No Limit Games, Inc.",,0.0,0.0,
Paladins of the West Kingdom,Good to go! (license granted: 2021-04-01),Garphill Games,"Shem Phillips, S J Macdonald",8.0,3.7,"paladinsshipped, paladinsam, paladinstag"
Red Rising,Good to go! (license granted: 2021-04-01),Stonemaier Games,"Alexander Schmidt (II), Jamey Stegmaier",7.0,2.3,"redrisingsmiller, redrisingtemp"
Black Angel,Good to go! (license granted: 2021-04-01),Pearl Games,"S&eacute;bastien Dujardin, Xavier Georges, Alain Orban",7.2,3.9,
Discoveries: The Journals of Lewis and Clark,Good to go! (license granted: 2021-04-01),Ludonaute,C&eacute;drick Chaboussit,7.0,2.4,
Circadians: First Light,Good to go! (license granted: 2021-04-01),Garphill Games,S J Macdonald,7.5,3.4,"solarsphere, circadiansfirstlightse"
Solenia,Good to go! (license granted: 2021-04-01),Pearl Games,S&eacute;bastien Dujardin,7.0,2.2,
Space Gate Odyssey,Good to go! (license granted: 2021-04-01),Ludonaute,C&eacute;dric Lefebvre,6.9,2.8,
High Rise,Good to go! (license granted: 2021-04-01),Formal Ferret Games,Gil Hova,7.2,2.9,
The Rival Networks,Good to go! (license granted: 2021-04-01),Formal Ferret Games,Gil Hova,6.7,2.3,
Star Clicker,Good to go! (license granted: 2021-04-01),Ludonaute,Christophe Raimbault,6.9,1.8,
The Networks,Good to go! (license granted: 2021-03-31),Formal Ferret Games,Gil Hova,7.1,2.6,thenetworkspcb
Limite limite,Good to go! (license granted: 2021-03-31),Limite Limite,,5.2,1.0,limitelimitebga
Carroll County Cake Swap,Good to go! (license granted: 2021-03-29),Jealous Cat Games,David Sensenig,7.8,1.0,
Sweet Spot,Good to go! (license granted: 2021-03-24),Medieval Lords,Dominic Michael H.,6.9,1.5,
Foibles,Good to go! (license granted: 2021-03-24),(Unpublished),,10.0,1.0,
Darkness Comes Rattling,Good to go! (license granted: 2021-03-17),Wyrd Miniatures,"M. Crawford, A. Darland, J. Gibbs, D. Hanold, K.Wilson",6.6,3.1,
Men of the Sword,Good to go! (license granted: 2021-03-17),(Self-Published),Simon Whitworth,9.5,0.0,
Salem 1692,Good to go! (license granted: 2021-03-12),Facade Games,Travis Hancock,7.1,2.1,
Deadwood 1876,Good to go! (license granted: 2021-03-12),Facade Games,Travis Hancock,6.6,1.9,
Trophies,Good to go! (license granted: 2021-03-12),Facade Games,"Travis Hancock, Holly Hancock",6.7,1.0,
Expo 1906,Good to go! (license granted: 2021-03-12),Gotha Games,"Remo Conzadori, Nestore Mangone",6.8,3.2,
Mathul8,Good to go! (license granted: 2021-03-03),Achbor Games,Matt Tubbs,10.0,1.0,
Creed,Good to go! (license granted: 2021-03-02),Hangom Games,Jae-Hyung Cho,7.3,2.6,
Burning Rome,Good to go! (license granted: 2021-03-01),SunTzuGames,Emil Larsen,6.5,1.8,
Cats' Warfare,Good to go! (license granted: 2021-02-23),(Self-Published),"Jordi del Rio, Jordi Ribas",9.3,1.0,
King's Eye,Good to go! (license granted: 2021-02-19),(Self-Published),"(Uncredited), Kevin Schlereth",0.0,0.0,
The Last Bottle of Rum,Good to go! (license granted: 2021-02-16),Lord Raccoon Games,Quentin Vernet,7.2,1.9,
Air Master,Good to go! (license granted: 2021-02-15),(Self-Published),Stephen Betts,6.0,0.0,
Evolution: Climate,Good to go! (license granted: 2021-02-05),North Star Games,"Dominic Crapuchettes, Dmitry Knorre, Sergey Machin",7.4,2.7,newevolutionclimate
Oceans,Good to go! (license granted: 2021-02-05),North Star Games,"Nick Bentley, Dominic Crapuchettes, Ben Goldman, Brian O'Neill",7.4,2.9,"oceansbysnail, oceansnorthstar"
Say Anything,Good to go! (license granted: 2021-02-05),North Star Games,"Dominic Crapuchettes, Satish Pillalamarri",6.7,1.1,sayanything
Karmaka,Good to go! (license granted: 2021-02-02),Hemisphere Games,"Eddy Boxerman, Dave Burke",6.5,1.9,"karmaka, karmakamyzuno"
Dwarven Dice,Good to go! (license granted: 2021-02-02),Goshen Hill Games,Nick Culpin,7.0,1.0,
Euronimoes,Good to go! (license granted: 2021-02-01),(Web published),Dave Ross,7.7,2.0,
Chai: Tea for 2,Good to go! (license granted: 2021-01-28),Steeped Games,"Dan Kazmaier, Connie Kazmaier",3.7,2.7,
Kovas,Good to go! (license granted: 2021-01-26),Whoa Worthy Games,Michael Orion,10.0,3.0,
Wild State: The Game of American Power Grab,Good to go! (license granted: 2021-01-25),"Wild Board Games, Inc.",,0.0,0.0,
Cult of the Deep,Good to go! (license granted: 2021-01-12),B.A. Games,Sam Stockton,6.7,2.7,
Monster Highway,Good to go! (license granted: 2021-01-07),One Day West Games,"Bob Craig, Ryan Craig",7.6,2.5,monsterhwy
Techno Bowl: Arcade Football Unplugged,Good to go! (license granted: 2021-01-04),Bombshell Games,Brent Spivey,8.5,2.8,
Unknown,Good to go! (license granted: 2021-01-04),Rob and Dave Games,"Robert Cutter, Dave Schroeder (II)",7.5,3.1,
Reboot,Good to go! (license granted: 2021-01-04),BGN,"Anatchai Chinsuvapala, Supakit Chapoom",7.1,2.3,
Battleborn Legacy,Good to go! (license granted: 2020-12-30),"Silverleaf Games, LLC","Eric Bartlett, John R. Hughes (II)",7.8,2.5,
Dead Things: The Zombie Boardgame (Third Edition),Good to go! (license granted: 2020-12-28),Blue Panther,DM Fitzgerald,6.0,2.0,
Equinox,Good to go! (license granted: 2020-12-13),Asmadi Games,Jason Boomer,6.5,1.9,
Globe Twister,Good to go! (license granted: 2020-12-10),Act in games,Richard Champion,6.1,1.7,
10 Dice,Good to go! (license granted: 2020-12-10),Act in games,"Yves Hirschfeld, Thierry Saeys",6.4,1.0,
Revelations,Good to go! (license granted: 2020-12-10),Act in games,Vincent Bidault,6.4,1.0,
Feelinks (Second Edition),Good to go! (license granted: 2020-12-10),Act in games,"Vincent Bidault, Jean-Louis Roubira",6.9,1.0,
Belaad: The Land of Swords and Quills,Good to go! (license granted: 2020-12-09),Islima Games,Ehsan Nazarzadeh,7.6,2.5,
Pentagame,Good to go! (license granted: 2020-12-08),(Self-Published),Jan Suchanek,6.9,3.3,
Find It &amp; Bind It,Good to go! (license granted: 2020-12-08),Cray Cray Games,"Phil Cartagena, Josh DeGregorio",7.8,1.4,
On the Underground: London/Berlin,Good to go! (license granted: 2020-12-07),LudiCreations,Sebastian Bleasdale,7.2,2.3,
Colour MY Kritters,Good to go! (license granted: 2020-11-25),Simplicatus Games,J&oslash;rgen Brunborg-N&aelig;ss,7.4,0.0,
"Air, Land &amp; Sea",Good to go! (license granted: 2020-11-24),Arcane Wonders,Jon Perry,7.4,1.7,"airlandseamg, mgairlandsea, airlandseafermeaux"
Sherwood Bandits,Good to go! (license granted: 2020-11-20),Ludus Magnus Studio,Luca Ricci,6.5,2.0,
Summon the Dragon,Good to go! (license granted: 2020-11-16),Xenith Creativity Co.,Stephen Claude Smith,6.3,2.0,
Panic Station,Good to go! (license granted: 2020-11-10),White Goblin Games,David Ausloos,6.0,2.3,
Tekhenu: Obelisk of the Sun,Good to go! (license granted: 2020-11-06),Board and Dice,"Daniele Tascini, D&aacute;vid Turczi",7.7,4.1,tekhenuoots
Tawantinsuyu: The Inca Empire,Good to go! (license granted: 2020-11-06),Board and Dice,D&aacute;vid Turczi,7.4,4.1,
Pollen,Good to go! (license granted: 2020-11-04),Jeux Opla,Alexandre Droit,5.7,1.8,pollen
Plotalot,Good to go! (license granted: 2020-11-03),Moonstone Games,Gemma Newton,6.8,2.0,
Imalya,Good to go! (license granted: 2020-11-03),Argyx Games,Mathias Daval,0.0,0.0,
The LOOP,Good to go! (license granted: 2020-11-02),Catch Up Games,"Maxime Rambourg, Th&eacute;o Rivi&egrave;re",7.7,2.8,"theloop, effortless"
Wild Space,Good to go! (license granted: 2020-11-02),Catch Up Games,Joachim Th&ocirc;me,7.1,2.1,"wildspace, wildspacetii"
Pharaon,Good to go! (license granted: 2020-10-30),Catch Up Games,"Henri Pym, Sylas",7.4,2.7,
Six Empires,Good to go! (license granted: 2020-10-30),(Self-Published),Adam Smith (II),9.2,0.0,
Twinkle,Good to go! (license granted: 2020-10-27),Verdes Innovations S.A. (V Games),Theodore Karvounis,6.9,1.9,twinkle
King Thief Minister,Good to go! (license granted: 2020-10-27),Reality game (Farbood Engareh),"Javad Abdyian, Mohammad Zarei, Reza Agharahimi, Sohrab Mostaghim",7.2,1.6,
Merkez,Good to go! (license granted: 2020-10-27),(Self-Published),Arif Nezih Savi,8.2,2.0,
RAMO,Good to go! (license granted: 2020-10-27),(Self-Published),Arif Nezih Savi,8.0,2.0,
Rising Empires,Good to go! (license granted: 2020-10-27),Mine Games,Rex Caffee,9.7,2.0,
Thieves' Dilemma,Good to go! (license granted: 2020-10-09),(Self-Published),Dave Fymbo,0.0,0.0,
Monkey Wrench: Deluxe Edition,Good to go! (license granted: 2020-10-06),"The Game Crafter, LLC",,10.0,0.0,
Yacht Rock,Good to go! (license granted: 2020-10-02),Funko Games,Prospero Hall,5.6,1.3,"yachtrock, babyyachtrock"
School of Sorcery,Good to go! (license granted: 2020-10-01),Dr. Finn's Games,Steve Finn,6.5,1.9,
Space Dinos,Good to go! (license granted: 2020-09-28),Paodle Games,Kathi Sjostrom,7.1,2.0,
Cooper Island,Good to go! (license granted: 2020-09-25),Frosted Games,Andreas &quot;ode.&quot; Odendahl,7.6,4.2,
Bruxelles 1897,Good to go! (license granted: 2020-09-18),Geek Attitude Games,Etienne Espreman,7.1,2.9,
Not Alone: Sanctuary,Good to go! (license granted: 2020-09-18),Geek Attitude Games,Ghislain Masson,7.5,3.0,notalonesanctuary
Wild Cards,Good to go! (license granted: 2020-09-18),Board Game Circus,Ferdinand Schnitzler,6.3,1.3,wildcards
Iron Pirate: The Swashbuckling Train Race,Good to go! (license granted: 2020-09-15),RNS Games,"Ross Burton, Niall Kissick",0.0,0.0,
Fringers,Good to go! (license granted: 2020-09-14),ABACUSSPIELE,"Asger Harding Granerud, Daniel Skjold Pedersen",4.8,0.0,
Immortality,Good to go! (license granted: 2020-09-14),Immortal Gaming,Nicki Lloyd,6.7,1.0,
Castle Von Loghan,Good to go! (license granted: 2020-09-12),Underground Games GbR,"Paul Toderas, Eric Beevis, Mihnea Dragoman, Jan Wagner",7.5,2.5,
World War 5,Good to go! (license granted: 2020-08-31),Looney Labs,Andrew Looney,6.3,1.6,worldwarfive
Reign Absolute,Good to go! (license granted: 2020-08-31),Adam Walker Studio,Adam Walker (II),8.1,1.5,
Six Shooter,Good to go! (license granted: 2020-08-31),Crystal Tower Games,,4.7,0.0,
Midnight Murder Mysteries (Second Edition),Good to go! (license granted: 2020-08-24),Multifaces Editions,Alain Luttringer,7.9,2.8,
Castello Methoni,Good to go! (license granted: 2020-08-21),Mandoo Games,Leo Colovini,6.7,2.3,
Axiom,Good to go! (license granted: 2020-08-17),Lumicube,Michael Seal,6.9,2.9,axiom
True Messiah,Good to go! (license granted: 2020-08-17),Sinister Design,Craig Stern,7.1,3.3,
Yedo: Deluxe Master Set,Good to go! (license granted: 2020-08-06),Board and Dice,"Thomas Vande Ginste, Wolf Plancke",7.9,3.2,
Vilar de Mouros,Good to go! (license granted: 2020-08-06),Surprise &amp; Expectation,Fernando Zamith,8.1,1.0,
Unicorn Fever,Good to go! (license granted: 2020-07-31),Horrible Games,"Lorenzo Silva, Lorenzo Tucci Sorrentino",7.0,2.3,
Vampire: The Masquerade &ndash; Vendetta,Good to go! (license granted: 2020-07-31),Horrible Games,"Charlie Cleveland, Bruno Faidutti",7.2,2.7,
&iquest;Qui&eacute;n quiere ser presidente?,Good to go! (license granted: 2020-07-27),&iquest;Qui&eacute;n quiere ser presidente?,Nicol&aacute;s Mart&iacute;nez S&aacute;ez,7.5,2.7,
Rolling Realms,Good to go! (license granted: 2020-07-21),Stonemaier Games,Jamey Stegmaier,7.1,2.0,rollingrealmsdc
Vivarium,Good to go! (license granted: 2020-07-21),Tanemaki Designs,Corey Le Mesurier,6.8,3.9,
Strain,Good to go! (license granted: 2020-07-16),HungryRobot,Avrom Tobias,5.5,2.2,
Janken Deck,Good to go! (license granted: 2020-07-16),(Self-Published),Jeffrey Daymont,7.2,0.0,
King's Keys deck,Good to go! (license granted: 2020-07-16),(Self-Published),Jeffrey Daymont,3.5,0.0,
Cờ ngũ h&agrave;nh,Good to go! (license granted: 2020-07-16),(Self-Published),,10.0,0.0,
Manaforge,Good to go! (license granted: 2020-07-10),"Mystic Tiger Games, LLC",Bryan Kline,7.1,2.8,
Journey Into The Beyond,Good to go! (license granted: 2020-07-05),(Self-Published),,8.2,3.7,
Trickerion: Legends of Illusion,Good to go! (license granted: 2020-06-26),Mindclash Games,"Richard Amann, Viktor Peter",8.0,4.3,"trickerionlegendsofillusion, trickerionjurica"
The Game of 49,Good to go! (license granted: 2020-06-19),Breaking Games,Mark Corsey,6.3,1.6,thegameoffortynine
Dumpster Fire,Good to go! (license granted: 2020-06-05),Dumpster Fire Games,"Michael Zimmerman, Gregory Neumann",7.4,1.0,
Chicken Heist,Good to go! (license granted: 2020-06-03),Fourtato Games Inc.,"JC Cheuk, Nathan Ngai, Newton Tse, Simpson Siu",6.8,2.1,
Foe Hunters,Good to go! (license granted: 2020-06-03),Spellforge Games,Larry Lembcke,6.3,2.5,
Color Dash,Good to go! (license granted: 2020-06-03),Jelly Games,,0.0,0.0,
Romans Go Home!,Good to go! (license granted: 2020-05-28),Lui-m&ecirc;me,Eric B. Vogel,5.9,1.2,
Shazamm!,Good to go! (license granted: 2020-05-28),Lui-m&ecirc;me,"Fran&ccedil;ois Bruel, Philippe des Palli&egrave;res",6.2,1.9,
Who is going to do the dishes?,Good to go! (license granted: 2020-05-28),Lui-m&ecirc;me,"Philippe des Palli&egrave;res, D. Jacob&eacute;e, P. Pillet",5.7,1.3,
Zwergen Ziehen (Oh ! Les nains),Good to go! (license granted: 2020-05-28),Lui-m&ecirc;me,Philippe des Palli&egrave;res,5.7,1.1,
Cauldron: Bubble and Boil,Good to go! (license granted: 2020-05-28),Magic Circle Games,Robert Booth,7.3,2.5,
Kemet,Good to go! (license granted: 2020-05-26),Matagot,"Jacques Bariot, Guillaume Montiage",7.6,3.0,"kemetvgamalyan, kemet"
Fresco,Good to go! (license granted: 2020-05-22),Queen Games,"Wolfgang Panning, Marco Ruskowski, Marcel S&uuml;&szlig;elbeck",7.2,2.6,frescofresh
Thebes,Good to go! (license granted: 2020-05-22),Queen Games,Peter Prinz,7.1,2.2,thebesqueen
Merlin,Good to go! (license granted: 2020-05-22),Queen Games,"Stefan Feld, Michael Rieneck",7.1,3.1,bgmerlin
Treasure Hunter,Good to go! (license granted: 2020-05-22),Queen Games,Richard Garfield,6.7,1.9,
Rune Stones,Good to go! (license granted: 2020-05-22),Queen Games,R&uuml;diger Dorn,7.2,2.3,runestonesgame
Show Manager,Good to go! (license granted: 2020-05-22),Queen Games,Dirk Henn,7.0,2.1,showmgr
Pioneers,Good to go! (license granted: 2020-05-22),Queen Games,Emanuele Ornella,7.0,2.3,
Franchise,Good to go! (license granted: 2020-05-22),Queen Games,Christwart Conrad,7.0,2.4,
Afrikaland,Good to go! (license granted: 2020-05-22),Lenge Gerle,Komz&aacute;k Adrienn,6.3,1.0,
Paupers' Ladder,Good to go! (license granted: 2020-05-20),Bedsit Games,Paul Stapleton,7.8,2.2,
Walls: Race Through a Changing Maze,Good to go! (license granted: 2020-05-20),So Way Totally Awesome Games,Dustin Fausett,6.1,1.7,
Miyav!,Good to go! (license granted: 2020-05-18),(Self-Published),Arif Nezih Savi,7.8,2.0,lpmiyav
Buddha,Good to go! (license granted: 2020-05-18),(Web published),Arif Nezih Savi,9.0,2.3,
Entropia: The Game,Good to go! (license granted: 2020-05-16),Zerofun Boardgames,"Damiano Spagnolo, Leonardo Zonta",6.1,1.5,
Zombology,Good to go! (license granted: 2020-05-16),Eurydice Games,Jackson Pope,6.7,0.0,
Pocket Innovation,Good to go! (license granted: 2020-05-16),(Web published),Erik Hong,7.9,2.0,
Bears!,Good to go! (license granted: 2020-05-05),Fireside Games,Anne-Marie De Witt,5.7,1.0,"mubears, newbears"
"Here, Kitty, Kitty!",Good to go! (license granted: 2020-05-05),Fireside Games,Kris McCardel Ware,6.2,1.2,
Dastardly Dirigibles,Good to go! (license granted: 2020-05-05),Fireside Games,Justin De Witt,6.4,1.6,
Grackles,Good to go! (license granted: 2020-05-05),Fireside Games,"Sarah Graybill, John Shulters",6.2,1.5,
Piratas!,Good to go! (license granted: 2020-05-04),Geeks N&amp;amp;#039; Orcs,"Pedro Sales, Renato Sim&otilde;es",6.6,1.2,
The Great Fire of London 1666,Good to go! (license granted: 2020-05-02),Medusa Games,Richard Denning,6.5,2.6,
Welcome to Dino World,Good to go! (license granted: 2020-04-30),Alley Cat Games,"James O'Connor, Nick Shaw, D&aacute;vid Turczi",6.7,2.4,
Ruthless,Good to go! (license granted: 2020-04-30),Alley Cat Games,Roland MacDonald,7.0,2.2,
Plunderbund,Good to go! (license granted: 2020-04-30),HutChu Enterprises LLC,"Adam Chunn, Woody Hutsell",6.8,2.8,
Pocket Pharma,Good to go! (license granted: 2020-04-30),Alley Cat Games,"Brett J. Gilbert, Chu-Lan Kao",6.4,1.8,
Captain Sonar,Good to go! (license granted: 2020-04-28),Matagot,"Roberto Fraga, Yohan Lemonnier",7.5,2.2,
Dice Town,Good to go! (license granted: 2020-04-28),Matagot,"Bruno Cathala, Ludovic Maublanc",6.9,1.7,dicetownrobin
Nevada City,Good to go! (license granted: 2020-04-28),Rio Grande Games,Alan D. Ernstein,7.1,3.5,
Beta Colony,Good to go! (license granted: 2020-04-28),Rio Grande Games,"Ben Pinchback, Matt Riddle",6.6,2.6,
Musical Chairs,Good to go! (license granted: 2020-04-28),Rio Grande Games,Kelly North Adams,6.5,2.0,
Imagician,Good to go! (license granted: 2020-04-21),BLAM !,Olivier Mahy,6.7,1.0,
Sea of Nadia,Good to go! (license granted: 2020-04-20),Maclay&amp;#039;s Games,Alex Maklai,8.4,2.5,
Clear the Decks!,Good to go! (license granted: 2020-04-18),(Self-Published),Chris Pinyan,6.6,2.3,
Gridlock: Boston,Good to go! (license granted: 2020-04-18),(Self-Published),Justin Richer,6.0,0.0,
Trade War: Pacific Front,Good to go! (license granted: 2020-04-18),Fun Financial Games,Raul Souza,0.0,0.0,
Conspiracy: The Solomon Gambit,Good to go! (license granted: 2020-04-16),Restoration Games,"Rob Daviau, JR Honeycutt, Justin D. Jacobson, Eric Solomon",6.6,2.3,
Evil High Priest,Good to go! (license granted: 2020-04-15),Petersen Games,"Lincoln Petersen, Sandy Petersen",7.0,2.7,
Periorbis,Good to go! (license granted: 2020-04-15),Perihelion Games,"Jase Allan, Dave Morton, Gareth Newton-Williams",6.5,3.7,periorbis
Warlords of Ravenna,Good to go! (license granted: 2020-04-14),(Self-Published),,10.0,0.0,
Dwellings of Eldervale,We love this game! But we don't have the license yet.,"(if you are interested, please see at the top of the page how to request the license from the publisher)",,,,"Breaking Games	Luke Laurie	8.1	3.2, dwelingsofeldervale"
Rise of Tribes,Good to go! (license granted: 2020-04-13),Breaking Games,Brad Brooks,7.1,2.2,
Asking for Trobils,Good to go! (license granted: 2020-04-13),Breaking Games,"Erin McDonald, Christian Strain",7.0,2.0,
Expancity,Good to go! (license granted: 2020-04-13),Breaking Games,Alex Cutler,6.9,2.0,
The King's Abbey,Good to go! (license granted: 2020-04-13),Breaking Games,Randy Rathert,6.9,3.3,
Sparkle*Kitty,Good to go! (license granted: 2020-04-13),Breaking Games,Manny Vega,6.3,1.0,
Boomtown Bandits,Good to go! (license granted: 2020-04-13),Breaking Games,Isaac Epp,6.4,1.8,
Pocket Dungeon Quest,Good to go! (license granted: 2020-04-13),Breaking Games,Jeff Dehut,5.7,1.3,
Can't Catch Harry,Good to go! (license granted: 2020-04-13),Breaking Games,James Rallison,5.2,1.4,
Circular Reasoning: The Well of Power,Good to go! (license granted: 2020-04-13),Breaking Games,"Tomer Braff, Edward Stevenson",6.5,2.3,
Convert,Good to go! (license granted: 2020-04-13),Breaking Games,Ian Reed,6.7,2.1,
Game of Phones,Good to go! (license granted: 2020-04-13),Breaking Games,"Luke Stern, Sam Wander",5.2,1.0,
MoonQuake Escape,Good to go! (license granted: 2020-04-13),Breaking Games,Jeff Johnston (II),6.4,1.8,
Master Thief,Good to go! (license granted: 2020-04-13),Breaking Games,"Jacob Parr, Jake Spencer",6.3,2.0,
4 the Birds,Good to go! (license granted: 2020-04-13),Breaking Games,Steve Ewoldt,5.8,1.2,
The Stars Align,Good to go! (license granted: 2020-04-13),Breaking Games,"Sean Fenemore, Matt Radcliffe",7.0,1.0,
Sparkle*Kitty Nights,Good to go! (license granted: 2020-04-13),Breaking Games,Manny Vega,7.3,1.5,
Aura,Good to go! (license granted: 2020-04-13),Breaking Games,Michael Orion,6.4,1.7,
Keep Calm,Good to go! (license granted: 2020-04-13),Breaking Games,"Doug Levandowski, Ivan Turner",5.2,1.0,
Stripes,Good to go! (license granted: 2020-04-13),Breaking Games,Maxine Ekl,6.6,2.0,
Order of Invention,Good to go! (license granted: 2020-04-13),Breaking Games,Tim W. K. Brown,6.3,0.0,
Xerxes,Good to go! (license granted: 2020-04-11),AlcyonCreative,"Harry Haralampidis, Lefteris Iroglidis",6.3,2.0,
Have At Thee,Good to go! (license granted: 2020-04-10),Forlorn Hope Games,"Dave Skidmore, Richard D Williams",5.6,2.0,
Dream: Dreams and Nightmares,Good to go! (license granted: 2020-04-10),Little Rocket Games,Giampaolo Razzino,7.6,2.0,
Omerta,Good to go! (license granted: 2020-04-09),Helvetiq,"Adrien Dumont, Timoth&eacute;e Rignault",7.1,1.3,omerta
Numpty,Good to go! (license granted: 2020-04-08),Numpty Games,,6.1,0.0,
"Unmatched: Battle of Legends, Volume One",We love this game! But we don't have the license yet.,"(if you are interested, please see at the top of the page how to request the license from the publisher)",,,,"Restoration Games	Rob Daviau, JR Honeycutt, Justin D. Jacobson	7.7	1.9"
Lock 'n Load Tactical: Starter Kit,Good to go! (license granted: 2020-04-06),"Lock &amp; Load Publishing, LLC.","Ralph Ferrari, David Heath, Jeff Lewis",7.6,4.0,
Worldwide Football,Good to go! (license granted: 2020-04-05),Worldwide Games,Guillaume Luton,7.8,2.2,
HomeStretch,Good to go! (license granted: 2020-04-03),R&amp;amp;amp;R Games,Frank DiLorenzo,6.7,1.6,
Tides of War,Good to go! (license granted: 2020-04-03),(Self-Published),,9.0,0.0,
Cosmic Factory,Good to go! (license granted: 2020-04-01),Gigamic,Kane Klenko,6.8,1.9,
Kontour,Good to go! (license granted: 2020-04-01),Gigamic,Ignacio S&aacute;nchez Usera,6.4,1.0,
Mission Calaveras,Good to go! (license granted: 2020-04-01),Gigamic,Henri Kermarrec,5.9,2.0,
Draconis Invasion,Good to go! (license granted: 2020-03-31),KEJI Inc,Jeff Lai,7.1,2.4,
18EU,Good to go! (license granted: 2020-03-31),"Deep Thought Games, LLC",David G. D. Hecht,7.5,4.2,
Time Barons,Good to go! (license granted: 2020-03-26),Quibble Games,"Jon Perry, Derek Yu",7.7,2.4,
The Brigade,Good to go! (license granted: 2020-03-26),Red Genie Games,"Ben Hoban, Alex Wynnter",6.7,1.9,
Chai,Good to go! (license granted: 2020-03-25),Steeped Games,"Dan Kazmaier, Connie Kazmaier",6.7,1.7,
Petrichor,Good to go! (license granted: 2020-03-22),APE Games,David Chircop,6.9,3.0,petrichorbga
Spirits of the Rice Paddy,Good to go! (license granted: 2020-03-22),APE Games,Philip duBarry,6.7,3.1,
Rolling Freight,Good to go! (license granted: 2020-03-22),APE Games,Kevin G. Nunn,6.8,3.0,
The Great Dinosaur Rush,Good to go! (license granted: 2020-03-22),APE Games,Scott Almes,7.0,2.1,
Island Siege,Good to go! (license granted: 2020-03-22),APE Games,Dan Manfredini,6.7,1.9,
Пять Слов (Five Words),Good to go! (license granted: 2020-03-09),(Self-Published),,0.0,0.0,
Bosk,Good to go! (license granted: 2020-03-06),Floodgate Games,"Daryl Andrews, Erica Bouyouris",6.8,2.0,
Vault Wars,Good to go! (license granted: 2020-03-06),Floodgate Games,"Jonathan Gilmour, Ben Harkins",6.7,2.1,
Legacy: Gears of Time,Good to go! (license granted: 2020-03-06),Floodgate Games,Ben Harkins,6.9,2.8,
Epic Resort,Good to go! (license granted: 2020-03-06),Floodgate Games,Ben Harkins,6.4,2.5,
3 Laws of Robotics,Good to go! (license granted: 2020-03-06),Floodgate Games,Benjamin Kanelos,6.2,2.0,
Hellapagos,Good to go! (license granted: 2020-03-01),Gigamic,"Laurence Gamelin, Philippe Gamelin",6.6,1.3,"hellapagos, hellapagoscoop"
Terramara,Good to go! (license granted: 2020-02-28),Quined Games,"Acchittocca, F. Brasini, V. Gigli, S. Luperto, A. Tinto",7.3,3.4,terramara
Carson City,We love this game! But we don't have the license yet.,"(if you are interested, please see at the top of the page how to request the license from the publisher)",,,,Quined Games	Xavier Georges	7.2	3.2
Benediction,Good to go! (license granted: 2020-01-07),(Self-Published),Alek Erickson,7.6,0.0,
Push Fight,Good to go! (license granted: 2019-12-13),Brettco Inc.,Brett Picotte,7.3,2.6,
Soulbound,Good to go! (license granted: 2019-12-10),Paragon Studios MB,,10.0,4.0,
Rollecate,Good to go! (license granted: 2019-11-16),Gam&amp;#039;inBIZ,Michiel de Wit,6.2,1.5,rollecatemt
The Game of Gates,Good to go! (license granted: 2019-11-02),(Self-Published),,0.0,0.0,
Six,Good to go! (license granted: 2019-11-01),FoxMind,Steffen M&uuml;hlh&auml;user,6.3,1.6,
Last Mouse Lost,Good to go! (license granted: 2019-11-01),FoxMind,Theora Design,5.2,1.0,
First Class: All Aboard the Orient Express!,Good to go! (license granted: 2019-10-27),Hans im Gluck Verlags-GmbH,Helmut Ohley,7.4,2.8,firstclassaboard
Pantheon,Good to go! (license granted: 2019-10-27),Hans im Gluck Verlags-GmbH,Bernd Brunnhofer,6.7,2.8,
Lift Off,Good to go! (license granted: 2019-10-27),Hans im Gluck Verlags-GmbH,Jeroen Vandersteen,7.1,2.8,liftoff
Russian Railroads: American Railroads,Good to go! (license granted: 2019-10-27),Hans im Gluck Verlags-GmbH,"Helmut Ohley, Leonhard &quot;Lonny&quot; Orgler",8.0,3.4,
Race to the New Found Land,Good to go! (license granted: 2019-10-27),Hans im Gluck Verlags-GmbH,"Martin Kallenborn, Jochen Scherer",6.8,2.8,
Dungeon Lords,Good to go! (license granted: 2019-10-26),Czech Games Edition,Vlaada Chv&aacute;til,7.3,3.6,dungeonlordsnext
Last Will,We love this game! But we don't have the license yet.,"(if you are interested, please see at the top of the page how to request the license from the publisher)",,,,"Czech Games Edition	Vladim&iacute;r Such&yacute;	7.2	2.7, lastwillcge"
Pulsar 2849,We love this game! But we don't have the license yet.,"(if you are interested, please see at the top of the page how to request the license from the publisher)",,,,"Czech Games Edition	Vladim&iacute;r Such&yacute;	7.6	3.3, pulsaranson"
Adrenaline,Good to go! (license granted: 2019-10-26),Czech Games Edition,Filip Neduk,7.0,2.4,adrenalineyakker
Reef Encounter,Good to go! (license granted: 2019-10-26),Whats Your Game,Richard Breese,7.1,3.7,"reefen, re"
Vasco da Gama,Good to go! (license granted: 2019-10-26),Whats Your Game,Paolo Mori,7.2,3.2,vascodagama
Shipyard,We love this game! But we don't have the license yet.,"(if you are interested, please see at the top of the page how to request the license from the publisher)",,,,Czech Games Edition	Vladim&iacute;r Such&yacute;	7.3	3.5
The Prodigals Club,We love this game! But we don't have the license yet.,"(if you are interested, please see at the top of the page how to request the license from the publisher)",,,,Czech Games Edition	Vladim&iacute;r Such&yacute;	7.3	3.3
Railroad Revolution,Good to go! (license granted: 2019-10-26),Whats Your Game,"Marco Canetta, Stefania Niccolini",7.3,3.2,
OddVille,Good to go! (license granted: 2019-10-26),Whats Your Game,Carlo Lavezzi,6.7,2.3,
Ur,Good to go! (license granted: 2019-10-26),Whats Your Game,Paolo Mori,6.5,3.1,
Sneaks &amp; Snitches,Good to go! (license granted: 2019-10-26),Czech Games Edition,Vlaada Chv&aacute;til,6.3,1.4,"sneaksandsnitches, sneaksandsnitchesryandev, sneaksandsnitchescwmdev"
Asgard,Good to go! (license granted: 2019-10-26),Whats Your Game,Pierluca Zizzi,6.7,3.8,
Loot Island,Good to go! (license granted: 2019-10-26),Whats Your Game,Aaron Haag,6.5,2.4,
League of Six: Loyal Retinue,We love this game! But we don't have the license yet.,"(if you are interested, please see at the top of the page how to request the license from the publisher)",,,,Czech Games Edition	Vladim&iacute;r Such&yacute;	7.2	2.5
Railroad Revolution: Railroad Evolution,Good to go! (license granted: 2019-10-26),Whats Your Game,"Marco Canetta, Stefania Niccolini",8.2,3.6,
Progress: Evolution of Technology,Good to go! (license granted: 2019-10-25),NSKN Games,"Agnieszka Kopera, Andrei Novac",6.5,2.4,progressevolutionoftech
Forsaken Forest,Good to go! (license granted: 2019-10-24),Forsaken Games,Alec Nezin,6.6,2.7,
League of Six,We love this game! But we don't have the license yet.,"(if you are interested, please see at the top of the page how to request the license from the publisher)",,,,Czech Games Edition	Vladim&iacute;r Such&yacute;	6.8	2.9
"Good Dog, Bad Zombie",Good to go! (license granted: 2019-09-10),Make Big Things,"Evan Rowland, Brian Van Slyke",7.3,2.0,
Space Cats Fight Fascism,Good to go! (license granted: 2019-09-10),Toolbox for Education and Social Action,Brian Van Slyke,7.4,2.0,
Math Kings,Good to go! (license granted: 2019-05-21),(Self-Published),Faiz Ali,8.0,0.0,
The Oracle of Delphi,Good to go! (license granted: 2019-04-29),Hall Games,Stefan Feld,7.3,3.0,theoracleofdelphigzed
Somnium: Rise of Laputa,Good to go! (license granted: 2019-04-05),Zafty Games,Ryan Doffek,6.7,1.2,
Philosophia,Good to go! (license granted: 2019-03-29),(Self-Published),"Joseph N Adams, Madeleine Cole",6.7,2.8,
Imnia,Good to go! (license granted: 2019-02-22),BlackSea Interactive,"Stefan Calin, Liviu Pavlovici",7.7,3.4,
Gartenbau,Good to go! (license granted: 2019-01-07),Fisher Heaton Games,"David Abelson, Alex Johns",7.1,2.3,
Sixteen,Good to go! (license granted: 2018-12-19),Magic Bean,,6.8,1.0,
Tiny Epic Galaxies,We love this game! But we don't have the license yet.,"(if you are interested, please see at the top of the page how to request the license from the publisher)",,,,Gamelyn Games	Scott Almes	7.3	2.2
Archipelago,We love this game! But we don't have the license yet.,"(if you are interested, please see at the top of the page how to request the license from the publisher)",,,,Ludically	Christophe Boelinger	7.3	3.7
Myrmes,Good to go!,Ystari Games,Yoann Levet,7.3,3.5,mdg
Medieval Academy,We love this game! But we don't have the license yet.,"(if you are interested, please see at the top of the page how to request the license from the publisher)",,,,Blue Cocker Games	Nicolas Poncin	6.9	1.8
Pixel Tactics,Good to go!,Level 99 Games,"D. Brad Talton, Jr.",6.8,2.6,
ZhanGuo,Good to go!,Whats Your Game,"Marco Canetta, Stefania Niccolini",7.5,3.8,
Barony,We love this game! But we don't have the license yet.,"(if you are interested, please see at the top of the page how to request the license from the publisher)",,,,Matagot	Marc Andr&eacute;	7.1	2.3
Wooly Bully,We love this game! But we don't have the license yet.,"(if you are interested, please see at the top of the page how to request the license from the publisher)",,,,Amo Oy	Philippe des Palli&egrave;res	6.1	1.7
Timebomb,We love this game! But we don't have the license yet.,"(if you are interested, please see at the top of the page how to request the license from the publisher)",,,,Arclight	佐藤 雄介 (Yusuke Sato)	7.1	1.1
Julius Caesar,Good to go!,Columbia Games,"Grant Dalgliesh, Justin Thompson",7.8,2.5,
Three Kingdoms Redux,Good to go!,Capstone Games,"Yeo Keng Leong, Christina Ng Zhen Wei",7.8,4.0,"threekingdomsreduxosd, threekingdomsredux"
Colors of Paris,We love this game! But we don't have the license yet.,"(if you are interested, please see at the top of the page how to request the license from the publisher)",,,,Super Meeple	Nicolas De Oliveira	6.9	2.2
Dreamscape,Good to go!,Sylex,David Ausloos,7.3,3.1,
Keyflower: The Farmers,Good to go!,R D Games,"Sebastian Bleasdale, Richard Breese",7.8,3.3,
Gauntlet of Fools,We love this game! But we don't have the license yet.,"(if you are interested, please see at the top of the page how to request the license from the publisher)",,,,Indie Boards and Cards	Donald X. Vaccarino	6.0	1.5
Ek&ouml;,We love this game! But we don't have the license yet.,"(if you are interested, please see at the top of the page how to request the license from the publisher)",,,,Sit Down	Henri Kermarrec	6.8	2.6
Keyflower: The Merchants,Good to go!,R D Games,"Sebastian Bleasdale, Richard Breese",8.0,3.2,
Fealty,Good to go!,Asmadi Games,R. Eric Reuss,6.7,2.4,
Taverna,Good to go!,Geek Attitude Games,Karl Marcelle,6.2,2.7,
Secrets of the Lost Tomb,Good to go!,Everything Epic Games,"Christopher Batarlis, Jim Samartino",7.3,3.2,
Glastonbury,Good to go!,franjos Spieleverlag,G&uuml;nter Burkhardt,6.5,1.6,
Shinobi WAT-AAH!,Good to go!,Purple Brain Creations,Th&eacute;o Rivi&egrave;re,6.3,1.9,
Pixel Glory,Good to go!,Zafty Games,"Frank Alberts, Russell Ng",6.6,1.9,
Al Rashid,Good to go!,Yemaia,"Giorgio De Michele, Pierluca Zizzi",6.6,3.5,
Travelin',Good to go!,Mind Fitness Games,Eli Lester,6.8,1.3,travelinacrosseurope
Yōka&iuml; no Mori,We love this game! But we don't have the license yet.,"(if you are interested, please see at the top of the page how to request the license from the publisher)",,,,"Ferti	Japan Shogi Association, Madoka Kitao	6.9	2.3"
Charly,Good to go!,ABACUSSPIELE,Inon Kohn,5.8,1.3,
Crime Hotel,We love this game! But we don't have the license yet.,"(if you are interested, please see at the top of the page how to request the license from the publisher)",,,,Happy Baobab	Susumu Kawasaki	6.5	1.7
Project Dreamscape,Good to go!,Undine Studios,"Sarah Reed, Will Reed",6.5,1.8,
Gold Mine,Good to go!,Stratus Games,Chris James (I),5.8,1.4,
Steel Arena: Friday Night Robot Fight,Good to go!,GaGa Games,Yury Yamshchikov,6.7,2.4,
Goths Save The Queen,Good to go!,Sit Down,Vincent Bonnard,6.0,1.8,
Nonaga,We love this game! But we don't have the license yet.,"(if you are interested, please see at the top of the page how to request the license from the publisher)",,,,Gameland 游戏大陆	V&iacute;ktor Bautista i Roca	6.8	1.7
Dicium,We love this game! But we don't have the license yet.,"(if you are interested, please see at the top of the page how to request the license from the publisher)",,,,Geek Attitude Games	Joachim Th&ocirc;me	6.8	2.3
Helvetia Cup,Good to go!,Helvetia Games,"Frank Crittin, Gr&eacute;goire Largey",6.6,2.7,
Dino Twist,Good to go!,Bankiiiz Editions,Bertrand Arpino,6.3,1.8,
Dome Crushers,We love this game! But we don't have the license yet.,"(if you are interested, please see at the top of the page how to request the license from the publisher)",,,,"Floodgate Games	Tim Jesurun, Chris Jesurun	6.0	1.3"
Seven Sisters,Good to go!,Wishing Tree Games,Brad Champeny,6.7,2.4,
Million Club,Good to go!,Playad Games,Arnaud Ladagnous,6.0,2.3,
Unita,Good to go!,Helvetia Games,Steve Br&uuml;ck,5.3,2.6,
Bad Maps,We love this game! But we don't have the license yet.,"(if you are interested, please see at the top of the page how to request the license from the publisher)",,,,Floodgate Games	Tim Armstrong (II)	5.1	2.3
Ars Universalis,Good to go!,Meridiano 6,"Manuel D. Cruz D&iacute;az, Antonio J. Dionisio",7.0,2.2,
Blackrock City,Good to go!,Blackrock Games,Alain Ollier,5.3,1.9,
Goblin Dice,Good to go!,GaGa Games,Mikhail Bazylevich,5.7,1.5,
SecuenzooS,Good to go!,Blauberry,Roberto Pisonero Trapote,6.6,1.6,
The Lord of the P.I.G.S.,Good to go!,2Tomatoes,"&Aacute;lvaro Lerma, Jorge Rodriguez Samaniego",5.8,1.9,
RoboTroc,Good to go!,Main Cards,Cesare Mainardi,6.0,1.6,
3 Seeds: Reap Where You Sow,Good to go!,Chara Games,Anthony Buhr,5.8,1.5,
Neon Knights: 2086,Good to go!,BOARD TO DEATH,Luca Vince Caltabiano,6.4,2.5,
Hasp,Good to go!,Agie Games,"Dennis Kirps, Christian Kruchten",6.4,1.5,
Pi&egrave;ces Mont&eacute;eS,Good to go!,AllumetteS créations,Paul Guignard,6.0,2.0,
King's Ransom,Good to go!,Victory Point Games,Frank Zazanis,7.1,1.6,
boxes,Good to go!,Art of Games,Beno&icirc;t Remy,6.0,1.0,
Throne of the World,Good to go!,Good Game Studio,Zong-Hua Yang (Bob),6.9,2.0,
Warring Kingdom,Good to go!,(Self-Published),Harry Gao,7.4,3.0,
The Cookie 2.0,Good to go!,GaGa Games,Igor Videnkov,6.1,2.0,
ORIGINZ: The Superpowered Card Game,Good to go!,Flavor Faction Studio,,7.7,2.0,
Generalship: from the 4th century B.C. to the 19th century,Good to go!,Baccum Inc,"Sungwoo Hyun, Minwoo Hyun",6.1,4.0,
Sails to Steam,Good to go!,Roxley,Matt Tolman,7.1,4.0,
Journey Stones,Good to go!,Playford Games,Frank Zazanis,6.9,2.0,
Foundations,Good to go!,nestorgames,Emiliano &quot;Wentu&quot; Venturini,6.9,2.0,"foundations, foundationstest"
Button Bashers,Good to go!,Multi-Bit Games,Nate Moore,5.2,3.0,
Magical Square,Good to go!,(Web published),Gunhae Lee,7.0,0.0,
Rebonds,Good to go!,Zo&eacute; Yat&eacute;ka Cr&eacute;ations,"Jean-Luc Renaud, Andr&eacute;a Renaud",5.8,1.0,
Creekos: The Card Game,Good to go!,(Web published),Emmanuel Economakis,8.3,2.0,
Motora,Good to go!,Twisted Bit Games,Calum Taylor,7.0,3.0,
"Monarchs, Minions &amp; Mayhem!",Good to go!,Tri-Infinity Games,"William Arthur Hays, Jr.",7.5,2.0,
Reign of Nations,Good to go!,Absolute Dominion LLC,"Brian Egger, Ray George",6.6,4.0,
Hari,Good to go!,nestorgames,Emiliano &quot;Wentu&quot; Venturini,6.2,0.0,haritest
Ultrium Sphere: T&euml;ra-n&euml;va Sphere,Good to go!,AzaoGames,Nicolas Smeers,6.9,0.0,
All Your Base: Last Of Last &ndash; The Card Game,Good to go!,talcMedia Productions,Richard Roszko,10.0,0.0,
Ottonian Empire: The Struggle of Medieval Dynasties,Good to go!,Bison Games Inc,Dimitri N. Bugnolo,9.5,0.0,
Crazymino,Good to go!,1-2-3-Games &Eacute;ditions,Simon Armanini,7.0,0.0,
GBO Hawai'i,Good to go!,Green Business Owner,Katharina Broeckelmann,0.0,0.0,gbohawaii
