Title,Location,MinPlayers,MaxPlayers,Publisher,Year
"10 Days in Africa","12E",2,4,"Out of the Box Publishing",2003
"10 Days in Asia","12E",2,4,"Out of the Box Publishing",2007
"10 Days in Europe","12E",2,4,"Schmidt Spiele",2002
"10 Days in the Americas","12E",2,4,"Out of the Box Publishing",2010
"10 days in the National Parks","12E",2,4,"The Op Games",2025
"10 Days in the USA","PLAY TO WIN",2,4,"The Op Games",2003
"10 Days in the USA","PLAY TO WIN",2,4,"The Op Games",2003
"10 Days in the USA","12E",2,4,"Out of the Box Publishing",2003
"108 Outlaws","55C",1,5,"Origame",2025
"12 Chip Trick","54D",2,4,"Mandoo Games",2023
"12 Rivers","56D",2,4,"Good Games Publishing",2025
"12 Thieves","32D",2,4,"Queen Games",2006
"13 Clues","13A",2,6,"CMON Global Limited; DV Games",2018
"13 Dead End Drive","28E",2,4,"Milton Bradley",1993
"13 Words","31B",2,8,"Captain Games",2023
"14 Frantic Minutes","51D",1,4,"Crazy Like a Box",2023
"1754: Conquest – The French and Indian War","48D",2,4,"Academy Games Inc.",2017
"1775: Rebellion","48D",2,4,"Academy Games Inc.",2013
"18 India","49A",2,5,"GMT Games",2023
"1812: The Invasion of Canada","48D",2,5,"Academy Games Inc.",2012
"1830: Railways & Robber Barons","14A",2,7,"The Avalon Hill Game Co",1986
"1835","45D",3,7,"Hans im Glück",1990
"1846: The Race for the Midwest","49A",3,5,"GMT Games",2016
"1848: Australia","49A",3,6,"GMT Games",2007
"1862: Railway Mania in the Eastern Counties","49A",1,8,"GMT Games",2019
"18CZ","45D",2,6,"(Self-Published)",2017
"18Lilliput","40D",1,4,"Fox in the Box",2018
"1941: Race to Moscow","47C",1,4,"PHALANX",2022
"1944: Race to the Rhine","49D",1,3,"PHALANX",2014
"1960: The Making of the President","45E",2,2,"GMT Games",2007
"1960: The Making of the President","49A",2,2,"GMT Games",2007
"1980 Sixtina","52M",2,4,"Looping Games",2024
"1989: Dawn of Freedom","49A",2,2,"GMT Games",2012
"1st & Goal","39B",2,4,"R&R Games",2011
"1st & Goal: Mideast Division","60",R&R Games,60,"2011",Available
"1st & Goal: Midwest Division","60",R&R Games,60,"2011",Available
"1st & Goal: Northeast Division","60",R&R Games,60,"2011",Available
"1st & Goal: Northwest Division","60",R&R Games,60,"2011",Available
"1st & Goal: Southeast Division","60",R&R Games,60,"2011",Available
"1st & Goal: Southwest Division","60",R&R Games,60,"2011",Available
"2 de Mayo","36E",2,2,"Gen-X Games",2008
"20 Strong","53C",1,1,"Chip Theory Games",2023
"20th Century","45E",3,5,"Czech Games Edition",2010
"23 Knives","57A",3,8,"Play to Z",2025
"3 Ring Circus","PLAY TO WIN",1,4,"Devir Games",2023
"3 Ring Circus","PLAY TO WIN",1,4,"Devir Games",2023
"3 Ring Circus","4B",1,4,"Devir",2023
"3 Witches","59A",3,3,"Allplay",2025
"3-2-1 Countdown","PLAY TO WIN",2,8,"Grandpa Beck's Games",2025
"3-2-1 Countdown","52N",2,8,"Grandpa Beck's Games",2025
"3000 Scoundrels","24D",2,4,"Unexpected Games",2022
"5 Towers","45B",2,5,"Deep Print Games; Pegasus Spiele",2023
"5-Minute Dungeon","22A",2,5,"Wiggles 3D",2017
"5-Minute Mystery","13B",1,6,"Spin Master Ltd.; Wiggles 3D",2020
"51st State: Master Set","1E",1,4,"Portal Games",2016
"6 Castelos","29E",2,4,"PYTHAGORAS",2019
"7 Ages","17A",2,7,"Australian Design Group",2004
"7 Days of Westerplatte","40E",1,4,"G3",2013
"7 Empires","8C",2,6,"PD-Verlag; Rio Grande Games",2025
"7 Wonders","2C",2,7,"Repos Production",2010
"7 Wonders (Second Edition)","2C",3,7,"Repos Production",2020
"7 Wonders (Second Edition)","50E",3,7,"Repos Production",2020
"7 Wonders (Second Edition)","2C",3,7,"Repos Production",2020
"7 Wonders (Second Edition): Leaders","Base Box",3,7,"Repos Production",2021
"7 Wonders (Second Edition): Leaders","Base Box",3,7,"Repos Production",2021
"7 Wonders Dice","50C",2,7,"Repos Production",2025
"7 Wonders Dice","30",Repos Production,25,"2025",Available
"7 Wonders Duel","41C",2,2,"Repos Production",2015
"7 Wonders Duel","41C",2,2,"Repos Production",2015
"7 Wonders: Architects","2C",2,7,"Repos Production",2021
"7 Wonders: Architects","2C",2,7,"Repos Production",2021
"7 Wonders: Architects","50D",2,7,"Repos Production",2021
"878 Vikings: Invasions of England","48D",2,4,"Academy Games Inc.",2017
"878 Vikings: Invasions of England – Viking Age Expansion","48D",2,4,"Academy Games Inc.",2017
"8Bit Box","31E",3,6,"IELLO",2018
"9 Lives","59B",3,4,"Allplay",2025
"9 Lives","54F",3,4,"Allplay",2015
"A Brief History of the World","30C",3,6,"Ragnar Brothers",2009
"A Castle for All Seasons","30C",2,4,"eggertspiele",2008
"A Castle for All Seasons: Winter Cards","60",eggertspiele,60,"2008",Available
"A Distant Plain","49B",1,4,"GMT Games",2013
"A Fake Artist Goes to New York","54U",5,10,"Oink Games",2014
"A Feast for Odin","41D",1,4,"Feuerland Spiele",2016
"A Feast for Odin","41D",1,4,"Feuerland Spiele",2016
"A Feast for Odin: The Norwegians","120",Feuerland Spiele,30,"2018",Available
"A Few Acres of Snow","36D",2,2,"Treefrog Games",2011
"A Fistful of Meeples","24C",2,4,"Final Frontier Games",2019
"A Game of Thrones: The Board Game (Second Edition)","19C",3,6,"Fantasy Flight Games",2011
"A Game of Thrones: The Card Game (Second Edition)","44A",2,4,"Fantasy Flight Games",2015
"A Gentle Rain","54J",1,1,"Incredible Dream Studios",2024
"A Gest of Robin Hood","35E",2,2,"GMT Games",2024
"A Handful of Stars","1C",2,4,"Treefrog Games",2017
"A House Divided: The American Civil War, 1861-1865","36E",2,2,"Phalanx Games B.V.",2001
"A Message From The Stars","31A",2,8,"Allplay",2024
"A Message From The Stars","59D",2,8,"Allplay",2024
"A Midsummer Night's Fayre","5A",2,5,"Gamewright",2024
"A Place for All My Books","Hot Games",1,4,"Smirk & Dagger Games",2025
"A Sargasso Sea of Space","52O",3,12,"Petit Guignol LLC",2023
"A Study in Emerald (Second Edition)","1C",2,5,"Treefrog Games",2015
"A Universal Truth","32D",1,5,"Danger Toad Games",2022
"A War of Whispers","3D",2,4,"Starling Games (II)",2020
"A Wayfarer's Tale: The Journey Begins","Hot Games",1,4,"Wayfarer Games",2025
"A Wild Venture","56A",1,2,"PIKA Games",2025
"Abaddon","33E",2,4,"Toy Vault Inc.",2012
"Abandon All Artichokes","54I",2,4,"Gamewright",2020
"Abomination: The Heir of Frankenstein","9E",2,4,"Plaid Hat Games",2019
"Above and Below","4C",2,4,"Red Raven Games",2015
"Above and Below: Haunted","4C",2,4,"Red Raven Games",2025
"Abracadabra","53G",2,6,"DV Games; Mayfair Games",2004
"Abyss","5D",2,4,"Bombyx",2014
"Acquire","57B",2,6,"Avalon Hill",2024
"Acquire","20D",2,6,"Renegade Game Studios",2023
"Acquire","20D",2,6,"Renegade Game Studios",2023
"Adamastor","55A",1,1,"Ludonova",2025
"Adrenaline","3A",3,5,"Czech Games Edition",2016
"Adulthood","9B",1,4,"Brotherwise Games",2024
"Advanced Persistent Threat","19E",2,8,"(Self-Published)",2025
"Advanced Squad Leader: Starter Kit #1","49C",2,2,"Avalon Hill",2004
"Advanced Squad Leader: Starter Kit #2","49C",2,2,"Avalon Hill",2005
"Adventure Games: The Volcanic Island","52N",1,4,"KOSMOS",2020
"Adventure Land","6B",2,4,"HABA",2015
"Adventure of D","54I",1,4,"Jack Darwid Games",2010
"Adventure Party: The Role-Playing Party Game","PLAY TO WIN",3,8,"Smirk & Dagger Games",2024
"Adventure Party: The Role-Playing Party Game","PLAY TO WIN",3,8,"Smirk & Dagger Games",2024
"Adventure Tactics: Domianne's Tower","21E",1,5,"Letiman Games",2021
"Aelderman","8A",1,4,"Rockerl Games",2023
"Aeon Trespass: Odyssey","38B",1,4,"Into the Unknown",2022
"Aeon's End","43D",1,4,"Action Phase Games; Indie Boards & Cards",2017
"Aeon's End: Legacy","22C",1,4,"Indie Boards & Cards",2019
"Aeon's End: War Eternal","22C",1,4,"Action Phase Games",2017
"Aeroplanes: Aviation Ascendant","1C",3,5,"Mayfair Games",2012
"Æterna","1B",2,4,"Ares Games; MS Edizioni",2025
"Aethermon: Collect","55C",2,4,"Aethermon Studios",2023
"Africa","28E",2,5,"Goldsieber Spiele; Rio Grande Games",2001
"Africa 1880","40E",3,6,"Tilsit",1997
"Africana","7E",2,4,"ABACUSSPIELE",2012
"After the Empire","5D",2,4,"Grey Fox Games",2021
"After the Flood","1C",3,3,"Treefrog Games",2008
"After Us","19E",1,6,"Pandasaurus Games",2023
"Aftermath","39D",1,4,"Plaid Hat Games",2019
"Afternova","52A",3,6,"Road To Infamy Games (R2i Games)",2020
"Aftershock: San Francisco & Venice","34D",2,5,"Stronghold Games",2019
"Agamemnon","45D",2,2,"Osprey Games",2016
"Age of Angra","36E",2,2,"HBY NRD Studios",2024
"Age of Automaton","5E",2,4,"Four Comma Game",2024
"Age of Comics: The Golden Years","18A",1,4,"Lirius Games",2023
"Age of Discovery","30B",2,4,"Devir",2007
"Age of Galaxy","53T",1,4,"ICE Makes",2022
"Age of Galaxy (Second Edition)","56B",1,4,"Portal Games",2025
"Age of Industry","1B",2,5,"Treefrog Games",2010
"Age of Innovation","42C",1,5,"Capstone Games",2023
"Age of Mythology: The Boardgame","18B",2,4,"Beacon Multimedia S.A.",2003
"Age of Mythology: The Boardgame – 5-6 Player Expansion","180",Eagle-Gryphon Games,180,"2003",Available
"Age of Napoleon","45E",2,2,"Phalanx Games B.V.",2003
"Age of Steam","14A",1,6,"Eagle-Gryphon Games",2019
"Age of War","52A",2,6,"#N/A",n/a
"Age of Wonders: Planetfall","60D",2,6,"Arcane Wonders; Hobby World",2023
"Agent Avenue","55C",2,4,"Nerdlab Games",2024
"Agent Avenue","55A",2,4,"Nerdlab Games",2024
"Agility","35A",2,2,"Two Lanterns Games",2016
"Agra","7A",2,4,"Quined Games",2017
"Agree to Disagree","n/a",2,8,"Adam's Apple Games",2024
"Agree to Disagree","PLAY TO WIN",2,8,"Adam's Apple Games",2024
"Agree to Disagree","PLAY TO WIN",2,8,"Adam's Apple Games",2024
"Agricola","42D",1,5,"Z-Man Games",2008
"Agricola (Revised Edition)","42D",1,4,"Lookout Games",2016
"Agricola: All Creatures Big and Small","36A",2,2,"Z-Man Games",2012
"Agricola: All Creatures Big and Small – More Buildings Big and Small","30",Lookout Games,30,"2012",4938 results
"Águeda: City of Umbrellas","28D",1,5,"25th Century Games",2024
"Ahau: Rulers of Yucatán","45D",n/a,n/a,"Apeiron Games",n/a
"Ahoy! Kitten","53P",2,6,"Mayday Games",2023
"AI Space Puzzle","26A",2,5,"Portal Games; Smart Flamingo",2024
"AI: 100% Human","1A",1,6,"Explor8",2024
"Air Mail","14D",2,5,"Ludonova",2022
"Air, Land, & Sea","60B",2,2,"Arcane Wonders",2019
"Air, Land, & Sea: Spies, Lies, & Supplies","60B",2,4,"Arcane Wonders",2022
"Air, Land, and Sea: Critters at War","60B",2,2,"Arcane Wonders",2019
"Air, Land, and Sea: Critters at War","60B",2,2,"n/a",n/a
"Airborne Commander","52A",1,1,"StrataMax Games",2015
"Airborne In Your Pocket","39C",1,4,"Maldito Games",2019
"Airlines Europe","14D",2,5,"ABACUSSPIELE",2011
"Airlines Europe","14D",2,5,"ABACUSSPIELE",2011
"Airlines Europe: New Bonus Connections","75",ABACUSSPIELE,75,"2012",Available
"Airlines Europe: The Presidents","75",ABACUSSPIELE,75,"2012",Available
"Airships","14D",2,4,"Queen Games",2007
"Àiyé","26B",2,4,"Grok Games",2023
"Akropolis","7E",1,4,"Gigamic",2022
"Akrotiri","45A",2,2,"asmodee",2014
"Al Rashid","32C",2,5,"Yemaia",2012
"Aladdin's Dragons","26E",3,5,"Hans im Glück",2000
"Alba Longa","32E",2,5,"HUCH!",2011
"Alba Longa: The Sentinels","90",Quined Games,90,"2011",4938 results
"Alcatraz","30D",2,4,"F.X. Schmid",1999
"Alchemist","6D",2,5,"AMIGO",2007
"Alchemists","13D",2,4,"Czech Games Edition",2014
"Alchemists: Publisher promo card","120",Czech Games Edition,120,"2015",Available
"Aldarra","47D",2,4,"Sordane Publishing",2024
"Aldebaran Duel","35E",1,2,"Dino Toys s. r. o.",2023
"Alea Iacta Est","34B",2,5,"alea",2009
"Alexander the Great","30D",2,5,"Mayfair Games",2005
"Alexandros","40B",2,4,"Winning Moves Germany",2003
"Algae, Inc.","12C",1,4,"Game Brewer",2024
"Alhambra: Mega Box","7A",2,6,"Queen Games",2019
"Alhambra: Roll & Write","51A",1,5,"Queen Games",2020
"Alhambra: The Card Game","7B",2,6,"Queen Games",1992
"Alhambra: The Dice Game","7B",2,6,"Queen Games",2006
"Alhambra: The Red Palace","32D",2,6,"Queen Games",2023
"Alibi","51D",3,10,"Mayfair Games",1993
"Alibis","59C",2,6,"Allplay",2025
"Alice","51D",2,4,"Crazy Pawn Games",2018
"Alice: Through the Looking Glass","55A",2,6,"Lumberjacks Studio",2025
"Alien Artifacts","46E",2,5,"Portal Games",2017
"Alien Artifacts: Breakthrough","60",Portal Games,60,"2019",Available
"Alien Artifacts: Discovery","90",Pegasus Spiele,60,"2018",Available
"Alien Frontiers","26B",2,4,"Clever Mojo Games",2010
"ALIEN: Fate of the Nostromo","19B",1,5,"Ravensburger",2021
"All Bridges Burning: Red Revolt and White Guard in Finland, 1917-1918","49B",1,3,"GMT Games",2020
"Alma Mater","9B",2,4,"eggertspiele",2020
"Alpenglow","44D",2,5,"Waterworks Games",2024
"Alpujarras","46D",1,4,"Dr. Finn's Games",2023
"Altar Quest","46E",1,4,"Blacklist Games",2020
"Altay: Dawn of Civilization","16A",2,4,"Ares Games",2024
"Altay: Dawn of Civilization","16A",2,4,"Ares Games",2024
"Altiplano","2B",2,5,"dlp games",2017
"Altiplano: Sunny Days","120",dlp games,60,"2018",Available
"Altiplano: The Traveler","120",dlp games,60,"2018",Available
"Alubari: A Nice Cup of Tea","7B",1,5,"Studio H",2019
"Amalfi: Renaissance","8B",1,4,"R&R Games; Sylex",2023
"Amasser Dragons","39D",2,6,"Shawnsolo Games",2016
"Amazonas","34D",3,4,"999 Games",2005
"American Bookshop","54E",3,5,"双子のライオン堂 (Twins Lion Do)",2020
"Amerigo","3B",2,4,"Queen Games",2013
"Amerigo Queenie 1: Volcanic Island","75",Queen Games,75,"2013",Available
"Amerigo Queenie 2: Cove Island, Bay Island & New Progress Tokens","75",Queen Games,75,"2013",Available
"Amerigo Queenie 3: Special Production Buildings and Tokens","75",Queen Games,75,"2013",Available
"Among Cultists: A Social Deduction Thriller","23B",4,8,"Godot Games",2023
"Among the Stars","46D",2,4,"Artipia Games; Stronghold Games",2014
"Among the Stars: Revival","46D",2,6,"Artipia Games; Stronghold Games",2015
"Amritsar: The Golden Temple","7A",1,4,"Ludonova",2023
"Amsterdam","3C",1,4,"Queen Games",2022
"Amun-Re","7D",3,5,"Hans im Glück",2003
"Amun-Re: The Card Game","7D",2,5,"Super Meeple",2017
"Amygdala","6C",2,4,"Game Brewer",2023
"Amyitis","30A",2,4,"HUCH!",2007
"Amyitis: The Palace","90",HUCH!,90,"2009",Available
"An Infamous Traffic","40A",2,5,"Hollandspiele",2016
"Anachrony","42D",1,4,"Mindclash Games",2017
"Anachrony: Exosuit Commander Pack","120",Albi Polska,60,"2017",Available
"Anachrony: Infinity Box","42D",1,4,"Mindclash Games",2020
"Anachrony: The Sentry Post","120",(Self-Published),30,"2018",Available
"Anansi","54D",3,5,"HeidelBÄR Games",2020
"Anasazi","30E",2,4,"Mayfair Games",2006
"Ancestree","2B",2,6,"Calliope Games",2017
"Ancient Civilizations of the Inner Sea","48B",1,6,"GMT Games",2019
"Ancient Knowledge","16D",2,4,"IELLO",2023
"Ancient Terrible Things","29D",2,4,"Pleasant Company Games",2015
"Andean Abyss","49B",1,4,"GMT Games",2012
"Android: Netrunner","43A",2,2,"Fantasy Flight Games",2012
"Andromeda's Edge","25B",2,4,"Cardboard Alchemy",2024
"Andromeda's Edge","25B",2,4,"Cardboard Alchemy",2024
"Animal Rescue Team","56C",1,4,"Play to Z",2025
"Animal Rescue Team","Hot Games",1,4,"Play to Z",2025
"Animal Upon Animal","15D",2,4,"HABA",2005
"Animalia: Preventing Extinction","54D",1,3,"Quined Games",2022
"Ankh: Gods of Egypt","7D",2,5,"CMON Global Limited",2021
"Ankh'or","45C",2,4,"Space Cowboys",2019
"Anno 1503","44C",2,4,"Mayfair Games",2003
"Anno 1800: The Board Game","1C",1,4,"KOSMOS",2020
"Anno 1800: The Board Game","1C",1,4,"KOSMOS",2020
"Another Man's Treasure","PLAY TO WIN",2,6,"Grandpa Beck's Games",2024
"Another Man's Treasure","PLAY TO WIN",2,6,"Grandpa Beck's Games",2024
"Another Man's Treasure","52N",2,6,"Grandpa Beck's Games",2024
"Antike","47C",2,6,"PD-Verlag",2005
"Antike Duellum","36C",2,2,"PD-Verlag",2012
"Antike II","47C",3,6,"PD-Verlag",2014
"Antinomy","53A",2,2,"Button Shy",2019
"Antiques","57C",1,4,"PYTHAGORAS",2025
"Antiques Roadshow: The Game","51B",2,4,"Hasbro",2000
"Antiquity","2E",2,4,"Splotter Spellen",2017
"Antiquity Quest","45B",2,8,"Grandpa Beck's Games",2019
"Ants","55B",2,4,"Cranio Creations",2025
"Antwerpen","32E",2,4,"asmodee",2010
"Anunnaki: Dawn of the Gods","16D",1,4,"Cranio Creations",2023
"Apiary","26A",1,5,"Stonemaier Games",2023
"Apocalypse Road","48A",2,10,"GMT Games",2020
"Apollo: A Game Inspired by NASA Moon Missions","25D",2,5,"Buffalo Games; Pandasaurus Games",2020
"Applejack","5B",1,4,"Stronghold Games",2023
"Apples to Apples","28B",4,10,"Out of the Box Publishing",2007
"Aqua","52A",1,4,"Sunrise Tornado Game Studio",2024
"Aqua Romana","32E",2,4,"Queen Games",2005
"Aquädukt","8C",2,4,"Schmidt Spiele",2005
"Aqualin","36A",2,2,"KOSMOS",2020
"Aquaretto","12A",2,5,"ABACUSSPIELE",2008
"Aquaria","Hot Games",1,4,"Delicious Games",2025
"AquaSphere","3B",2,4,"Hall Games",2014
"Aquatica","60D",1,4,"Cosmodrome Games",2019
"Aquatica: Coral Reefs","60D",1,5,"Cosmodrome Games",2024
"Arborea","11A",1,5,"Alley Cat Games",2023
"Arboretum","52C",2,4,"Filosofia Éditions",2015
"Arcadia Quest","23E",2,4,"Cool Mini Or Not; Spaghetti Western Games",2014
"Arcadia Quest: Inferno","46D",2,4,"CMON Global Limited; Spaghetti Western Games",2017
"Arcana Rising","6E",1,6,"Grey Fox Games",2022
"Arcane Academy","6D",2,4,"Broadway Toys LTD",2016
"Archaeology: The Card Game","54S",2,4,"Z-Man Games",2012
"ArcheOlogic","13D",1,4,"Ludonaute",2023
"Archeos Society","55D",2,6,"Space Cowboys",2023
"Archipelago","44D",2,5,"Ludically",2012
"Architects of the West Kingdom","9A",1,5,"Garphill Games",2018
"Architekton","45C",2,2,"Queen Games",2005
"Archon: Glory & Machination","32D",2,4,"Artipia Games",2013
"Arcs","25B",2,4,"Leder Games",2024
"Arcs","25B",2,4,"Leder Games",2024
"Are You the Traitor?","53C",4,10,"Looney Labs",2009
"Area 1851","30E",2,5,"Five24 Labs",2015
"Arena Maximus","33E",2,5,"Fantasy Flight Games; Midgaard Games; Nexus Editrice",2003
"Arena: For the Gods!","46E",2,6,"IELLO",2017
"Arena: Roma II","36A",2,2,"Queen Games",2009
"Argent: Mancers of the University","Base Box",2,6,"Level 99 Games",2018
"Argent: The Consortium","5D",2,5,"Level 99 Games",2018
"Ark Nova","41A",1,4,"Feuerland Spiele",2021
"Ark Nova","41A",1,4,"Feuerland Spiele",2021
"Ark Nova","41A",1,4,"Feuerland Spiele",2021
"Ark Nova: Marine Worlds","41A",1,4,"Feuerland Spiele",2023
"Arkadia","34D",2,4,"Ravensburger",2006
"Arkham Horror","21B",1,8,"Fantasy Flight Games",2005
"Arkham Horror (Third Edition)","21B",1,6,"Fantasy Flight Games",2018
"Arkham Horror (Third Edition)","50D",1,6,"Fantasy Flight Games",2018
"Arkham Horror: Lovecraft Letter","52M",2,6,"Z-Man Games",2025
"Arkham Horror: Lovecraft Letter","52M",2,6,"Z-Man Games",2025
"Arkham Horror: The Card Game","41D",1,2,"Fantasy Flight Games",2016
"Arkham Horror: The Card Game (Revised Edition)","21B",1,4,"Fantasy Flight Games",2021
"Arkham Ritual","54U",3,7,"Ninja Star Games",2017
"Arkwright","44C",2,4,"Spielworxx",2014
"Armada 3","10B",2,4,"Descartes Editeur; Eurogames",2002
"Armory","53A",2,4,"M.E.K. GAMES",2003
"Around the World in 80 Days","15A",2,6,"Competo / Marektoy",2004
"Around the World in 80 Days","52N",2,4,"Looping Games",2024
"Arraial","46C",1,4,"MEBO Games; Pandasaurus Games",2019
"Arrakis: Dawn of the Fremen","18D",2,4,"Gale Force Nine, LLC",2022
"Art Decko","44C",2,4,"Rio Grande Games",2019
"Art Society","56D",2,4,"Mighty Boards",2023
"Artificium","32E",2,6,"Lifestyle Boardgames Ltd",2014
"Artisans of Splendent Vale","22E",2,4,"Renegade Game Studios",2022
"ArtSee","45C",2,5,"Renegade Game Studios",2019
"Arydia: The Paths We Dare Tread","Hot Games",1,4,"Far Off Games",2025
"Asante","35C",2,2,"cosaic",2013
"Asara","6C",2,4,"Ravensburger",2010
"Ascending Empires","47C",2,4,"Z-Man Games",2011
"Ascension: Dawn of Champions","35C",1,4,"Stone Blade Entertainment",2015
"Ascension: Dreamscape","35C",1,4,"Stone Blade Entertainment",2015
"Ascension: Skulls & Sails","35C",2,4,"Stone Blade Entertainment",2019
"Ashes Reborn: Rise of the Phoenixborn","44B",2,4,"Plaid Hat Games",2015
"Asian Tigers: A Story of Prosperity","20C",1,4,"HUCH!; Mayfair Games; PYTHAGORAS; YOKA Games",2024
"Asian Tigers: A Story of Prosperity","20C",1,4,"HUCH!; Mayfair Games; PYTHAGORAS; YOKA Games",2024
"Askalotl","n/a",3,8,"Funko Games, Goliath Games",2024
"Aspens","56D",2,2,"Ludivore Games",2025
"Assault on Doomrock","29A",1,4,"Beautiful Disaster Games",2014
"Assembly","52A",1,4,"(Web published)",2016
"Astro Knights","25A",1,4,"Indie Boards & Cards",2023
"Astro Knights: Eternity","22B",1,4,"Indie Boards & Cards",2024
"At the Gates of Loyang","5B",1,4,"Hall Games",2009
"Atheneum: Mystic Library","6E",2,5,"Renegade Game Studios",2020
"Atiwa","5C",1,4,"Lookout Games",2022
"Atlantic Star","14E",2,6,"Queen Games",2001
"Atlantis Exodus","1E",1,4,"dlp games",2024
"Atlantis Rising","22A",2,6,"Z-Man Games",2012
"Atlantis Rising (Second Edition)","22A",1,7,"Elf Creek Games",2019
"Atoll","12B",2,4,"Albi",2024
"Aton","36A",2,2,"Queen Games",2005
"Attack on Titan: The Last Stand","19B",2,5,"Don't Panic Games",2017
"Attika","8B",2,4,"Hans im Glück",2003
"Augsburg 1520","30B",2,5,"alea",2006
"Aura","15B",2,4,"Breaking Games",2017
"Aurum","54G",3,4,"Pandasaurus Games",2023
"Australia","6C",2,5,"Ravensburger",2005
"Australis","12B",2,4,"KOSMOS",2025
"Australis","PLAY TO WIN",2,4,"Thames & Kosmos",2024
"Australis","PLAY TO WIN",2,4,"Thames & Kosmos",2024
"Autobahn","14D",1,4,"Alley Cat Games",2022
"Automania","9B",2,4,"Aporta Games",2015
"Automobile","1B",3,5,"Mayfair Games",2009
"Automobiles","14E",2,5,"Alderac Entertainment Group",2016
"AuZtralia","1D",1,4,"SchilMil Games Ltd.",2018
"Avant Carde","53K",1,5,"Resonym",2024
"Avatar: The Last Airbender – Fire Nation Rising","19A",1,5,"The Op Games",2022
"Ave Caesar","8C",2,6,"asmodee",1989
"Ave Roma","47C",2,5,"A-games (Board Game)",2016
"Ave Roma: CENSOR expansion","120",A-games (Board Game),25,"2016",Available
"Ave Roma: MAGISTRATUS expansion","120",A-games (Board Game),25,"2016",Available
"Ave Roma: Praetor expansion","120",A-games (Board Game),25,"2016",Available
"Awimbawé","53C",2,2,"Explor8",2022
"Awkward Guests 2: The Berwick Cases","55A",2,2,"Megacorpin Games",2024
"Awkward Guests: Awkward Secrets","75",Megacorpin Games,45,"2019",Available
"Awkward Guests: The Walton Case","31C",1,8,"Megacorpin Games",2016
"Axis & Allies: Guadalcanal","49E",2,2,"Avalon Hill",2007
"Axis & Allies: 1942","49E",2,5,"Avalon Hill",2009
"Axis & Allies: Battle of the Bulge","49E",2,2,"Avalon Hill",2006
"Axis & Allies: D-Day","49E",2,3,"Avalon Hill",2004
"Axis & Allies: Europe","49E",2,4,"Avalon Hill",1999
"Axis & Allies: Pacific","49E",2,3,"Avalon Hill",2001
"Ayar: Children of the Sun","55D",1,4,"Osprey Games",2025
"Azteca","32E",2,4,"Tilsit",1998
"Azul","43C",2,4,"Next Move Games",2017
"Azul","50C",2,4,"Next Move Games",2017
"Azul","43C",2,4,"Next Move Games",2017
"Azul (Giant Edition)","n/a",n/a,n/a,"n/a",Available
"Azul Duel","50B",2,2,"Next Move Games",2025
"Azul Duel","35A",2,2,"Next Move Games",2025
"Azul Duel","35A",2,2,"Next Move Games",2025
"Azul: Master Chocolatier","15C",2,4,"Next Move Games",2022
"Azul: Queen's Garden","15C",2,4,"Next Move Games",2021
"Azul: Stained Glass of Sintra","15C",2,4,"Next Move Games",2018
"Azul: Summer Pavilion","15C",2,4,"Next Move Games",2019
"Babel","36A",2,2,"KOSMOS",2000
"Babel","36A",2,2,"KOSMOS",2000
"Babylon","7D",2,4,"Geek Attitude Games",2024
"Babylon","7D",2,4,"Geek Attitude Games",2024
"Babylonia","7C",2,4,"Ludonova",2023
"Back to the Future: Dice Through Time","19B",2,4,"Ravensburger",2020
"Backgammon","28C",2,2,"Pressman Toy Corp.",2018
"Backstories: Alone Under the Ice","53U",1,6,"La Boîte de Jeu",2024
"Bacon","59C",3,6,"Allplay",2024
"Bacon","54F",3,6,"Allplay",2024
"Bad Company","3A",1,6,"Aporta Games",2021
"Bad Company","3A",1,6,"Aporta Games",2021
"Balada","32D",1,6,"Albi",2021
"Balconia","PLAY TO WIN",2,2,"Ares Games",2024
"Balconia","PLAY TO WIN",2,2,"Ares Games",2024
"Balconia","35C",2,2,"Ares Games; Red Cat Games",2025
"Balloon Cup","45A",2,2,"KOSMOS",2003
"Bamboo","4A",2,4,"Devir",2023
"Bamboo Bash","31D",2,8,"Imperial Publishing, Inc",2021
"Band of Brothers: Screaming Eagles","49C",2,2,"Worthington Publishing, LLC",2015
"BANG! Dodge City","54N",3,8,"DV Games",2004
"BANG! The Dice Game","54N",3,8,"DV Games",2013
"BANG! The Dice Game: Old Saloon","54N",3,8,"DV Games",2016
"BANG! The Duel","54N",2,2,"DV Games",2015
"Bangkok Klongs","33A",2,4,"dlp games",2010
"Barcelona","20E",1,4,"Board&Dice",2023
"Bärenpark","11D",2,4,"Lookout Games",2017
"Bargain Hunter","28A",3,4,"Queen Games",n/a
"Bargain Quest","51B",2,6,"(Self-Published)",2017
"Bargain Quest: The Black Market Expansion","51B",2,8,"Renegade Game Studios",2019
"BaristaCat","53S",2,6,"Tiny Wolf Productions LLC",2022
"Barrage","42A",1,4,"Cranio Creations",2019
"Barrage","42A",1,4,"Cranio Creations",2019
"Barrage: The Leeghwater Project","120",Cranio Creations,60,"2019",Available
"Basari","30B",3,4,"F.X. Schmid",1998
"Baseball Highlights: 2045 – Deluxe Edition","39B",1,4,"Eagle-Gryphon Games",2015
"Basilica","36C",2,2,"Rebel Sp. z o.o.",2010
"Basketball Highlights: Crunch Time","51A",1,2,"Eagle-Gryphon Games",2023
"Basketboss","39B",2,5,"BoardGameTables.com",2022
"Basketboss","59E",2,5,"Allplay",2022
"Batavia","8C",3,5,"Queen Games",2008
"Batman: Everybody Lies","18A",2,4,"Portal Games",2022
"Battalion: War of the Ancients","48E",2,4,"Osprey Games",2024
"Battle Cry: 150th Civil War Anniversary Edition","48E",2,2,"Avalon Hill",2010
"Battle for Rokugan","47A",2,5,"Fantasy Flight Games",2017
"Battle Line","35E",2,2,"GMT Games",2000
"Battle Line: Medieval","48C",2,2,"GMT Games",2019
"Battle of Britain","49D",2,4,"PSC Games",2017
"BattleCON: Devastation of Indines","4E",1,5,"Level 99 Games",2013
"BattleCON: War of Indines","45C",2,4,"Level 99 Games",2012
"Battleground Fantasy Warfare: Elves of Ravenwood","56B",2,2,"Your Move Games",2006
"Battleground Fantasy Warfare: Monsters & Mercenaries","56B",2,2,"Your Move Games",2008
"Battleground Fantasy Warfare: Undead Army","56B",2,2,"Your Move Games",2005
"BattleLore: Second Edition","48E",2,2,"Fantasy Flight Games",2013
"Battleship","28B",2,2,"Hasbro",2012
"Battlestar Galactica: The Board Game","23B",3,6,"Fantasy Flight Games",2008
"Battue: Storm of the Horse Lords","32E",2,4,"Red Juggernaut Inc.",2007
"Bazaar","5C",2,6,"Discovery Toys",1987
"Bazaars of Ubar","44E",2,4,"Grey Fox Games",2023
"Bean Trader","5B",3,5,"AMIGO",2002
"Bear Raid","59D",3,6,"Allplay",2022
"Bear Raid","59D",3,6,"Allplay",2022
"Beast","23A",2,4,"Studio Midhall",2023
"Beasts","30",Pandasaurus Games,20,"2025",Available
"Beasts","55C",2,5,"Pandasaurus Games",2025
"Bebop","2B",2,4,"Bitewing Games",2024
"Beer & Bread","36A",2,2,"Deep Print Games",2022
"Bees: The Secret Kingdom","51F",2,6,"Awaken Realms Lite; Van Ryder Games",2019
"Beez","11C",2,4,"Next Move Games",2020
"Before the Wind","30E",2,4,"Mayfair Games",2007
"Behext","46E",3,5,"Smirk & Dagger Games",2023
"Behind the Throne","53Q",2,4,"Ares Games",2016
"Belfort","47A",2,5,"Tasty Minstrel Games",2011
"Belfort: Guild Promo Pack #1","120",Pegasus Spiele,120,"2012",Available
"Belfort: The Expansion Expansion","90",Tasty Minstrel Games,90,"2013",Available
"Belle of the Ball","52B",2,5,"Dice Hate Me Games",2016
"Belratti","52L",3,7,"KOSMOS",2024
"Beowulf: A Board Game","34B",3,6,"King Post",2015
"Beowulf: The Legend","17E",2,5,"Editrice Giochi",2005
"Beowulf: The Movie Board Game","34B",2,4,"Fantasy Flight Games",2007
"Bequest","13A",3,6,"WizKids (I)",2021
"Berried Treasure","5A",2,5,"Restoration Games",2021
"Berserk: War of the Realms","39A",2,4,"asmodee",2013
"Betrayal at House on the Hill","27B",3,6,"Avalon Hill",2004
"Better Letters","51F",2,6,"Play to Z",2025
"Between Two Castles of Mad King Ludwig","1A",2,7,"Stonemaier Games",2018
"Between Two Cities","16B",1,7,"Stonemaier Games",2015
"Beyond Humanity: Colonies","21C",1,5,"Three-Headed Monster",2022
"Beyond the Horizon","16C",2,4,"Cranio Creations",2025
"Beyond the Rift: A Perdition's Mouth Card Game","PLAY TO WIN",1,4,"Dragon Dawn Productions",2022
"Beyond the Rift: A Perdition's Mouth Card Game","PLAY TO WIN",1,4,"Dragon Dawn Productions",2022
"Beyond the Sun","25C",2,4,"Rio Grande Games",2020
"Biblios","52F",2,4,"Dr. Finn's Games",2007
"Big Top","59C",3,4,"Allplay",2023
"Big Top","54O",3,4,"Allplay",2023
"Bigfoot: Roll & Smash","28C",1,4,"XYZ Game Labs, Inc",2023
"Bigfoot: Roll & Smash - MODS Expansion","BASE BOX",1,6,"XYZ Game Labs, Inc",2023
"Bing! Bang! Boom!","10",Dolphin Hat Games,10,"2025",Available
"Biome","11C",1,4,"Lioness Games",2024
"Bios: Genesis","52C",1,4,"Fox in the Box",2016
"Bios: Megafauna (Second Edition)","47A",1,4,"Ion Game Design",2017
"Bios: Origins (Second Edition)","47A",1,4,"Ion Game Design; Sierra Madre Games",2019
"BIOTIX","53S",2,5,"Smirk & Dagger Games",2017
"Bison: Thunder on the Prairie","6C",2,4,"Devir",2006
"Bites","51C",2,5,"Allplay",2022
"Bites","59E",2,5,"Allplay",2022
"Bites: New Recipes","54Q",2,5,"BoardGameTables.com",2022
"Bitoku","2D",1,4,"Devir",2021
"Black Angel","25D",1,4,"Pearl Games",2019
"Black Fleet","10A",3,4,"Space Cowboys",2014
"Black Forest","5B",1,4,"Capstone Games",2024
"Black Forest","5B",1,4,"Capstone Games",2024
"Black Gold","24C",2,5,"Fantasy Flight Games",2011
"Black Hat","34E",2,6,"Dragon Dawn Productions",2015
"Black Orchestra","21B",1,5,"Game Salute",2016
"Black Rose Wars: Rebirth","38E",1,4,"Ludus Magnus Studio",2023
"Black Sheep","28B",2,4,"Fantasy Flight Games",2008
"Blackout: Hong Kong","6A",1,4,"eggertspiele",2018
"Blank Slate: Challenge","31B",2,4,"The Op Games",2024
"Blazon","8C",1,4,"25th Century Games",2023
"Blitz Bowl: Ultimate Edition","39B",2,2,"Games Workshop Ltd.",2022
"Blitzkrieg!: World War Two in 20 Minutes","35D",1,2,"PSC Games",2019
"Blockers!","32D",2,5,"Funagain",2007
"Blokus","38C",2,4,"Educational Insights",2000
"Blood Bowl (2016 Edition)","36E",2,2,"Games Workshop Ltd.",2016
"Blood Bowl: Team Manager – The Card Game","39B",2,4,"Fantasy Flight Games",2011
"Blood of the Northmen","46E",1,4,"Czacha Games",2021
"Blood on the Clocktower","42E",6,21,"The Pandemonium Institute",2022
"Blood on the Clocktower","42E",6,21,"The Pandemonium Institute",2022
"Blood Rage","42D",2,4,"Cool Mini Or Not",2015
"Blood Rage: 5th Player Expansion","90",asmodee,60,"2015",Available
"Blood Rage: Gods of Ásgard","90",CMON Global Limited,60,"2015",Available
"Blood Rage: Mystics of Midgard","90",Cool Mini Or Not,60,"2015",Available
"Bloodborne: The Board Game","18C",1,4,"CMON Global Limited",2021
"Bloodsuckers","33E",2,4,"Fireside Games",2011
"Blue Lagoon","24E",2,4,"Blue Orange (EU)",2018
"Blue Moon","36A",2,2,"KOSMOS",2004
"Blue Moon City","3D",2,4,"CMON Global Limited; Spaghetti Western Games",2018
"Blue Moon Legends","36C",2,2,"Fantasy Flight Games",2014
"Blue Skies","40C",2,5,"Rio Grande Games",2020
"Blue vs. Gray","48B",2,4,"GMT Games",2003
"Blueprints","51B",2,4,"Z-Man Games",2013
"Blueprints of Mad King Ludwig","1A",1,5,"Bézier Games",2024
"BoardGameGeek: The Card Game","53A",2,6,"Game Salute",2015
"Bobby Lee: The Civil War in Virginia 1861-1865","48C",2,2,"Columbia Games",2013
"Boblin's Rebellion","53T",1,4,"Phase Shift Games",2024
"Boggle","28E",1,8,"Parker Brothers",1976
"Bohemian Villages","51A",2,5,"dlp games",2016
"Bohemians","57C",1,4,"Portal Games",2025
"Bohnanza","5B",2,7,"Rio Grande Games",2000
"Bohnaparte","54U",3,5,"Lookout Games",2004
"Bomb Busters","13A",2,5,"Cocktail Games; Pegasus Spiele",2024
"Bomb Busters","13A",2,5,"Cocktail Games; Pegasus Spiele",2024
"Bomb Busters","Hot Games",2,5,"Cocktail Games; Pegasus Spiele",2024
"Bombastic","59A",2,2,"Bitewing Games",2025
"Bombay","30C",2,5,"Ystari Games",2009
"Bone Wars","9B",1,4,"Game Brewer",2024
"Bonfire","3B",1,4,"Hall Games; Pegasus Spiele",2020
"Bonnie and Clyde","45B",2,4,"ABACUSSPIELE",2009
"Bonsai","11B",1,4,"DV Games",2023
"Book Club","59A",1,10,"Allplay",2025
"Books of Time","5A",1,4,"Board&Dice",2023
"BOOM Patrol","n/a",2,4,"Smirk & Dagger Games",2025
"Boomerang","53K",2,4,"Grail Games",2018
"Boomerang: Europe","53J",2,4,"Grail Games",2020
"Boomerang: USA","52U",2,4,"Game Factory",2023
"Boomtown","47A",3,5,"asmodee",2004
"Boomtown Bandits","24C",2,5,"Breaking Games",2015
"Boonlake","6A",1,4,"dlp games",2021
"Boonlake","6A",1,4,"dlp games",2021
"BOOoop.","36A",2,2,"Smirk & Dagger Games",2023
"boop the Halls!","36A",2,2,"Smirk & Dagger Games",2024
"boop.","36A",2,2,"Smirk & Dagger Games",2022
"Bootleggers","19C",3,6,"Eagle-Gryphon Games",2004
"Bora Bora","3B",2,4,"alea",2013
"Bora Bora: Orange God Tiles","60",Ravensburger,60,"2013",Available
"Borealis: Arctic Expeditions","57A",2,4,"Lucky Duck Games",2026
"Boss Battle","23D",1,4,"Boss Battle Games",2022
"Boss Fighters QR","56C",2,4,"Pegasus Spiele",2025
"Boss Monster: Rise of the Minibosses","53L",2,4,"Brotherwise Games",2018
"Boss Monster: The Dungeon Building Card Game","53L",2,4,"Brotherwise Games",2016
"Bot Factory","5E",1,4,"Eagle-Gryphon Games",2023
"Botswana","51F",2,5,"Eagle-Gryphon Games",2010
"Bottlecap Vikings","53C",2,4,"Tasty Minstrel Games",2015
"Brass: Birmingham","41A",2,4,"Roxley",2018
"Brass: Birmingham","41A",2,4,"Roxley",2018
"Brass: Lancashire","41C",2,4,"Roxley",2007
"Brass: Lancashire","41C",2,4,"Roxley",2007
"BraveRats","52A",2,2,"Kanai Factory",2011
"Bravest Warriors Co-operative Dice Game","46A",1,6,"Cryptozoic Entertainment",2014
"Bravo!","52J",1,6,"Schmidt Spiele",2019
"Brazil: Imperial","16C",1,4,"MeepleBR",2021
"Bremerhaven","47B",1,4,"Lookout Games",2013
"Brew","6D",2,4,"Pandasaurus Games",2021
"Brew Crafters","10D",2,5,"Dice Hate Me Games",2013
"Brian Boru: High King of Ireland","17D",3,5,"Osprey Games",2021
"Brick Like This!","15E",2,8,"Dotted Games",2025
"Briefcase","40B",2,4,"Artipia Games",2012
"Brigands","26E",2,6,"Aspic Games",2024
"Brink","55E",2,5,"IV Studio",2025
"Bristol 1350","53H",1,9,"Facade Games",2021
"Britannia","17A",3,5,"The Avalon Hill Game Co",1986
"Broadhorns: Early Trade on the Mississippi","32C",2,4,"Rio Grande Games",2018
"Broken and Beautiful: A Game About Kintsugi","52Q",2,4,"Left Justified Studio",2023
"Broom Service","6A",2,5,"alea; Ravensburger",2015
"Broom Service: The Card Game","53R",3,6,"alea; Ravensburger",2016
"Bruges","3B",2,4,"Hans im Glück",2013
"Bruges: The City on the Zwin","60",Hans im Glück,60,"2014",Available
"Brutal Kingdom","53Q",3,4,"KOSMOS",2017
"Bruxelles 1893: Belle Époque","44A",2,5,"Geek Attitude Games",2023
"Buccaneer","52S",3,5,"Queen Games",2006
"Buffet Boss","60B",1,5,"Arcane Wonders",2025
"Buffet Boss","31D",1,5,"Arcane Wonders",2025
"Buffy the Vampire Slayer: The Game","19A",2,5,"Hasbro; Milton Bradley",2000
"Bug Off!","52K",2,5,"R&R Games",2022
"Builders of Blankenburg","5C",2,5,"Cobblestone Games",2015
"Bukiet","52T",1,5,"Nasza Księgarnia",2018
"Bullet♥︎","35D",1,4,"Level 99 Games",2021
"Bumúntú","30D",2,5,"WizKids (I)",2018
"Bunny Kingdom","16E",2,4,"IELLO",2017
"Burano","7B",2,4,"Quick Simple Fun Games",2016
"Burger Joint","36B",2,2,"ABACUSSPIELE; Rio Grande Games",2009
"Burgle Bros.","52O",1,4,"Fowers Games",2015
"burncycle","37B",1,4,"Chip Theory Games",2022
"Burning Rome: Rome's Nightmare","52T",2,4,"SunTzuGames",2018
"Buru","7B",1,4,"Crafty Games",2024
"Bus","2E",3,5,"Capstone Games; Splotter Spellen",2019
"Butterfly Garden","11B",2,4,"Korea Boardgames",2012
"Byzantium","1C",2,4,"Warfrog Games",2005
"Ca$h 'n Guns: Second Edition","31C",4,8,"Repos Production",2014
"Ca$h 'n Guns: Second Edition","50A",4,8,"Repos Production",2014
"Cabanga!","54I",3,6,"AMIGO",2024
"Cabanga!","54I",3,6,"AMIGO",2024
"Cabo","52R",2,5,"Eventide Games",2010
"CABO (Second Edition)","52R",2,4,"Bézier Games",2019
"Cacao","10E",2,4,"ABACUSSPIELE",2015
"Cacao: Big Market & Golden Temple","45",ABACUSSPIELE,45,"2015",Available
"Cacao: Volcanoes","45",ABACUSSPIELE,45,"2015",Available
"Caesar & Cleopatra","36A",2,2,"KOSMOS",1997
"Caesar!: Seize Rome in 20 Minutes!","35D",1,2,"PSC Games",2022
"Caesar's Empire","7E",2,5,"Holy Grail Games",2022
"Café Baras","51B",2,4,"KTBG",2024
"Cafe Expresso","54P",1,4,"Maldito Games; PYTHAGORAS",2022
"Café International","24B",2,4,"AMIGO",1999
"Calico","27C",1,4,"Flatout Games",2020
"Calimala","8D",3,5,"ADC Blackfire Entertainment GmbH",2017
"Call to Adventure","21E",1,4,"Brotherwise Games",2019
"Call to Adventure: Epic Origins","21E",1,4,"Brotherwise Games",2022
"Callisto: The Game","15B",2,4,"University Games",2010
"Camel Up (Second Edition)","17B",3,8,"eggertspiele",2018
"Camelot","34A",3,6,"Wingnut Games",2005
"Camlyn's Destiny","39C",2,4,"Camlyn Games",2000
"Camp Pinetop","12E",1,5,"Talon Strikes Studios LLC",2020
"Can't Stop","31E",2,4,"Parker Brothers",1980
"Can't Stop Express","52O",1,4,"Angry Lion Games",1969
"Canal Mania","40D",2,5,"Ragnar Brothers",2006
"Canalis","34C",2,4,"Alderac Entertainment Group",2013
"Candamir: The First Settlers","27A",2,4,"Mayfair Games",2005
"Candy Land","28A",2,4,"Hasbro",2014
"Candy Land","28A",2,4,"Hasbro",2014
"Canopy","52R",1,4,"Weird City Games",2021
"Canopy: Evergreen","11A",1,4,"Weird City Games",2024
"Cantaloop: Book 1 – Breaking into Prison","39B",1,4,"Lookout Games",2020
"Canterbury","40E",2,4,"Quixotic Games",2013
"Canvas","15E",1,5,"Road To Infamy Games (R2i Games)",2021
"Caper","52M",2,4,"Keymaster Games",2018
"Caper: Europe","36A",2,2,"Keymaster Games",2022
"Capo Dei Capi","19C",2,2,"Dr. Finn's Games",2013
"Captain Carcass","54U",2,4,"Mayday Games; Stardock Entertainment",2015
"Captain Flip","10B",2,5,"PlayPunk",2024
"Captain Sonar","21B",2,8,"Matagot",2016
"Captain Sonar","21B",2,8,"Matagot",2016
"Captains of Industry","45E",3,5,"Tasty Minstrel Games",2015
"Caravans of Ahldarahd","45D",2,5,"BlindLuck Studios",2005
"Caravanserai","7B",2,4,"Private Moon Studios",2024
"Caravelas","46C",2,4,"MESAboardgames",2010
"Carcassonne","27A",2,5,"Z-Man Games",2014
"Carcassonne","27A",2,5,"Z-Man Games",2014
"Carcassonne","50C",2,5,"Z-Man Games",2014
"Carcassonne Big Box","38C",2,6,"Rio Grande Games",2006
"Carcassonne: Amazonas","27A",2,5,"Z-Man Games",2016
"Carcassonne: Gold Rush","27A",2,5,"Z-Man Games",2014
"Carcassonne: Hunters and Gatherers","27A",2,5,"Rio Grande Games",2002
"Carcassonne: Over Hill and Dale","46B",2,5,"Z-Man Games",2015
"Carcassonne: Safari","27A",2,5,"Z-Man Games",2018
"Carcassonne: Star Wars","26C",2,5,"Hans im Glück",2016
"Carcassonne: The Castle","27A",2,2,"Rio Grande Games",2003
"Carcassonne: The City","27B",2,4,"Hans im Glück; Rio Grande Games",2004
"Carcassonne: The Discovery","46B",2,5,"Funagain; Rio Grande Games",2005
"Carcassonne: Wheel of Fortune","46B",2,5,"Hans im Glück; Rio Grande Games",2009
"Carcassonne: Winter Edition","27A",2,5,"Z-Man Games",2013
"Card Game: The Card Game","52P",2,5,"Gnomosapiens",2020
"Cargo Empire","15A",1,5,"Moaideas Game Design",2025
"Cargo Noir","46D",2,5,"Days of Wonder",2011
"Carnegie","20C",1,4,"Quined Games",2022
"Carnival of Sins","55C",2,5,"Tranjis Games",2025
"Carolus Magnus","40E",2,4,"Rio Grande Games",2000
"Carpe Diem","3B",2,4,"alea; Ravensburger",2019
"Carson City","24D",2,5,"Quined White Goblin Games",2012
"Carson City: The Card Game","53U",1,6,"Quined Games",2018
"Cartagena","44A",2,5,"Venice Connection",2000
"Carthago: Merchants & Guilds","32D",2,4,"Capstone Games",2018
"Cartographers","53E",1,100,"Thunderworks Games",2019
"Cartographers Heroes","53E",1,100,"Thunderworks Games",2021
"Cascadero","34E",2,4,"Bitewing Games",2024
"Cascadia","42C",1,4,"Flatout Games",2021
"Cascadia","42C",1,4,"Flatout Games",2021
"casefile: Truth & Deception Game","13A",3,4,"Goliath Games",2022
"Cassiopeia","34A",2,5,"Hobby World",2019
"Castell","15B",2,4,"Renegade Game Studios",2018
"Castellans","2A",1,5,"Daily Magic Games",2024
"Castellers!","53J",2,4,"Devir",2017
"Castellion","53R",1,2,"Z-Man Games",2015
"Castle","51E",2,5,"Descartes Editeur",2000
"Castle Combo","52L",2,5,"Catch Up Games; Hachette Boardgames UK",2024
"Castle Combo","n/a",2,5,"Catch Up Games; Hachette Boardgames UK",2024
"Castle Dice","4D",1,4,"Fun to 11",2013
"Castle Merchants","32E",2,4,"Z-Man Games",2005
"Castle of Magic","30B",4,6,"Cloud Kingdom Games",1991
"Castle Panic","22C",1,6,"Fireside Games",2022
"Castle Party","52D",2,4,"Devir",2021
"Castle Raisers","55D",1,4,"Wonderful World Board Games",2025
"Castle Risk","49E",2,6,"Parker Brothers",1986
"Castles of Mad King Ludwig","1A",1,4,"Bézier Games",2015
"Castles of Mad King Ludwig: Collector's Edition","37C",1,5,"Bézier Games",2022
"Castles of Mad King Ludwig: Secrets","90",Bézier Games,45,"2015",Available
"Cat and the Tower","57C",1,5,"Arcane Wonders",2026
"Cat and the Tower","60B",1,5,"Arcane Wonders",2026
"Cat Blues: The Big Gig","54P",2,4,"Bitewing Games",2024
"Cat in the Box: Deluxe Edition","52B",2,5,"Hobby Japan",2022
"Cat Lady","51B",2,4,"Alderac Entertainment Group",2017
"Cat Lady: Box of Treats","Base Box",1,6,"Alderac Entertainment Group",2020
"Cat Says Moo","20",Wise Wizard Games,15,"2025",Available
"Cataclysm: A Second World War","48B",2,5,"GMT Games",2018
"Catacombs (Third Edition)","23C",2,5,"Elzra",2015
"Catacombs: Cavern of Soloth","90",Elzra,30,"2011",Available
"Catacombs: Dark Passageways","30",Elzra,30,"2011",Available
"Catacombs: Horde of Vermin","30",Elzra,30,"2012",Available
"CATAN","27A",3,4,"Catan Studio",2019
"CATAN","27A",3,4,"Catan Studio",2019
"Catan Card Game","36A",2,2,"Mayfair Games",2005
"Catan Dice Game","46B",1,4,"Mayfair Games",2007
"Catan Geographies: Germany","46B",3,4,"Mayfair Games",2008
"Catan Histories: Merchants of Europe","27A",3,4,"KOSMOS",2011
"Catan Histories: Rise of the Inkas","46B",3,4,"Catan Studio",2018
"Catan Histories: Settlers of America – Trails to Rails","46B",3,4,"Catan GmbH; Mayfair Games",2010
"Catan Histories: Struggle for Rome","46B",3,4,"Mayfair Games",2006
"Catan Super Deluxe Edition","n/a",n/a,n/a,"n/a",Available
"Catan: Ancient Egypt","27A",3,4,"Mayfair Games",2014
"CATAN: Dawn of Humankind","46B",3,4,"Catan Studio",2022
"Catan: Junior","50C",2,4,"Catan GmbH; Catan Studio",2016
"CATAN: Starfarers","27A",3,4,"Catan Studio",2019
"Catan: Traveler – Compact Edition","46B",2,4,"Mayfair Games",2015
"Catapult Castle","28D",1,4,"Imperial Publishing, Inc",2022
"Catch Sketch","31D",3,6,"Mandoo Games",2022
"Catch Sketch: Magic Hat","20",Mandoo Games,20,"2023",Available
"Catfishing","110A",n/a,n/a,"n/a",n/a
"Cathedral","36D",2,2,"Robert P. Moore Games",1985
"Catherine: The Cities of the Tsarina","8C",2,4,"dlp games",2022
"Catstronauts","52O",2,4,"Alley Cat Games",2022
"CatStronauts: The Board Game","n/a",1,4,"Atlas Games",2025
"Catz, Ratz & Batz","53G",2,6,"Playroom Entertainment",2003
"Cave Troll","34A",2,4,"Fantasy Flight Games",2002
"Caverna: Cave vs Cave","35C",1,2,"Lookout Games",2017
"Caverna: Mini Expansion","Base Box",1,7,"Lookout Games; Mayfair Games",2014
"Caverna: The Cave Farmers","42C",1,7,"Mayfair Games",2016
"Caverna: The Cave Farmers","42C",1,7,"Mayfair Games",2016
"Caylus 1303","8B",2,5,"Space Cowboys",2019
"Caylus Magna Carta","44A",2,4,"Ystari Games",2007
"Caylus Magna Carta: The Favors","60",HUCH!,60,"2009",Available
"Celestia","28C",2,6,"BLAM !",2015
"Celestia Duo","55A",2,2,"BLAM !; Hachette Boardgames UK",2025
"Celestia: A Little Help","30",Arclight Games,30,"2016",Available
"Cellar des Triplettes","45C",3,5,"Mayfair Games",2006
"Cellulose: A Plant Cell Biology Game","12C",1,5,"Genius Games",2022
"Celtae","17D",1,4,"PYTHAGORAS",2023
"Celtica","6C",2,5,"Ravensburger",2006
"Century: A New World","27B",2,4,"Plan B Games",2019
"Century: Eastern Wonders","27B",2,4,"Plan B Games",2018
"Century: Golem Edition","27B",2,5,"Plan B Games",2017
"Century: Golem Edition – An Endless World","27B",2,4,"Plan B Games",2020
"Century: Golem Edition – Eastern Mountains","27B",2,4,"Arclight Games",2019
"Century: Spice Road","27B",2,5,"Plan B Games",2017
"Cerebria: The Inside World – Origin Box","6E",1,6,"Mindclash Games",2018
"Ceylon","7A",2,4,"Ludonova",2018
"Chai","10D",1,5,"Steeped Games Ltd.",2019
"Chai Garam","51A",2,4,"DICE TOY LABS",2021
"Chai: Tea for 2","35D",1,2,"Steeped Games Ltd.",2025
"CHAINS Disc Golf Board Game","39B",1,6,"Whatz Games",2024
"Challengers!","39B",1,8,"1 More Time Games",2022
"Champions of Midgard","17D",2,4,"Grey Fox Games",2015
"Chandigarh","2B",2,4,"Ludonova",2024
"Change My Mind: Chaos Unleashed","90",Self-Published,30,"2025",Available
"Change My Mind: For the Family","90",Self-Published,30,"2025",Available
"Change of Heart","54E",4,4,"(Self-Published)",2023
"Chants for the Old Ones","4E",1,4,"Cthulhu Project; Invedars",2024
"Chaos Cove","10A",2,4,"APE Games; HutChu Enterprises LLC",2024
"Chaos in the Old World","4E",3,4,"Fantasy Flight Games",2011
"Charcuterie: The Board Game","10D",2,6,"Th3rd World Studios (3WS Games)",2024
"Chariot Race","17B",2,6,"Eagle-Gryphon Games",2016
"Charioteer","48B",2,6,"GMT Games",2022
"Charms","54E",3,4,"New Mill Industries",2024
"Charon Inc.","25A",2,5,"Eagle-Gryphon Games",2010
"Cheating Moth","52A",3,5,"Drei Magier Spiele",2011
"Chef Alfredo","10D",2,4,"Queen Games",2015
"Chess & Checkers & Chinese Checkers","27D",n/a,n/a,"n/a",n/a
"Chicago Express: Narrow Gauge & Erie Railroad Company","60",Queen Games,60,"2009",Available
"Chicago Poker","19C",2,6,"Albi",2007
"Chichén Itzá","56E",2,4,"Queen Games",2025
"Children of the Colossi","55B",2,4,"Cosmodrome Games",2025
"Chimera Station","25E",2,4,"Tasty Minstrel Games",2017
"China","29E",3,5,"ABACUSSPIELE",2005
"Chinatown","20E",3,5,"alea",1999
"Chit Chat","50A",1,8,"Helvetiq",2025
"Chocolate Factory","10E",1,4,"Alley Cat Games",2019
"Chocolatiers","10D",2,5,"Daily Magic Games",2019
"Chomp","54J",1,4,"Allplay",2023
"Christmas Tree","52K",2,5,"Good Game Studio; Taiwan Boardgame Design",2023
"Chroma Mix","54I",1,4,"Jayzee Games",2024
"Chronicle","54D",3,6,"Kanai Factory",2009
"Chronicles of Crime","13B",1,4,"Lucky Duck Games",2018
"Chronicles of Crime: 1400","13B",1,4,"Lucky Duck Games",2020
"Chronicles of Crime: 1900","13B",1,4,"Lucky Duck Games",2021
"Chronicles of Crime: 2400","13B",1,4,"Lucky Duck Games",2021
"Chronicles of Frost","52S",1,4,"NSKN Games",2018
"Chrono Corsairs","10C",2,5,"Tasty Minstrel Games",2020
"Chu Han","35C",2,2,"Grail Games; Matagot",2024
"Chucky","19B",2,4,"Trick or Treat Studios",2024
"Churchill","48A",1,3,"GMT Games",2015
"Chutes and Ladders","28A",2,6,"Hasbro",2023
"Cinque Terre","8B",2,5,"Rio Grande Games",2013
"Circadians: Chaos Order","25B",2,5,"Garphill Games",2022
"Circadians: First Light","26A",1,4,"Garphill Games",2019
"Circle the Wagons","52C",2,2,"Quined Games",2019
"Circus Train (Second Edition)","4B",1,5,"Victory Point Games",2013
"Citadels","47A",2,8,"Windrider Games",2016
"Citadels","31C",2,8,"Fantasy Flight Games",2002
"Citadels","50B",2,8,"Windrider Games",2016
"Cities","20D",1,4,"Emma Games",2008
"Cities (2024)","20E",2,4,"Devir",2024
"Citizens of the Spark","3E",1,5,"Thunderworks Games",2025
"City Hall","44A",2,4,"Tasty Minstrel Games",2014
"City of Gears","9E",2,4,"Grey Fox Games",2018
"City of Iron","4C",2,4,"Red Raven Games",2013
"City of Remnants","34A",2,4,"Plaid Hat Games",2013
"City of Spies: Double Agent","60",(Unknown),45,"2017",Available
"City of Spies: Estoril 1942","40B",2,4,"MESAboardgames",2015
"City of the Big Shoulders","14D",2,4,"Parallel Games",2019
"City of the Great Machine","23A",1,4,"CrowD Games; Moroz Dev Studio",2023
"Civility","33C",2,4,"Bed Beard Games",2014
"Civilization: A New Dawn","16B",2,4,"Fantasy Flight Games",2017
"Civolution","3C",1,4,"Deep Print Games; Pegasus Spiele",2024
"Civolution","3C",1,4,"Deep Print Games; Pegasus Spiele",2024
"Clades Prehistoric","53P",1,99,"Atlas Games",2018
"Claim 2","54D",2,2,"Deep Water Games",2019
"Clan War","36D",2,2,"Alderac Entertainment Group; Wizards of the Coast",1998
"Clank! In! Space!: A Deck-Building Adventure","43C",2,4,"Dire Wolf",2017
"Clank!: A Deck-Building Adventure","43C",2,4,"Dire Wolf",2016
"Clank!: A Deck-Building Adventure","43C",2,4,"Dire Wolf",2016
"Clank!: Catacombs","42C",2,4,"Dire Wolf",2022
"Clans and Glory","57B",2,4,"HUCH!",2024
"Clans of Caledonia","43A",1,4,"Karma Games",2017
"Clans of Caledonia: Industria","57D",1,4,"Karma Games",2025
"Clash of Cultures: Monumental Edition","16A",2,4,"WizKids (I)",2021
"Clash of the Gladiators","40C",2,5,"Hans im Glück",2002
"Clash of Wills: Shiloh 1862","36C",2,2,"Mayfair Games",2012
"Classic Art","30B",2,5,"Blatz",1996
"Claustrophobia","36D",2,2,"Marabunta; asmodee",2013
"Claustrophobia 1643","55E",2,2,"Monolith Board Games",2019
"Claustrophobia: De Profundis","36D",2,2,"asmodee",2011
"Claustrophobia: Furor Sanguinis","36D",2,3,"asmodee",2014
"Claw Machine","53P",2,4,"Fractal Juegos; Neptuno Games",2024
"Cleopatra and the Society of Architects: Deluxe Edition","37C",2,4,"Mojito Studios",2020
"Cleopatra's Caboose","30C",3,5,"Z-Man Games",2010
"Clever 4Ever","54M",1,4,"Stronghold Games",2023
"Clinic: Deluxe Edition","9B",1,4,"AVStudioGames; Mercury Games",2019
"Clippers","14E",2,5,"Descartes Editeur",2002
"Clockwork Kingdom","34B",2,4,"Mr. B Games",2015
"Cloudspire","16E",1,4,"Chip Theory Games",2019
"Clue","28B",2,6,"Parker Brothers",1956
"Clue: The Card Game","52J",3,5,"Winning Moves Games (USA)",2002
"CO₂: Second Chance","9C",1,4,"Giochix.it",2018
"Coal Baron","6B",2,4,"C and C Publishing",2013
"Coal Baron: The Great Card Game","6B",2,4,"eggertspiele",2016
"Cóatl","10C",1,4,"Synapses Games",2020
"Cockroach Poker","52A",2,6,"Drei Magier Spiele",2004
"Coconuts","28D",2,4,"Korea Boardgames",2013
"Codenames","38C",2,8,"Czech Games Edition",2018
"Codenames","n/a",2,8,"Czech Games Edition",2025
"Codenames: Duet","n/a",2,2,"Czech Games Edition",2025
"Codenames: Duet","35A",2,2,"Czech Games Edition",2017
"Codenames: Pictures","51B",2,8,"Czech Games Edition",2016
"Coffee Rush","10D",2,4,"Korea Boardgames",2023
"Coffee Traders","10D",2,5,"Capstone Games",2021
"Cogs and Commissars","51C",2,6,"Atlas Games",2018
"Coimbra","8A",2,4,"eggertspiele",2018
"CoLab","37D",1,4,"Portal Dragon",2024
"Cold War: CIA vs KGB","52B",2,2,"Fantasy Flight Games",2012
"Coloma","24C",1,6,"Final Frontier Games",2019
"Colonia","8A",3,6,"Queen Games",2009
"Colonial Twilight: The French-Algerian War, 1954-62","49B",1,2,"GMT Games",2017
"Colonial: Europe's Empires Overseas","33C",2,6,"Stratagem Game Design",2011
"Color Field","39A",2,4,"25th Century Games",2024
"Coloretto","54S",2,5,"Rio Grande Games",2003
"Colors of Paris","9B",2,4,"Super Meeple",2019
"Colossal Arena","33A",2,5,"The Avalon Hill Game Co",1997
"Colossal Cave: The Board Game","51E",3,6,"Game Salute",2013
"Colosseum","6B",3,5,"Tasty Minstrel Games",2017
"Colourbrain","54K",2,12,"Big Potato Games",2017
"Colt Express","24D",2,6,"asmodee; Ludonaute",2017
"Combat Commander: Europe","35E",2,2,"GMT Games",2008
"Combat Commander: Pacific","35E",2,2,"GMT Games",2020
"Combo","PLAY TO WIN",2,6,"Happy Camper Games",2023
"Combo","PLAY TO WIN",2,6,"Happy Camper Games",2023
"Combos","PLAY TO WIN",2,4,"Enginuity",2022
"Combos","PLAY TO WIN",2,4,"Enginuity",2022
"Comet","12A",1,1,"Hollandspiele",n/a
"Comic Hunters","18A",1,4,"Arcane Wonders; Spin Master Ltd.",2024
"Comic Hunters","18A",1,4,"Arcane Wonders; Spin Master Ltd.",2024
"Coming of Age","Hot Games",1,4,"Ludonova",2025
"Commands & Colors Tricorne: The American Revolution","49D",2,2,"Compass Games",2017
"Commands & Colors: Ancients","48C",2,2,"GMT Games",2006
"Commands & Colors: Ancients Expansion Pack #1 – Greece & Eastern Kingdoms","48C",2,2,"GMT Games",2006
"Commands & Colors: Ancients Expansion Pack #2 – Rome vs the Barbarians","48C",2,2,"GMT Games",2007
"Commands & Colors: Ancients Expansion Pack #3 – The Roman Civil Wars","48C",2,2,"GMT Games",2007
"Commands & Colors: Ancients Expansion Pack #4 – Imperial Rome","48C",2,0,"GMT Games",2009
"Commands & Colors: Ancients Expansion Pack #5 – Epic Ancients II","48C",2,8,"GMT Games",2009
"Commands & Colors: Ancients Expansion Pack #6 – The Spartan Army","48C",2,2,"GMT Games",2011
"Commands & Colors: Medieval","48C",2,2,"GMT Games",2019
"Commands & Colors: Napoleonics","45E",2,2,"GMT Games",2012
"Commands & Colors: Samurai Battles","48C",2,2,"GMT Games",2021
"Commissioned","29B",2,6,"Chara Games",2016
"Common Ground","28D",2,4,"CommonGroundTheGame LLC (Doug Landman)",2013
"Compile: Main 1","52G",2,2,"Greater Than Games, LLC",2024
"Compile: Main 2","52G",2,2,"Synapses Games",2025
"Composition","52H",2,5,"Coo' Games",2020
"Compounded","51E",2,5,"Dice Hate Me Games",2013
"Conan","17E",2,5,"Monolith Board Games",2016
"Concept","50B",4,12,"Repos Production",2015
"Concept","31C",4,12,"Repos Production",2015
"Concept Kids: Animals","31C",2,12,"Repos Production",2018
"Concilium Urbis","5A",1,6,"Perro Loko Games",2024
"Concilium Urbis","5A",1,6,"Perro Loko Games",2024
"Concordia","41D",2,5,"Rio Grande Games",2017
"Concordia","41D",2,5,"Rio Grande Games",2017
"Concordia Venus","8B",2,6,"PD-Verlag",2018
"Concordia Venus: Balearica / Italia","120",Matagot,60,"2019",4938 results
"Concordia: Salsa","Base Box",2,5,"Rio Grande Games",2017
"Condottiere","2E",2,6,"Eurogames",1995
"Conflict of Heroes: Awakening the Bear! – Operation Barbarossa 1941 (Second Edition)","48D",2,4,"Academy Games Inc.",2012
"Conflict of Heroes: Guadalcanal – The Pacific 1942","48D",2,4,"Academy Games Inc.",2016
"Conflict of Heroes: Monster Tanks of the Eastern Front","120",Academy Games Inc.,120,"2012",Available
"Conflict of Heroes: Price of Honour – Poland 1939","48D",1,4,"Academy Games Inc.",2010
"Conflict of Heroes: Storms of Steel – Kursk 1943 (Third Edition)","48D",2,4,"Academy Games Inc.",2019
"Confusing Lands","52K",1,2,"Envy Born Games",2024
"Confusion: Espionage and Deception in the Cold War","36D",2,2,"franjos Spieleverlag",1992
"Connect 4","28A",2,2,"Hasbro",2020
"Conquest of Pangea","32C",2,4,"Immortal Eyes Games; Winning Moves Games (USA)",2006
"Conquest of Paradise","48B",1,4,"GMT Games",2016
"Conquest of the Empire","48E",2,6,"Eagle-Gryphon Games",2005
"Conquest Princess: Fashion Is Power","22D",1,4,"Fight in a Box",2024
"Constantinopolis","34D",2,5,"Edge Entertainment",2010
"Container: 10th Anniversary Jumbo Edition!","14E",3,5,"Mercury Games",2018
"Contempt","110A",n/a,n/a,"n/a",n/a
"ContraBanter","n/a",2,15,"Skybound Tabletop",2024
"Convert","15C",1,2,"Breaking Games; Yodeo Games",2014
"Cooper Island","10A",1,4,"Capstone Games",2019
"Copenhagen","15E",2,4,"Queen Games",2019
"Copenhagen: Roll & Write","20A",2,4,"Queen Games",2019
"Copper Country","29A",2,4,"CMX Games",2015
"Coralia","12B",2,4,"HUCH!; R&R Games",2019
"Coraxis & Co.","28D",2,5,"Queen Games",2012
"Core Worlds","40C",2,5,"Stronghold Games",2011
"Core Worlds: Galactic Orders","40C",2,5,"Stronghold Games",2012
"Core Worlds: Revolution","40C",2,5,"Stronghold Games",2014
"Core Worlds: The Stronghold","120",Stronghold Games,60,"2016",Available
"Corinth","20A",2,4,"Days of Wonder",2019
"Corporate America","35E",3,6,"Nothing Sacred Games",2013
"Corps of Discovery: A Game Set in the World of Manifest Destiny","n/a",1,4,"Off the Page Games",2025
"Corps of Discovery: A Game Set in the World of Manifest Destiny","57B",1,4,"Off the Page Games",2025
"Corsari","53C",2,4,"Piatnik",2004
"COSCA: Take Over the Mafia","19C",3,5,"TLAMA games",2025
"Cosmic Colonies","29D",1,5,"Floodgate Games",2020
"Cosmic Encounter","25D",3,5,"Fantasy Flight Games",2008
"Cosmic Encounter Duel","36B",2,2,"Fantasy Flight Games",2020
"Cosmic Encounter: 42nd Anniversary Edition","25D",3,5,"Fantasy Flight Games",2018
"Cosmic Run: Rapid Fire","45A",1,2,"Dr. Finn's Games",2017
"Cosmic Run: Regeneration","26A",1,4,"Dr. Finn's Games",2018
"Cosmoctopus","24B",1,4,"Lucky Duck Games; Paper Fort Games; Stone Sword Games",2023
"Cosmogenesis","45D",n/a,n/a,"Ludonova",n/a
"Cosmolancer","2B",2,4,"Hans im Glück",1994
"Costa Ruana","30D",2,6,"R&R Games",2018
"Cottage Garden","5B",1,4,"Stronghold Games",2017
"Council of 4","2B",2,4,"CMON Global Limited",2018
"Council of Shadows","44E",1,4,"alea",2023
"Council of Verona (Second Edition)","53P",2,5,"Crash Games",2015
"Counterfeiters","52F",2,4,"Quined Games",2018
"Countryside","57C",1,4,"Nanox Games",2025
"Coup","54O",2,6,"Indie Boards & Cards",2015
"Coup: Reformation","54S",2,10,"Indie Boards & Cards",2014
"Courtier","34C",2,4,"Alderac Entertainment Group",2012
"Courtisans","55C",2,5,"Pandasaurus Games",2024
"Couture","59B",3,6,"Allplay",2023
"Couture","54J",3,6,"Allplay",2023
"Covenant","Hot Games",1,4,"Devir",2025
"Cover Your Assets","53T",2,6,"Grandpa Beck's Games",2011
"Cover Your Cookies","52O",3,6,"Grandpa Beck's Games",2024
"Cover Your Kingdom","53T",2,8,"Grandpa Beck's Games",2019
"Covert","3A",2,4,"Renegade Game Studios",2016
"Coyote","52K",3,6,"HeidelBÄR Games",2020
"Crash the Party","31C",3,8,"Moose Games",2024
"Crazy Karts","28D",3,8,"Portal Games",2016
"Creature Caravan","4C",1,4,"Red Raven Games",2024
"Creature Caravan","4C",1,4,"Red Raven Games",2024
"Creature Comforts","3E",1,5,"KTBG",2022
"Creepshow: The Suspense-Building Game","54N",2,5,"Skybound Tabletop",2024
"Crescent Moon","29D",4,5,"Osprey Games",2022
"Cretaceous Rails","Hot Games",1,4,"Spielcraft Games",2025
"Cretaceous Rails","57C",1,4,"Spielcraft Games",2025
"Cribbage","27D",2,6,"Pressman Toy Corp.",2018
"Crimson Company","52D",1,4,"Crimson Company",2019
"Crisis at Steamfall","39D",1,4,"Beautiful Disaster Games",2019
"Critical Mass: Patriot vs Iron Curtain","45A",2,2,"Arcane Wonders",2018
"Critter Kitchen","10E",1,5,"Cardboard Alchemy",2025
"Crocodile Pool Party","36A",2,2,"KOSMOS",1968
"Crokinole","30",(Public Domain),30,"1876",Available
"Crops","55C",2,4,"Little Rocket Games",2025
"Crossed Words","PLAY TO WIN",3,6,"Indie Game Studios",2020
"Crossed Words","PLAY TO WIN",3,6,"Indie Game Studios",2020
"Crossing Oceans","14E",2,4,"PD-Verlag",2022
"Crossroll Hong Kong","20A",1,4,"NightDreamer",2019
"Crown of Emara","24E",1,4,"Pegasus Spiele",2018
"Crusaders: Thy Will Be Done","8B",2,4,"Tasty Minstrel Games",2018
"Cry Havoc","9C",2,4,"Portal Games",2016
"Cryo","25C",2,4,"Z-Man Games",2021
"Cryptic Nature","11A",1,4,"iDventure",2024
"Cryptid","13D",3,5,"Osprey Games",2018
"Crystal Clans","36C",2,2,"Plaid Hat Games",2018
"Crystal Palace","4B",2,5,"Feuerland Spiele",2019
"Cthulhu in the House","53S",3,6,"Cool Mini Or Not",2016
"Cthulhu Realms","53C",2,4,"Tasty Minstrel Games",2015
"Cthulhu Wars","16E",2,4,"Petersen Games",2015
"Cthulhu: Dark Providence","55D",1,5,"CMON Global Limited",2025
"Cthulhu: Death May Die","42C",1,5,"CMON Global Limited",2019
"Ctrl","15D",2,4,"Pandasaurus Games",2020
"Cuba","10C",2,5,"eggertspiele",2007
"Cuba Libre","49B",1,4,"GMT Games",2016
"Cuba: El Presidente","120",eggertspiele,120,"2009",Available
"Cube Monster","9D",1,4,"Crazzybox Inc",2024
"Cubitos","17B",2,4,"Alderac Entertainment Group",2021
"Cubo","28B",2,4,"Queen Games",2014
"Cupcake Empire","10E",2,4,"Ludonova",2018
"Cuphead: Fast Rolling Dice Game","18B",1,4,"The Op Games",2021
"Curio: The Lost Temple","47B",2,5,"WizKids (I)",2018
"Curious Cargo","36A",2,2,"Capstone Games",2020
"Cursed Court","31E",2,6,"Atlas Games",2017
"Curses & Covens","53P",4,6,"Good Games Publishing; One Thousand Rats",2025
"Custom Heroes","54A",2,6,"Alderac Entertainment Group",2017
"Cutthroat Caverns","30B",3,6,"Smirk & Dagger Games",2007
"Cuzco","3C",2,4,"Super Meeple",n/a
"CVlizations","16A",2,5,"Arclight Games",2015
"Cyberion","54T",2,2,"(Self-Published)",n/a
"Cyberpunk 2077: Gangs of Night City","18C",1,4,"CD Projekt RED; CMON Global Limited",2024
"Cyclades","17A",2,5,"Matagot",2009
"Cyclades: Ancient Ruins","90",Matagot,60,"2016",Available
"Cyclades: Hades","90",Matagot,60,"2011",Available
"Cyclades: Legendary Edition","56D",2,6,"Studio H",2025
"Cyclades: Monuments","45",Matagot,45,"2016",Available
"Cyclades: Titans","90",Matagot,60,"2014",Available
"Cytosis: A Cell Biology Board Game","12C",2,5,"Genius Games",2017
"Cytress","19E",1,5,"Tress Games",2025
"D-Day Dice (Second Edition)","49C",1,4,"Word Forge Games",2019
"D-Day Dice (Second Edition): Atlantikwall","49C",1,5,"Word Forge Games",2018
"D-Day Dice (Second Edition): War Stories","49C",1,5,"Word Forge Games",2018
"D.E.I.: Divide et Impera","19E",2,4,"Ludus Magnus Studio",2022
"Da Yunhe: Der Grosse Kaiserkanal","44B",2,5,"Müller-Mätzig Spiele Verlag",2016
"Dabba Walla","10E",2,4,"Queen Games",2024
"Dados","31D",2,4,"Faultline Studios",2011
"Daitoshi","9D",1,4,"Devir",2024
"Dale of Merchants","53L",2,4,"Snowdale Design",2015
"Dale of Merchants 2","53L",2,4,"Snowdale Design",2016
"Dale of Merchants 3","53L",2,4,"Snowdale Design",2020
"Dale of Merchants Collection","4A",2,4,"Snowdale Design",2019
"Dante's Inferno","29B",3,6,"Twilight Creations, Inc.",2003
"Darjeeling","29A",2,5,"ABACUSSPIELE",2007
"Dark Darker Darkest","39C",2,5,"Queen Games",2013
"Dark Horse","24D",1,4,"Knight Works LLC",2012
"Dark Seas","45A",2,4,"Alderac Entertainment Group",2015
"Dark Souls: The Board Game","18C",1,4,"Steamforged Games Ltd.",2017
"Dark Souls: The Card Game","18C",1,4,"Steamforged Games Ltd.",2018
"Dark Souls: The Card Game – Forgotten Paths Expansion","18C",1,4,"Steamforged Games Ltd.",2018
"Darkest Doom","55E",1,4,"Game Start Studio",2025
"Darkest Night: Second Edition","39E",1,5,"Victory Point Games",2018
"Darwin's Journey: Collector's Edition","43B",1,4,"ThunderGryph Games",2023
"Darwinning!","51B",2,6,"Dragon Dawn Productions",2018
"Das letzte Paradies","39C",3,5,"KOSMOS",1993
"Dash! A whimsical race through Singapore","17B",3,5,"Cardboard Island Games",2012
"David & Goliath","52B",3,6,"Berliner Spielkarten",1997
"Dawn of Madness","38B",1,4,"Diemension Games",2024
"Dawn of the Zeds (Third Edition)","46E",1,5,"Frosted Games",2021
"Dawn of Ulos","1A",1,5,"Thunderworks Games",2023
"Dawn Under","30D",2,6,"Zoch Verlag",2004
"Daybreak","22C",1,4,"CMYK",2023
"Days of Ire: Budapest 1956","33B",1,4,"Mighty Boards",2016
"DC Deck-Building Game","18A",2,5,"Cryptozoic Entertainment",2012
"De Stijl","53D",2,5,"Quick Simple Fun Games",2017
"De Vulgari Eloquentia","44B",2,5,"Giochix.it",2010
"De Vulgari Eloquentia","29E",2,5,"Giochix.it",2010
"Dead Cells: The Rogue-Lite Board Game","21D",1,4,"Scorpion Masqué",2024
"Dead Drop","53U",2,4,"Crash Games",2015
"Dead Last","31B",6,12,"Smirk & Dagger Games",2016
"Dead Man's Cabal","34B",2,4,"Pandasaurus Games",2019
"Dead Man's Chest","53A",3,8,"Eagle-Gryphon Games",2015
"Dead Man's Treasure","10A",3,5,"Playroom Entertainment",2006
"Dead Money","53A",3,6,"Cheapass Games",2006
"Dead of Winter: A Crossroads Game","21B",2,5,"Plaid Hat Games",2014
"Dead of Winter: The Long Night","21B",2,5,"Plaid Hat Games",2016
"Dead Reckoning","10B",1,4,"Alderac Entertainment Group",2022
"Dead Reckoning: Sea Dogs Expansion (2022)","150",Alderac Entertainment Group,90,"2022",Available
"Deadly Dowagers","51F",2,6,"Sparkworks; Tabletop Tycoon Inc.",2023
"Deadwood","24C",2,5,"Dust Games; Fantasy Flight Games",2011
"Deadwood 1876","53H",2,9,"Facade Games",2018
"Deal with the Devil","22C",4,4,"Czech Games Edition",2022
"Dealt!","54D",3,5,"AMIGO",2018
"Deception: Murder in Hong Kong","23B",4,12,"Jolly Thinkers",2014
"Deception: Undercover Allies","23B",4,14,"Jolly Thinkers",2017
"Decktective: Bloody-Red Roses","54H",1,6,"DV Games",2019
"Décorum","21B",2,4,"Floodgate Games",2022
"Decrypto","51A",3,8,"Scorpion Masqué",2018
"Deep Dive","51F",1,6,"Flatout Games",2023
"Deep Dreams","n/a",2,5,"Devir",2025
"Deep Sea Adventure","54U",2,6,"Oink Games",2014
"Defenders of the Last Stand","34E",1,5,"8th Summit",2016
"Defenders of the Realm","40C",1,4,"Eagle-Gryphon Games",2010
"Defenders of the Realm: Generals Expansion","Base Box",1,4,"Eagle-Gryphon Games",2014
"Defenders of the Realm: Hero Expansion #1","120",Eagle-Gryphon Games,120,"2011",Available
"Defenders of the Realm: Hero Expansion #2","120",Eagle-Gryphon Games,120,"2011",Available
"Defenders of the Realm: Hero Expansion #3","120",Eagle-Gryphon Games,120,"2011",Available
"Defenders of the Wild","21A",1,4,"Outlandish Games",2024
"Delicious","53Q",1,100,"Pencil First Games LLC",2022
"Deliverance","44D",1,4,"Lowen Games",2023
"Demonslayer: Siege of Mt. Kunlun","39B",1,4,"EOS Press",2014
"Der weiße Lotus","1C",3,6,"TM Spiele",2000
"Descent: Journeys in the Dark (Second Edition)","23D",1,5,"Fantasy Flight Games",2016
"Descent: Legends of the Dark","23D",1,4,"Fantasy Flight Games",2021
"Desperados of Dice Town","51B",2,4,"Matagot",2014
"Destination: Neptune","25A",2,4,"Griggling Games",2014
"Destinies","3D",1,3,"Lucky Duck Games",2021
"Detective Club","31D",4,8,"Blue Orange Games",2019
"Detective Rummy","13A",2,4,"WizKids (I)",2022
"Detective: A Modern Crime Board Game","13B",1,5,"Portal Games",2018
"Detective: City of Angels","23A",1,5,"Van Ryder Games",2019
"Deus","16B",2,4,"Pearl Games",2014
"Devil May Cry: The Bloody Palace","18C",1,4,"Steamforged Games Ltd.",2021
"Di Renjie","53A",2,6,"Sunrise Tornado Game Studio",2012
"Diamonds","54B",2,6,"Stronghold Games",2014
"Diatoms","15C",1,4,"Ludoliminal; 25th Century Games",2025
"Dice City","4D",1,4,"Alderac Entertainment Group",2015
"Dice City: All That Glitters","45",Alderac Entertainment Group,45,"2016",Available
"Dice City: By Royal Decree","45",Alderac Entertainment Group,45,"2016",Available
"Dice City: Crossroads","60",Alderac Entertainment Group,45,"2016",Available
"Dice Clash","PLAY TO WIN",1,2,"Galen's Games",2025
"Dice Clash","PLAY TO WIN",1,2,"Galen's Games",2025
"Dice Colony","20A",1,4,"Buró",2022
"Dice Conquest","53L",1,4,"WizKids (I)",2022
"Dice Forge","50E",2,4,"Libellud",2017
"Dice Forge","4D",2,4,"Libellud",2017
"Dice Hospital","4D",1,4,"Alley Cat Games",2018
"Dice Manor","60E",2,4,"Arcane Wonders",2023
"Dice Miner","4D",1,4,"Atlas Games",2021
"Dice Realms","4D",2,4,"Rio Grande Games",2022
"Dice Settlers","1E",1,4,"NSKN Games",2018
"Dice Throne: Santa v. Krampus","4D",2,6,"Roxley",2022
"Dice Throne: Season One ReRolled","4D",2,6,"Mind Bottling Games",2020
"Dice Throne: Season Two – Battle Chest","4D",2,6,"Roxley",2018
"Dice Town","24C",2,5,"Matagot",2009
"Dice Town: A Fistful of Cards","45",Matagot,45,"2018",Available
"Dice Town: Cowboys","45",Matagot,45,"2017",Available
"Dice Words","PLAY TO WIN",2,4,"Thames & Kosmos",2025
"Dice Words","PLAY TO WIN",2,4,"Thames & Kosmos",2025
"Dicenstein","4D",2,4,"Petersen Games",2017
"Dicey Peaks","40B",2,6,"Calliope Games",2017
"Die Macher","46C",3,5,"Portal Games",2020
"Die Säulen von Venedig","47B",2,6,"Goldsieber Spiele",2006
"Digsaw","PLAY TO WIN",1,6,"Indie Game Studios",2024
"Digsaw","PLAY TO WIN",1,6,"Indie Game Studios",2024
"Dimension","15D",1,4,"KOSMOS",2015
"Dino Dig: Risky Sites","54P",2,5,"Zerua Games",2019
"Dino Hunt","44A",2,4,"Steve Jackson Games",1996
"DinoGenics","4B",1,5,"Ninth Haven Games",2020
"Dinosaur Island","4B",1,4,"Pandasaurus Games",2018
"Dinosaur Island: Rawr 'n Write","20A",1,4,"Pandasaurus Games",2021
"Dinosaur Tea Party","51B",3,5,"Restoration Games",2018
"Dinosaur World","4B",2,4,"Pandasaurus Games",2021
"Diplomacy","48E",2,7,"Renegade Game Studios",2023
"Dirt & Dust","17B",1,4,"Albi",2025
"Dirt and Glory","52I",2,5,"Pink Troubadour",2024
"Disciple Detective","45C",2,5,"Funhill Games",2020
"Disco Island Escape","2B",2,4,"Hootenanny Games",2025
"Discordia","7C",1,4,"Irongames",2022
"Discoveries: The Journals of Lewis & Clark","29E",2,4,"Ludonaute",2015
"Discovery","40D",2,2,"Tactic",2002
"Discovery: The Era of Voyage","45C",2,4,"EmperorS4",2018
"Discworld: Ankh-Morpork","1B",2,4,"Treefrog Games",2011
"Disney Hocus Pocus: Tricks & Wits","53J",2,4,"Funko Games",2022
"Disney Lorcana: Illumineer's Quest - Palace Heist","57A",1,4,"Ravensburger",2025
"Disney Lorcana: Illumineer's Quest – Deep Trouble","Palace Heist Box",1,2,"Ravensburger",2024
"Disney Sorcerer's Arena: Epic Alliances Core Set","19A",2,4,"The Op Games",2022
"Disney Villainous: Perfectly Wretched","19A",2,3,"Ravensburger",2020
"Disney Villainous: The Worst Takes it All","19A",2,6,"Ravensburger",2018
"Distilled","10D",1,5,"Paverson Games",2023
"Divinity Original Sin: The Board Game","18D",1,4,"Larian Studios",2023
"Divvy Dice","54M",1,4,"Schmidt Spiele",2020
"Dixit","50A",3,6,"Libellud",2008
"Dixit: Disney Edition","31A",3,6,"Libellud",2023
"Dixit: Odyssey","31A",3,12,"Libellud",2011
"Djinn","6D",1,4,"Hall Games; Pegasus Spiele",2023
"Do You Really Know Your Family","90",ASM Games,30,"2025",Available
"Dodos Riding Dinos","26E",1,8,"Detestable Games; Draco Studios",2021
"Dog Park","11C",1,4,"Birdwood Games",2022
"Dog Tag Trick","54E",3,5,"Game Nowa",2020
"Doge","32E",3,4,"Goldsieber Spiele",2000
"Doggerland","1A",1,4,"Hachette Boardgames UK; Super Meeple",2024
"Dogs of War","4E",3,5,"Cool Mini Or Not",2014
"Dohdles!","31A",3,6,"KOSMOS",2015
"Dojo Kun","24E",1,4,"CMON Global Limited; Yemaia",2017
"Dom Pierre","39C",2,4,"Pile Up Games; R&R Games",2022
"Domaine","16E",2,4,"KOSMOS",2003
"Dominant Species","12A",2,6,"GMT Games",2018
"Dominant Species: Marine","12B",2,4,"GMT Games",2021
"Dominant Species: The Card Game","12A",2,6,"GMT Games",2012
"Dominare","34C",2,6,"Alderac Entertainment Group",2012
"Dominations: Road to Civilization","44E",2,4,"Holy Grail Games",2019
"Dominion","27B",2,4,"Rio Grande Games",2008
"Dominion (Second Edition)","27B",2,4,"Rio Grande Games",2016
"Dominion: Intrigue","1st Base Box",2,6,"Rio Grande Games",2009
"Dominion: Seaside","1st Base Box",2,4,"Rio Grande Games",2009
"Don Quixote","8C",1,4,"Pegasus Spiele",2010
"Don't Break the Ice","28A",2,4,"Hasbro",2017
"Don't Get Got!","54J",2,10,"Big Potato Games",2018
"Don't Mess with Cthulhu Deluxe","52L",4,8,"Indie Boards & Cards",2018
"Don't Press That Mine Turtle","31B",2,6,"Big Potato Games",2024
"Don't Wake up Cthulhu!","PLAY TO WIN",3,6,"Don't Panic Games",2020
"Don't Wake up Cthulhu!","PLAY TO WIN",3,6,"Don't Panic Games",2020
"Donut Shop","10E",2,4,"25th Century Games",2024
"Doodle Dungeon","20B",2,4,"Pegasus Spiele",2020
"Doodle Heist","31C",4,16,"Dyce Games",2023
"Doodle Quest","31B",1,4,"Blue Orange Games",2014
"Doodle Rush","31A",3,6,"Brain Games",2017
"Doomtown: Reloaded","45D",2,4,"Alderac Entertainment Group",2014
"Doomworks","53O",2,5,"One Man Act Games",2013
"Dorfromantik: Light Luggage","56A",1,4,"Pegasus-Spiele",2025
"Dorfromantik: The Board Game","21A",1,6,"Pegasus Spiele",2022
"Dorfromantik: The Duel","57B",2,2,"Pegasus-Spiele",2023
"Dos Rios","30E",2,4,"KOSMOS",2004
"Double 12 Dominoes","27D",n/a,n/a,"n/a",n/a
"Downforce","17C",2,6,"Restoration Games",2017
"Draco Magi","53K",2,2,"Robert Burke Games",2014
"Draco Mundis","51D",2,4,"Hazgaard Editions",2006
"Dracula","36A",2,2,"KOSMOS",2003
"Draft & Write Records","20A",1,6,"Inside Up Games",2024
"Draft & Write Records","PLAY TO WIN",1,6,"Inside Up Games",2024
"Draft & Write Records","PLAY TO WIN",1,6,"Inside Up Games",2024
"Draftosaurus","2D",2,5,"Ankama",2019
"Dragon Castle","26E",1,4,"Horrible Guild",2017
"Dragon Valley","28D",2,4,"Queen Games",2014
"Dragon's Gold","40A",3,6,"IDW Games; Pandasaurus Games",2015
"Dragon's Hoard","53G",2,4,"Mortensen Games",2014
"Dragonbond: Lords of Vaala","23B",1,4,"Draco Studios",2023
"Dragonfire","26E",2,6,"Catalyst Game Labs",2017
"Dragonheart","36A",2,2,"Fantasy Flight Games",2010
"Dragonkeepers","26E",2,4,"KOSMOS",2023
"Dragonland","26E",2,4,"Ravensburger",2002
"Drakon (Second Edition)","26E",2,6,"Fantasy Flight Games",2002
"Drawn to Adventure","46A",1,4,"Final Frontier Games",2021
"DRCongo","32E",1,4,"Ragnar Brothers",2015
"Dread Curse","51C",3,8,"Smirk & Dagger Games",2013
"Dream Home","30D",2,4,"Rebel Sp. z o.o.",2016
"Dream On!","51D",2,8,"CMON Global Limited",2017
"Dreaming Spires","3A",3,5,"Game Salute",2014
"Dreamscape","33C",1,4,"Sylex",2019
"Dreamworld: An Unconscious Mind Card Game","52N",1,4,"Fantasia Games",2024
"Drop It","15D",2,4,"KOSMOS",2018
"Dubious","60C",3,6,"Hobby World",2022
"Duck & Cover","50A",2,7,"Captain Games",2025
"Duel for Cardia","55C",2,2,"asmodee",2025
"Duel for Cardia","50A",2,2,"asmodee",2025
"Duel in the Dark","48E",1,2,"Pilot Games",2007
"Duel of Ages II","44B",2,8,"Worldspanner",2013
"Duel of Ages II: Master Set","44B",2,8,"Worldspanner",2013
"Duel of the Giants: Eastern Front","48E",2,4,"Pilot Games",2010
"Duelosaur Island","35C",1,2,"asmodee",2018
"Dulce","10D",1,4,"Stronghold Games",2022
"Dune","18D",2,6,"Gale Force Nine LLC",2019
"Dune","28A",2,4,"Parker Brothers",1984
"Dune CCG","53A",2,8,"Last Unicorn Games",1997
"Dune: Imperium","41A",1,4,"Dire Wolf",2020
"Dune: Imperium","41A",1,4,"Dire Wolf",2020
"Dune: Imperium","41A",1,4,"Dire Wolf",2020
"Dune: Imperium – Rise of Ix","41A",1,4,"Dire Wolf",2022
"Dune: Imperium – Uprising","41A",1,6,"Dire Wolf",2023
"Dune: Imperium – Uprising","41A",1,6,"Dire Wolf",2023
"Dune: War for Arrakis","18D",1,4,"CMON Global Limited; Gale Force Nine, LLC",2024
"Dungeon Academy","28B",1,6,"Matagot",2019
"Dungeon Alliance","46E",1,4,"Quixotic Games",2018
"Dungeon Cup","46A",2,4,"Red Helm",2016
"Dungeon Degenerates: Hand of Doom","22C",1,4,"Goblinko",2017
"Dungeon Drop","53D",1,4,"Gamewright; Phase Shift Games",2020
"Dungeon Dwellers","33E",2,6,"S2 Adventures",2014
"Dungeon Fighter","15E",1,6,"Horrible Guild; IELLO",2015
"Dungeon Legends","23D",1,4,"Rebel Studio",2024
"Dungeon Lords","4E",2,4,"Czech Games Edition; Z-Man Games",2009
"Dungeon Lords: Minions Bearing Gifts","90",(Web published),90,"2011",Available
"Dungeon Petz","4E",2,4,"Czech Games Edition",2011
"Dungeon Petz: Bonus Pets","90",Czech Games Edition,90,"2012",Available
"Dungeon Roll","52S",1,4,"Tasty Minstrel Games",2013
"Dungeon Rush","53R",2,5,"Stronghold Games",2017
"Dungeon Twister","40A",2,2,"asmodee",2005
"Dungeon Twister 2: Prison","36D",1,2,"Ludically",2009
"Dungeon Twister: The Card Game","45C",2,2,"Ludically",2013
"Dungeon Universalis","23E",1,6,"Ludic Dragon Games",2019
"Dungeoneer: Tomb of the Lich Lord","52C",2,4,"Atlas Games",2009
"Dungeons & Dragons: Castle Ravenloft Board Game","23E",1,5,"Wizards of the Coast",2010
"Dungeons & Dragons: Edge of the Realms","56C",2,5,"WizKids",2025
"Dungeons & Dragons: Onslaught","36D",2,2,"WizKids (I)",2023
"Dungeons & Dragons: Wrath of Ashardalon Board Game","23E",1,5,"Wizards of the Coast",2011
"Dungeons and Dragons: The Legend of Drizzt Board Game","23E",1,5,"Wizards of the Coast",2011
"DVONN","15D",2,2,"Corfix",2001
"Dwar7s Winter","34B",1,4,"Vesuvius Media",2018
"Dwarf","53E",1,3,"Dragon Dawn Productions",2020
"Dwarven Dig!","46E",2,6,"Kenzer and Company",2003
"Dwellings of Eldervale","37A",1,5,"Breaking Games",2020
"Dwergar","39E",2,4,"Granna",2020
"Eagle Kingdoms","29A",2,6,"Gamewright",1994
"Earth","11D",1,5,"Inside Up Games",2023
"Earth","11D",1,5,"Inside Up Games",2023
"Earth","11D",1,5,"Inside Up Games",2023
"Earth 2053: Tipping Point","55B",1,4,"Crimson Company",2025
"Earth Gambit: Light","52O",2,10,"Honest Quarks Games",2024
"Earth Reborn","47E",2,4,"Ludically",2010
"Earthborne Rangers","57D",1,4,"Earthborne Games",2023
"East India Companies","7A",2,4,"Atalia; HUCH!; R&R Games",2022
"Easy Money","28E",2,8,"Milton Bradley",1974
"Eaten by Zombies!","55C",2,4,"Mayday Games",2011
"eBay Buy It Now","30E",2,4,"eBay",2022
"Echidna Shuffle","12A",2,6,"Wattsalpoag Games",2018
"Echoes of Time","n/a",2,4,"Cranio Creations; CrowD Games",2025
"Echoes of Time","55B",2,4,"Cranio Creations; CrowD Games",2025
"Eclipse: Second Dawn for the Galaxy","41C",2,6,"Lautapelit.fi",2020
"Ecos: First Continent","11D",2,6,"Alderac Entertainment Group",2019
"Edge of Darkness","38D",1,4,"Alderac Entertainment Group",2019
"Edison & Co.","44C",2,4,"Goldsieber Spiele",1998
"Egizia","7D",2,4,"Rio Grande Games",2010
"Egizia: Shifting Sands – Kickstarter Edition","7D",2,4,"Stronghold Games",2019
"EGO","56C",2,5,"Bitewing Games",2025
"EGO","59C",2,5,"Bitewing Games",2025
"Eight-Minute Empire","4C",2,5,"Red Raven Games",2013
"Eight-Minute Empire: Legends","4C",2,4,"Red Raven Games",2013
"Eight-Minute: Lost Lands","4C",2,6,"Red Raven Games",2015
"Eila and Something Shiny","21D",1,1,"NorthStar Game Studio",2023
"Eketorp","44E",3,6,"Queen Games",2003
"El Caballero","6B",2,4,"999 Games",1998
"El Capitán","6B",2,5,"Quined White Goblin Games",2007
"El Grande","43D",2,5,"Hans im Glück",1995
"El Grande Big Box","43D",2,5,"Hans im Glück",2015
"Elasund: The First City","46B",2,4,"Catan GmbH; KOSMOS; Mayfair Games",2005
"Elder Sign","31A",1,8,"Fantasy Flight Games",2012
"Eldritch Horror","21B",1,8,"Fantasy Flight Games",2013
"Eldritch Horror","50D",1,8,"Fantasy Flight Games",2013
"Eleven: Football Manager Board Game","39B",1,4,"Portal Games",2022
"Elevenses","55C",2,4,"Grail Games",2025
"Elk Fest","36B",2,2,"KOSMOS",1999
"Elysium","7E",2,4,"asmodee; Space Cowboys",2015
"Embarcadero","20D",1,4,"Renegade Game Studios",2021
"Emberheart","n/a",2,4,"Mindclash Games",2025
"Emberheart","55B",2,4,"Mindclash Games",2025
"Emberleaf","n/a",1,5,"The City of Games",2025
"Emberleaf","3E",1,5,"The City of Games",2025
"Embers of Memory: A Throne of Glass Game","36B",2,2,"Osprey Games",2019
"Emerald Skulls","57C",1,6,"Thunderworks Games",2025
"Eminent Domain","25D",2,4,"Tasty Minstrel Games",2011
"Emira","30D",3,5,"Devir",2006
"Empire Express","45E",2,4,"Mayfair Games",2012
"Empire of the Sun: The Pacific War 1941-1945","48A",1,2,"GMT Games",2015
"Empire's End","34C",2,4,"Brotherwise Games",2023
"Empires at Sea: Deluxe Edition","16D",2,5,"Bear & Bandit LLC",2016
"Empires of the Void","44C",2,4,"Red Raven Games",2012
"Empires of the Void II","4C",2,5,"Red Raven Games",2018
"Empires: Age of Discovery","16D",2,6,"Eagle-Gryphon Games",2015
"En Garde!","52I",2,6,"SlugFest Games",2005
"En Route","20A",1,4,"CrowD Games",2025
"Enchanters","51A",2,4,"Gindi; LudiCreations",2017
"Enchanters: Overlords","39C",2,4,"Gindi",2018
"Encyclopedia","11B",1,4,"Holy Grail Games",2022
"Endangered","11D",1,5,"Grand Gamers Guild",2020
"Endeavor","10B",3,5,"Z-Man Games",2009
"Endeavor: Age of Sail","10B",2,5,"Burnt Island Games",2018
"Endeavor: Age of Sail – Charter Companies Mini-Expansion","90",Board Game Circus,60,"2018",Available
"Endeavor: Deep Sea","12B",1,4,"Burnt Island Games; Grand Gamers Guild",2024
"Endeavor: Deep Sea Deluxe Edition","12B",1,5,"Burnt Island Games; Grand Gamers Guild",2024
"Endless Pass: A Viking Saga","51D",2,6,"WizKids (I)",2018
"Endless Winter: Paleoamericans","16B",1,4,"Fantasia Games",2022
"Endless Winter: Paleoamericans","16B",1,4,"Fantasia Games",2022
"Enemies & Lovers: The Crown of Elfhame","56A",2,4,"Van Ryder Games",2024
"Enemy Anemone","54G",2,6,"New Mill Industries",2023
"Engine Thieves: The Andrews Railroad Raid of 1862","24D",1,2,"Compass Games",2025
"Enola Holmes: Finder of Lost Souls","13B",2,4,"Gale Force Nine, LLC",2022
"Entdecker: Exploring New Horizons","34E",2,4,"Competo / Marektoy",2001
"Epic Card Game","45B",2,4,"Wise Wizard Games",2015
"Epic Card Game: Duels","52M",2,2,"Wise Wizard Games",2021
"Epic Resort","47A",2,4,"Floodgate Games",2014
"Epochs: Course of Cultures","16C",2,4,"ICE Makes",2025
"Equations","53B",2,6,"Science Research Associates Inc.",1963
"Equinox","3E",2,5,"Plan B Games",2021
"Eriantys","44C",2,4,"Cranio Creations",2021
"Eruption","33A",2,6,"Magellan",2011
"Escape Deathrace 2182 Micro","54I",1,4,"(Self-Published)",2019
"Escape from the Aliens in Outer Space","56B",2,8,"Osprey Games",2016
"Escape Plan","9C",1,5,"Eagle-Gryphon Games",2019
"Escape Room Tycoon","9B",2,4,"Creative Jam",2025
"Escape Room: The Game","13C",3,5,"Identity Games International B.V.",2016
"Escape Tales: Children of Wyrmwoods","13C",1,4,"Board&Dice",2020
"Escape Tales: Low Memory","13C",1,4,"Board&Dice",2019
"Escape: The Curse of the Temple","22B",1,5,"Queen Games",2012
"Escape: Zombie City","22B",2,4,"Queen Games",2014
"España 1936","49D",2,2,"Devir",2024
"Eternal Decks","Hot Games",1,4,"Tricktakers Games",2025
"Eternal Dynasty","39D",2,5,"Zucchini People Games LLC",2015
"Ether Wars","34E",2,4,"Burning Games",2017
"Etherfields","47E",1,4,"Awaken Realms",2020
"Etherstone","56A",2,4,"ThunderGryph Games",2025
"Ethnos","9D",2,6,"CMON Global Limited",2017
"Ethnos 2nd Edition","9D",1,6,"CMON Global Limited",2025
"Ethnos: 2nd Edition (2025)","9D",1,6,"CMON Global Limited",2025
"Euchre","54C",2,7,"The United States Playing Card Company",2000
"Euphoria: Build a Better Dystopia","1E",2,6,"Stonemaier Games",2013
"Euphoria: Ignorance Is Bliss","90",Stonemaier Games,40,"2019",Available
"Europa Universalis: The Price of Power","18D",1,4,"Aegir Games",2023
"Evacuation","25C",1,4,"Delicious Games",2023
"EVE: War for New Eden","56E",n/a,n/a,"n/a",n/a
"Evenfall","4E",1,4,"dlp games; Nanox Games",2023
"Everbloom","11B",1,4,"Nerdvana Games",2025
"Everdell","42B",1,4,"Starling Games (II)",2018
"Everdell Duo","36E",1,2,"Starling Games (II)",2025
"Everdell Duo","35A",1,2,"Starling Games (II)",2025
"Everdell Farshore","3E",1,4,"Starling Games (II)",2023
"Everdell Silverfrost","56D",1,4,"Starling Games (II), Tabletop Tycoon, Inc.",2025
"Everdell Silverfrost","n/a",1,4,"Starling Games (II), Tabletop Tycoon, Inc.",2025
"Everdell Silverfrost","56D",1,4,"Starling Games (II), Tabletop Tycoon Inc.",2025
"Everdell: The Complete Collection","42B",1,6,"Starling Games (II)",2022
"Evergreen","11D",1,4,"Horrible Guild",2022
"Everstone: Discovering Ignis","2A",1,4,"McDavitt Publishing",2024
"Evil Corp.","4E",2,4,"La Boîte de Jeu",2023
"Evo","33C",3,5,"Eurogames",2001
"Evolution","11D",2,6,"North Star Games LLC",2014
"Evolution: Flight","51E",2,6,"North Star Games LLC",2015
"Evolution: The Beginning","11D",2,5,"North Star Games, LLC",2016
"Ex Libris","2B",1,4,"Renegade Game Studios",2017
"Excavation Earth","25A",1,4,"Mighty Boards",2021
"Exhibition: 20th Century","32D",1,5,"Cwali",2021
"Exodus Fleet","26B",2,5,"Tasty Minstrel Games",2017
"Exodus: Edge of Extinction","120",NSKN Games,120,"2015",Available
"Exodus: Event Horizon","40D",1,6,"NSKN Games",2017
"Exodus: Paris Nouveau","54O",4,6,"Indie Boards & Cards",2018
"Exodus: Proxima Centauri","26B",2,6,"NSKN Games",2012
"Exoworld Survival","25D",1,5,"Starling Games (II); Tabletop Tycoon Inc.",2023
"Expedition Sumatra","30D",2,4,"Igramoon Spieleverlag",2010
"Expedition: Famous Explorers","6B",2,6,"8th Summit",2013
"Expedition: Northwest Passage – HMS Terror Edition","14E",1,4,"Matagot",2013
"Expeditions","3D",1,5,"Stonemaier Games",2023
"Exploding Kittens","53U",2,5,"Ad Magic Inc. (AdMagic Games)",2015
"Exploding Kittens","53U",2,5,"Ad Magic Inc. (AdMagic Games)",2015
"Exploding Kittens: The Board Game","50A",2,6,"Exploding Kittens",2025
"Explorers","20B",1,4,"Ravensburger",2021
"Explorers of Navoria","29E",2,4,"Board Game Rookie; Qiling Board Games",2024
"Explorium: A High Stakes Mining Extravaganza","32E",2,6,"49th West Games, Inc.",2004
"Explosion in the Laboratory","PLAY TO WIN",1,4,"Weird Giraffe Games",2024
"Explosion in the Laboratory","PLAY TO WIN",1,4,"Weird Giraffe Games",2024
"Exposed","13A",2,6,"Overworld Games",2016
"Express Route","22A",1,4,"The Op Games",2023
"Expressions","54M",2,5,"Barn Made Games",2024
"Extra! Extra!","2B",2,6,"Mayfair Games",2015
"Ezra and Nehemiah","9A",1,4,"Garphill Games",2024
"FAB: The Bulge","48B",2,2,"GMT Games",2008
"Fabled Fruit","29C",2,5,"2F-Spiele",2016
"Factory 42","5E",2,5,"Dragon Dawn Productions",2021
"Factory Funner","59E",1,6,"Allplay",2016
"Fairy","59A",2,10,"Allplay",2024
"Fairy Ring","5A",2,4,"Repos Production",2024
"Fairy Ring","5A",2,4,"Repos Production",2024
"Fairy Tale","52I",2,5,"Z-Man Games",2014
"Fairy Tale Inn","36D",2,2,"CMON Global Limited",2021
"Fairy Tile","24E",2,4,"IELLO",2018
"Fairy Trails","53F",1,2,"Paper Plane Games",2020
"Faiyum","29C",1,5,"2F-Spiele",2020
"Fall of Rome","22C",1,5,"Z-Man Games",2018
"Falling Sky: The Gallic Revolt Against Caesar","49B",1,4,"GMT Games",2016
"Falling Sky: The Gallic Revolt Against Caesar – Ariovistus","49B",1,4,"GMT Games",2018
"Fallout","18E",1,4,"Fantasy Flight Games",2017
"Fallout Shelter: The Board Game","18E",2,4,"Fantasy Flight Games",2020
"Fancy Feathers","54Q",2,2,"2F-Spiele",2022
"Fantastic Factories","5E",1,5,"Metafactory Games",2019
"Fantasy Business","51E",3,8,"Descartes Editeur",2002
"Fantasy Realms","52R",2,6,"WizKids (I)",2017
"Fantasy Realms: Deluxe Edition","51F",3,6,"WizKids (I)",2022
"Fantasy Realms: Greek Legends","55C",2,6,"WizKids",2025
"Faraway","53R",2,6,"Catch Up Games",2023
"Farm Fuss","54S",2,4,"Hornet Games",2022
"Fast & Furious: Highway Heist","19B",2,4,"Funko Games",2021
"Fast Forward: FLEE","52J",1,4,"2F-Spiele",2017
"Fast Sloths","29C",2,5,"2F-Spiele",2019
"Fast Sloths: Expansion 1 – The Next Holiday!","45",2F-Spiele,45,"2019",Available
"Fast Sloths: Promo Set – Chameleon","45",2F-Spiele,45,"2019",Available
"Fate: Defenders of Grimheim","17E",1,4,"FryxGames",2025
"FateFlip: Washed Ashore","52K",1,99,"Alley Cat Games; Red Cat Games",2024
"Fateforge: Chronicles of Kaan","22E",1,4,"Mighty Boards",2024
"Favor of the Pharaoh","7E",2,4,"Bézier Games",2015
"FBI","53C",2,5,"Mayfair Games",2004
"Fearsome Floors","29C",2,7,"2F-Spiele",2003
"Featherlight","52P",1,4,"WizKids (I)",2022
"Federation","25D",2,4,"Explor8",2023
"Feed the Kraken","23B",5,11,"Funtails; SPIEL INSTABIL",2022
"Feierabend","29C",1,6,"2F-Spiele",2020
"Ferret Out","31D",3,7,"R&R Games",2023
"Fertility","39D",2,4,"Catch Up Games",2018
"Feudo","45E",2,4,"Z-Man Games",2004
"Feudum","8D",2,5,"Odd Bird Games",2018
"Feya's Swamp","Hot Games",2,4,"Fractal Juegos",2025
"Fibonachos","54F",2,5,"Geeks N' Orcs; Mind's Vision",2024
"Fiction","59B",2,8,"Allplay",2023
"Fiction","53K",2,8,"Allplay",2023
"Fiction: Banned Books","59C",2,8,"Allplay",2025
"Fief: England","8D",2,4,"Academy Games, Inc.",2025
"Fief: France 1429","8D",3,6,"ASYNCRON games",2015
"Fields of Arle","43C",1,2,"Feuerland Spiele",2014
"Fields of Arle: Advent Calendar Expansion","120",Feuerland Spiele,60,"2015",Available
"Fields of Green","5A",2,4,"Artipia Games",2016
"Fifth Avenue","46D",2,4,"alea",2004
"Fight for Olympus","45A",2,2,"Lookout Games",2016
"Fika","52A",2,2,"25th Century Games",2023
"Fill in the Game","52R",3,8,"(Self-Published)",2019
"Final Girl: Box Box of Props","Base Box",1,1,"Van Ryder Games",2023
"Final Girl: Series 1 Bonus Features Box 2023","55E",1,1,"Van Ryder Games",2023
"Final Girl: Terror from Above","Base Box",1,1,"Van Ryder Games",2023
"Final Girl: Terror from the Grave","60",Van Ryder Games,20,"2023",Available
"Finca","2B",2,5,"Hans im Glück",2009
"Finca","2B",2,5,"Hans im Glück",2009
"Findorff","29C",1,5,"2F-Spiele",2022
"Finspan","12A",1,5,"Stonemaier Games",2025
"Finspan","12A",1,5,"Stonemaier Games",2025
"Finspan","12A",1,5,"Stonemaier Games",2025
"Fintastic Sea","55C",2,4,"Pektis Studio",2025
"Fire & Axe: A Viking Saga","45E",3,5,"Ragnar Brothers",2004
"Fire In The Hole","10B",2,4,"McMiLLER",2022
"Fire in the Lake","49B",1,4,"GMT Games",2014
"Fire in the Sky: The Great Pacific War 1941-1945","61D",1,2,"PHALANX",2021
"Fire of Eidolon","54J",1,6,"Magic Meeple Games",2017
"Fire Tower","24E",2,4,"Runaway Parade Games LLC",2019
"Fireball Island: The Curse of Vul-Kar","28D",2,4,"Restoration Games",2018
"Firefly: Misbehavin'","19B",2,4,"Gale Force Nine LLC",2022
"Firefly: The Game","19B",1,4,"Gale Force Nine LLC",2013
"Firenze","8C",2,4,"Pegasus Spiele",2010
"Firenze: Joker Bricks","60",Quined Games,60,"2018",Available
"First Class: All Aboard the Orient Express!","14C",2,4,"Hans im Glück",2016
"First Class: Call for Tenders","60",Frosted Games,60,"2017",Available
"First Contact","7C",2,7,"Cosmodrome Games",2018
"First Martians: Adventures on the Red Planet","34D",1,4,"Portal Games",2017
"First Rat","25A",1,5,"Pegasus Spiele",2022
"First to Fight","48D",2,4,"Fabryka Gier Historycznych",2014
"First Train to Nuremberg","1C",2,4,"Argentum Verlag",2010
"First-Class Letters","n/a",1,100,"GameHead",2025
"Fish Eat Fish","51E",2,5,"FoxMind Israel",2003
"Fisheries of Gloucester","51A",2,2,"Dr. Finn's Games",2023
"Fishing","52C",3,5,"2F-Spiele",2024
"Fist of Dragonstones","45B",3,6,"Days of Wonder",2002
"Fist of Dragonstones: The Tavern Edition","34B",3,6,"Stronghold Games",2018
"Fit to Print","2D",1,6,"Flatout Games",2023
"Five Crowns","52R",1,7,"Set Enterprises, Inc.",2009
"Five Points: Gangs of New York","19C",3,5,"Mayfair Games",2013
"Five Tribes: Dhenim","80",Days of Wonder,40,"2014",Available
"Five Tribes: The Artisans of Naqala","80",Days of Wonder,40,"2015",Available
"Five Tribes: The Djinns of Naqala","43C",2,4,"Days of Wonder",2014
"FIXER","52M",2,4,"JELLY JELLY GAMES",2024
"Fjords","52F",1,2,"Rio Grande Games",2005
"Flamecraft","26E",1,5,"Cardboard Alchemy",2022
"Flamecraft","26E",1,5,"Cardboard Alchemy",2022
"Flamecraft Duals","56A",1,2,"Cardboard Alchemy",2025
"Flamme Rouge","17C",2,4,"Lautapelit.fi",2016
"Flash Point: Fire Rescue","47E",2,6,"Indie Boards & Cards",2011
"Flash Point: Fire Rescue – 2nd Story","47E",2,6,"Indie Boards & Cards",2014
"Flash Point: Fire Rescue – Dangerous Waters","47E",2,6,"Indie Boards & Cards",2013
"Flash Point: Fire Rescue – Extreme Danger","47E",2,6,"Indie Boards & Cards",2013
"Flash Point: Fire Rescue – Honor & Duty","47E",2,6,"Indie Boards & Cards",2015
"Flash Point: Fire Rescue – Urban Structures","47E",2,6,"Indie Boards & Cards",2011
"Flatiron","47B",1,2,"Ludonova",2024
"Flatline","13A",1,5,"Renegade Game Studios",2017
"Fleet","54R",2,4,"Eagle-Gryphon Games",2012
"Fleet Wharfside","54R",2,4,"Eagle-Gryphon Games",2015
"Fleet: The Dice Game","51F",1,4,"Eagle-Gryphon Games",2018
"Flick 'em Up!","15E",2,10,"Z-Man Games",2016
"Flight of Icarus","34B",2,4,"Cobblestone Games",2024
"Flip 7","52R",3,99,"The Op Games",2024
"Flip 7","PLAY TO WIN",3,18,"The Op Games",2024
"Flip 7","PLAY TO WIN",3,18,"The Op Games",2024
"Flip City","53C",1,4,"Homosapiens Lab",2014
"Flip City: Reuse","BASE BOX",1,4,"Tasty Minstrel Games",2016
"Fliptoons","52G",1,4,"Thunderworks Games",2025
"Fliptoons","52G",1,4,"Thunderworks Games",2025
"Fliptoons: Big Button Mini-Expansion","n/a",n/a,n/a,"n/a",Available
"Floats McGoats","12A",2,4,"Hootenanny Games",2023
"Flock Together","11E",1,5,"Sea Cow Games",2024
"Florenza","8B",2,5,"Placentia Games",2010
"Florenza Dice Game","20B",1,4,"Placentia Games; Post Scriptum",2019
"Floresta","60C",2,4,"Arcane Wonders; MEBO Games",2024
"Floriferous","52D",1,4,"Pencil First Games LLC",2021
"Floriferous: Pocket Edition (2024)","52D",1,4,"Pencil First Games LLC",2021
"Floristry","57C",2,2,"UP Games",2025
"Flourish","11B",1,7,"Starling Games (II)",2021
"Flower Fields","11C",1,4,"Horrible Guild",2024
"Flutter","11E",2,10,"Spear's Games",n/a
"Fluxx","54I",2,6,"Iron Crown Enterprises",1998
"Fluxx Remixx","52K",2,6,"Looney Labs",2022
"Fluxx: The Board Game","52K",2,4,"Looney Labs",2023
"Flying Circus: Aerial Combat in WWI","53P",2,2,"Dan Verssen Games (DVG); Decision Games (I)",2008
"Flying Colors","48B",1,4,"GMT Games",2010
"Flying Colors: Ship of the Line","240",GMT Games,240,"2009",Available
"Fog of Love","36D",2,2,"Hush Hush Projects",2017
"Fomo: Foragers of Mechanical Oddities","55C",3,5,"Esper Game Studio",2025
"Food Chain Magnate","42C",2,5,"Lucky Duck Games",2015
"Food Chain Magnate: Special Edition","Hot Games",2,5,"Lucky Duck Games",2024
"Food Chain Magnate: The Ketchup Mechanism & Other Ideas - Special edition","240",Lucky Duck Games,120,"2024",Available
"Football Highlights 2052","39B",1,4,"Eagle-Gryphon Games",2019
"Foothills","36E",2,2,"Lookout Games",2019
"Footprints","1A",2,12,"Chilifox Games",2023
"For All Mankind","25B",1,4,"Bad Cat Media",2025
"For Sale","51C",3,6,"Überplay",2005
"For The Emperor","59A",2,2,"Allplay",2025
"For the People","48A",2,2,"GMT Games",2024
"Foragers","40A",2,4,"Dr. Finn's Games",2016
"Forbidden Desert","22A",2,5,"Gamewright",2013
"Forbidden Island","22A",2,4,"Gamewright",2010
"Forbidden Sky","22A",2,5,"Gamewright",2018
"Forbidden Stars","16E",2,4,"Fantasy Flight Games",2015
"Forest","53A",2,5,"Helvetiq",2017
"Forest Shuffle","50B",2,5,"Lookout Games",2023
"Forest Shuffle","11C",2,5,"Lookout Games",2023
"Forestry","55B",1,4,"Capstone Games",2025
"Forestry","n/a",1,4,"Capstone Games",2025
"Forever Home","3E",1,5,"Birdwood Games",2023
"Forge War","29D",1,4,"Cephalofair Games",2015
"Forges of Ravenshire","2D",1,4,"B.A. Games",2024
"Forgotten Waters","21E",3,7,"Plaid Hat Games",2020
"Formaggio","Hot Games",1,4,"R2i Games",2025
"Formosa Tea","34D",2,4,"Soso Studio",2019
"Formula D","17B",2,10,"asmodee",2008
"Formula Dé","17B",2,10,"Eurogames",1997
"Formula Dé Circuits 21 & 22: Budapest & Nürburgring","120",Descartes Editeur,120,"1999",Available
"Formula Dé Mini","17B",2,6,"Descartes Editeur",2003
"Formula Motor Racing","17B",3,6,"GMT Games",2001
"Fort","52U",2,4,"Leder Games",2020
"Fort Sumter: The Secession Crisis, 1860-61","48A",2,2,"GMT Games",2018
"Fortify","36E",2,2,"Barrel Aged Games",2024
"Fortress America","48E",2,4,"Fantasy Flight Games",2012
"Fortuna","40E",2,4,"The Game Master BV",2011
"Fortune and Glory: The Cliffhanger Game","37E",1,8,"Flying Frog Productions",2011
"Fortunes of Scoundrel Bay","55B",1,4,"Chillifox Games",2025
"Forum Trajanum","6B",2,4,"HUCH!",2018
"Foundations of Metropolis","60C",2,4,"Arcane Wonders",2024
"Foundations of Rome","60E",2,4,"Arcane Wonders",2022
"Founders of Gloomhaven","33A",1,4,"Cephalofair Games",2018
"Fountains","30B",1,5,"The Op Games",2025
"Four Gardens","29A",2,4,"Korea Boardgames",2020
"Four Gardens","60E",2,4,"Korea Boardgames",2020
"Four Humours","PLAY TO WIN",1,6,"Adam's Apple Games",2022
"Four Humours","PLAY TO WIN",1,6,"Adam's Apple Games",2022
"Fractured Sky","55D",1,5,"IV Studio",2024
"Francis Drake","10B",3,5,"Kayal Games",2013
"Frank's Zoo","54D",3,7,"Doris & Frank",1999
"Free Ride USA","29C",1,5,"Rio Grande Games",2025
"Freedom Five: A Sentinel Comics Board Game","60C",1,5,"Arcane Wonders; Greater Than Games, LLC",2025
"Freedom Five: A Sentinel Comics Board Game","60C",1,5,"Arcane Wonders; Greater Than Games, LLC",2025
"Freedom: The Underground Railroad","22A",1,4,"Academy Games, Inc.",2013
"Freelancers: A Crossroads Game","21E",3,7,"Plaid Hat Games",2023
"French Quarter","51B",1,4,"25th Century Games; Motor City Gameworks",2024
"French Toast","59B",2,10,"Allplay",2025
"Fresco","8A",2,4,"Queen Games",2021
"Fresco: Card & Dice Game","8A",2,4,"Queen Games",2020
"Fresh Fish","29C",2,5,"2F-Spiele",1997
"Freya's Folly","32E",3,5,"Sagacity Games",2005
"Fried Potatoes","50A",2,6,"Fried Potatoes Games",2023
"Fromage","10D",1,4,"Road To Infamy Games (R2i Games)",2024
"Fromage","10D",1,4,"Road To Infamy Games (R2i Games)",2024
"Front Line No Komrades","53D",2,8,"Anvil 8 Games",2016
"Frontier: Enchanted Land","30A",2,4,"(Self-Published)",2019
"Frosthaven","38D",1,4,"Cephalofair Games",2022
"Frostpunk: The Board Game","18C",1,4,"Glass Cannon Unplugged",2022
"Fruit Picking","29A",1,4,"Korea Boardgames",2020
"Fruitoplay","45C",2,6,"Barrel Aged Games",2025
"FTW?!","54D",2,6,"2F-Spiele",2023
"Fuego","52O",2,4,"Keymaster Games",2024
"Fugitive","53F",2,2,"Fowers Games",2017
"Fujian Trader","32D",3,5,"Thinking Past",2016
"Furchtlos","55C",3,5,"2F-Spiele",2025
"Furnace","60C",2,4,"Hobby World",2020
"Furnace","60C",2,4,"Hobby World",2020
"Furnace: Interbellum","60C",1,5,"Arcane Wonders; Hobby World",2023
"Fürstenfeld","29C",2,5,"2F-Spiele",2010
"Fury of Dracula (Third/Fourth Edition)","23A",2,5,"Fantasy Flight Games",2015
"FUSE","22B",1,5,"Renegade Game Studios",2015
"Futuropia","29C",1,4,"2F-Spiele",2018
"FYFE","2B",2,5,"Edition Spielwiese",2022
"Fzzzt!","53C",2,4,"Eagle-Gryphon Games",2009
"G.I. JOE Deck-Building Game","19B",1,4,"Renegade Game Studios",2021
"Gaia Project","41B",1,4,"Feuerland Spiele",2017
"Gaia Project","41B",1,4,"Feuerland Spiele",2017
"Gaia Project: The Lost Fleet","41B",1,4,"Capstone Games; Feuerland Spiele",2024
"Galactic Cruise","25B",1,4,"Kinson Key Games",2025
"Galactic Cruise","25B",1,4,"Kinson Key Games",2025
"Galactic Cruise","Hot Games",1,4,"Kinson Key Games",2025
"Galactic Cruise: Accommodations","Hot Games",1,4,"Kinson Key Games",2025
"Galactic Cruise: Accommodations","Hot Games",1,4,"Kinson Key Games",2025
"Galactic Era","25D",1,6,"Seajay Games",2021
"Galaxy Defenders","23C",1,5,"Ares Games; Gremlin Project",2014
"Galaxy Trucker","25A",2,4,"Czech Games Edition",2007
"Galaxy Trucker (Second Edition)","25A",2,4,"Czech Games Edition",2021
"Galileo Galilei","26B",1,4,"Pink Troubadour",2024
"Galileo Galilei","n/a",1,4,"Pink Troubadour",2024
"Galileo Galilei: Luna","60",Pink Troubadour,60,"2025",Available
"Galileo Project","26A",2,4,"Sorry We Are French",2023
"Galloping Pigs","53C",2,5,"ABACUSSPIELE",1992
"Gandhi: The Decolonization of British India, 1917 – 1947","49B",1,4,"GMT Games",2019
"Ganesha","15C",2,4,"CrowD Games",2020
"Gang of Four","54A",3,4,"Days of Wonder",2002
"GAP","60B",2,6,"Arcane Wonders; funbot",2023
"Garden","55C",2,2,"Taiwan Boardgame Design",2025
"Garden Guests","11E",2,6,"Van Ryder Games",2023
"Garden Lake","57C",1,4,"Albi",2025
"Gardlings","4A",1,4,"Alion – by Dr Ø",2024
"Gardlings","4A",1,4,"Alion – by Dr Ø",2024
"Gargon","53C",3,5,"AMIGO",2001
"Gartenbau","11D",2,4,"25th Century Games",2022
"Garum","29D",2,4,"PYTHAGORAS",2019
"Gasha","54R",2,6,"Bankiiiz Editions",2021
"Gates of Delirium","29E",2,4,"Renegade Game Studios",2019
"Gateway: Uprising","33E",2,4,"CMON Global Limited; Fishwizard Games",2017
"Gavitt's Stock Exchange","54R",2,6,"Out of the Box Publishing",2003
"Gazebo","56A",2,4,"Bitewing Games",2025
"Gazebo","59A",2,4,"Bitewing Games",2025
"Gears of War: The Board Game","18B",1,4,"Fantasy Flight Games",2011
"Gem Hunt","Hot Games",1,4,"Gem Hunt Games",2024
"Genoa","44D",2,5,"alea",2001
"Genotype: A Mendelian Genetics Game","24E",1,5,"Genius Games",2021
"Gentes","16D",1,4,"Spielworxx",2017
"Get on Board: New York & London","15A",2,5,"IELLO",2022
"Get the MacGuffin","52B",2,11,"Hobby World",2018
"Gettysburg","Deluxe Box",1,2,"RBM Studio",2019
"Gettysburg","48A",1,2,"RBM Studio",2019
"Gettysburg","36D",2,2,"Treefrog Games",2010
"Gheos","33A",2,4,"Z-Man Games",2006
"Ghost Chase","39D",2,5,"Rio Grande Games",2001
"Ghost Stories","21A",1,4,"Repos Production",2008
"Ghosts of Christmas","54F",3,4,"BoardGameTables.com",2022
"Ghosts of Christmas","59B",3,4,"Allplay",2022
"Giant UNO","28E",2,10,"Cardinal",2015
"Giants","40D",3,5,"Matagot",2008
"Gift of Tulips","53P",2,6,"Weird Giraffe Games",2022
"Gift of Tulips","PLAY TO WIN",2,6,"Weird Giraffe Games",2022
"Gift of Tulips","PLAY TO WIN",2,6,"Weird Giraffe Games",2022
"Gingerbread House","10E",2,4,"Lookout Games",2018
"Gingham","59A",2,4,"Bitewing Games",2025
"Ginkgopolis","19E",1,5,"Pearl Games",2012
"Give 'em The Finger","n/a",3,5,"University Games",2024
"Gizmos","5E",2,4,"CMON Global Limited",2018
"Gladius","52R",2,5,"Cat Quartet Games",2021
"Glasgow","36B",2,2,"Lookout Games",2020
"Glass Road","5B",1,4,"Feuerland Spiele",2013
"Glen More","17E",2,5,"alea",2010
"Glen More II: Chronicles","17E",2,4,"Funtails",2019
"Globe Twister","39A",1,5,"Act in games",2018
"Gloom in Space","52C",2,5,"Atlas Games",2017
"Gloom of Thrones","52C",2,4,"Atlas Games",2019
"Gloomhaven: Jaws of the Lion","41B",1,4,"Cephalofair Games",2020
"Gloomies","11C",2,4,"Ravensburger",2025
"Gloomy Graves","52N",2,4,"Renegade Game Studios",2020
"Gloria Mundi","39E",2,6,"ABACUSSPIELE",2006
"Glory Islands","10A",2,4,"Rio Grande Games",2022
"Glory to Rome","20E",2,5,"Cambridge Games Factory",2005
"Gnome Hollow","4A",2,4,"Levity Games (II); The Op Games",2024
"Gnomopolis","30D",1,4,"Conclave Editora",2018
"Go to the Head of the Class","28A",2,6,"Milton Bradley",1962
"Go West!","24C",2,4,"Phalanx Games B.V.",2005
"Goa: A New Expedition","8B",2,4,"Hans im Glück",2004
"GOAT","10",Dolphin Hat Games,10,"2025",Available
"Goblin Vaults","51A",1,5,"Thunderworks Games",2023
"Goblivion","21A",1,2,"Goblivion Games",2018
"God's Playground","1C",3,3,"Treefrog Games",2009
"Gods Love Dinosaurs","2D",2,5,"Pandasaurus Games",2020
"Gold Ahoy!","36B",2,2,"Lookout Games; Mayfair Games",2014
"Gold Fever","51B",2,5,"Stronghold Games",2018
"Gold Raiders","51B",2,6,"Quick Simple Fun Games",2017
"Gold West","24C",2,4,"Tasty Minstrel Games",2015
"Gold West: Trading Post Promo","60",Frosted Games,45,"2016",Available
"Goldbräu","33C",3,4,"Hanser",2004
"Golden Cup","47B",1,6,"Cranio Creations",2024
"Golem","9D",1,4,"Cranio Creations",2021
"Golem Run","PLAY TO WIN",3,5,"Dragon Dawn Productions",2025
"Golem Run","PLAY TO WIN",3,5,"Dragon Dawn Productions",2025
"Gone Fishing!","45A",2,2,"Competo / Marektoy",2005
"Good Cop Bad Cop (Third Edition)","31A",4,8,"Pull the Pin Games",2019
"Good Dog, Bad Zombie","30A",2,4,"Make Big Things",2018
"GoodCritters","60B",4,8,"Arcane Wonders",2018
"Gorus Maximus","54A",1,8,"Inside Up Games",2018
"Goryō","29A",2,2,"Giga Mech Games",2022
"GPS","59C",2,5,"Allplay",2020
"GPS","45C",2,5,"BoardGameTables.com",2020
"Graft","55C",3,5,"IV Studio",2025
"Granada","44E",2,6,"Queen Games",2009
"Grand Austria Hotel","42E",2,4,"Lookout Games",2021
"Grand Central Skyport","9E",2,4,"25th Century Games",2025
"Grand Central Skyport","n/a",2,4,"25th Century Games",2025
"Grand Prix","17B",2,11,"GMT Games",2016
"Gravwell: 2nd Edition","25C",2,6,"Renegade Game Studios",2021
"Great Plains","36B",2,2,"Lookout Games",2021
"Great Wall of China","53J",2,5,"Egmont Polska",2006
"Great War Commander","49D",2,3,"Hexasim",2018
"Great Western Trail","41C",2,4,"eggertspiele",2016
"Great Western Trail: Argentina","6A",1,4,"eggertspiele",2022
"Great Western Trail: Argentina","6A",1,4,"eggertspiele",2022
"Great Western Trail: El Paso","6A",1,4,"Lookout Games",2025
"Great Western Trail: New Zealand","43B",1,4,"eggertspiele",2023
"Great Western Trail: Second Edition","41C",1,4,"eggertspiele",2021
"Great Western Trail: Second Edition","41C",1,4,"eggertspiele",2021
"Greece Lightning","17B",2,4,"WizKids (I)",2021
"Green Team Wins","56A",3,12,"25th Century Games",2023
"Greenland (Third Edition)","45C",1,4,"Ion Game Design; Sierra Madre Games",2018
"Grifters: Nexus","46A",2,4,"Indie Boards & Cards",2018
"Grimoire","51C",2,5,"Arclight Games",2010
"Grimslingers","52R",1,6,"Greenbrier Games",2015
"Ground Floor","20D",2,6,"Tasty Minstrel Games",2012
"Gruff","45C",2,4,"Studio Woe",2015
"Guardians of Graxia","39E",1,2,"Petroglyph",2010
"Guards of Atlantis II","37A",4,10,"Wolff Designa",2022
"Guatemala Café","30C",2,4,"eggertspiele",2006
"Guess Who?","28A",2,2,"Hasbro",2022
"Gùgōng: Deluxe Big Box","8E",1,5,"Game Brewer",2020
"Guild Academies of Valeria","2A",1,4,"Daily Magic Games",2023
"Guildhall","24E",2,4,"Alderac Entertainment Group",2012
"Guildhall: Job Faire","45",Alderac Entertainment Group,30,"2013",Available
"Guilds of London","4B",1,4,"Surprised Stare Games Ltd",2016
"Guilds of London: Guild of Snowmen","90",Frosted Games,45,"2017",Available
"Guilds of London: New Guilds – Cheese- and Papermakers","45",Frosted Games,45,"2016",Available
"Guilds of London: Wards of London","120",Tasty Minstrel Games,60,"2019",Available
"Guillotine","53R",2,5,"Wizards of the Coast",1998
"Gun It","51A",1,4,"Randy O Games",2024
"Gunkimono","32E",2,5,"Renegade Game Studios",2018
"Gunship: First Strike!","34E",2,4,"Escape Pod Games",2013
"Gutenberg","2B",1,4,"Granna",2021
"Gwent: The Legendary Card Game","18C",1,5,"No Loading Games",2025
"Habitats","59E",1,5,"Allplay",2024
"Habitats","11B",1,5,"BoardGameTables.com",2022
"Hacienda","6C",2,5,"Hans im Glück",2005
"Hack Trick","53C",2,4,"Mind Fitness Games",2015
"Hadara","16D",2,5,"Hans im Glück",2019
"Hadrian's Wall","9A",1,6,"Garphill Games",2021
"Haggis","54D",2,4,"Indie Boards & Cards",2010
"Hagoth: Builder of Ships","39A",2,4,"Mayday Games",2010
"Haithabu","34C",2,4,"Spielworxx",2015
"Hallertau","5C",1,4,"Lookout Games",2020
"Halloween","19B",2,4,"Trick or Treat Studios",2023
"Ham Helsing","56B",1,4,"Fireside Games",2025
"Hamburgum","32D",2,5,"PD-Verlag",2007
"Hamburgum: Antverpia","90",PD-Verlag,90,"2010",Available
"Hamlet: The Village Building Game","PLAY TO WIN",1,4,"Mighty Boards",2022
"Hamlet: The Village Building Game","PLAY TO WIN",1,4,"Mighty Boards",2022
"Hammer of the Scots","48C",2,2,"Columbia Games",2009
"Hanabi","52K",2,5,"R&R Games",2013
"Hanamikoji","52O",2,2,"EmperorS4",2013
"Hands in the Sea","45E",2,2,"Knight Works, LLC",2018
"Hangman","28E",2,2,"Milton Bradley",1988
"Hannibal & Hamilcar","49C",2,2,"PHALANX",2018
"Hansa","29E",2,4,"ABACUSSPIELE",2004
"Hansa Teutonica","8C",2,5,"Z-Man Games",2010
"Hansa Teutonica: Emperor's Favour","90",Argentum Verlag,45,"2016",4938 results
"Happy City","53E",2,5,"Cocktail Games",2021
"Happy Home","51D",2,5,"Alley Cat Games",2024
"Happy Mochi","52N",2,6,"Zygomatic",2025
"Happy Mochi","50A",2,6,"Zygomatic",2025
"Happy Pigs","28C",2,6,"IELLO",2016
"Harbour","52K",1,4,"Tasty Minstrel Games",2015
"Hardback","52O",1,5,"Fowers Games",2018
"Harmonies","42D",1,4,"Libellud",2024
"Harmonies","42D",1,4,"Libellud",2024
"Harmonies","42D",1,4,"Libellud",2024
"Harmonies","50B",1,4,"Libellud",2024
"Harmony","52G",1,4,"DMZ Games",2024
"Harrow County: The Game of Gothic Conflict","56E",1,3,"Off the Page Games",2024
"Harry Hopper","28B",2,4,"KOSMOS",2017
"Harry Potter: Hogwarts Battle","22B",2,4,"The Op Games",2016
"Harry Potter: Hogwarts Battle – The Charms and Potions Expansion","120",The Op Games,60,"2020",Available
"Harry Potter: House Cup Competition","19A",2,4,"The Op Games",2020
"Harry Potter: Unmask The Death Eaters","23B",4,8,"The Op Games",2023
"Harvest","3E",1,4,"Keymaster Games",2024
"Harvest","51B",2,4,"Tasty Minstrel Games",2017
"Haspelknecht: The Story of Early Coal Mining","47B",2,4,"Quined Games",2015
"Hasty Baker","PLAY TO WIN",2,6,"GoChuckle",2019
"Hasty Baker","PLAY TO WIN",2,6,"GoChuckle",2019
"Havalandi","26E",2,4,"Pegasus Spiele; Edition Spielwiese",2023
"Havoc: The Hundred Years War","52E",2,6,"Sunriver Games",2005
"Hawaii","10C",2,5,"Z-Man Games",2015
"Head Trip","31B",3,10,"Cards Against Humanity LLC",2023
"Healthy Heart Hospital","22B",1,5,"Victory Point Games",n/a
"Heart of Africa","30E",2,5,"Mayfair Games",2004
"Hearts and Minds: Vietnam 1965-1975 (Third Edition)","49D",1,2,"Compass Games",2019
"Heat: Pedal to the Metal","42B",1,6,"Days of Wonder",2022
"Heat: Pedal to the Metal","42B",1,6,"Days of Wonder",2022
"Heat: Pedal to the Metal","50E",1,6,"Days of Wonder",2022
"Heaven & Ale","6B",2,4,"eggertspiele",2017
"Heaven, Here I Come!","54R",5,10,"Broadway Toys LTD",2021
"Hedge Mage","55D",2,4,"Floodgate Games",2025
"Hegemonic","34E",2,6,"Minion Games",2013
"Hegemony: Lead Your Class to Victory","42A",2,4,"Hegemonic Project Games",2023
"Helionox: Chronicles","21D",1,4,"Zeroic Games",2024
"Helionox: Deluxe Edition","39B",1,4,"Mr. B Games",2017
"Helionox: The Last Sunset","52P",1,4,"Mr. B Games",2015
"Helios Expanse","26B",3,5,"Greenbrier Games",2019
"Hellas","45A",2,2,"KOSMOS",2002
"Hellenica: Story of Greece","37D",1,7,"Active Magic Games",2019
"Hellenica: Story of Greece","37D",1,7,"Active Magic Games",2019
"Helvetia","33C",2,4,"KOSMOS",2011
"Hera and Zeus","36A",2,2,"KOSMOS",2000
"Herbaceous","54I",1,4,"Pencil First Games, LLC",2021
"Herbaceous Sprouts","11B",1,4,"Pencil First Games LLC",2019
"Herbalism","53T",3,4,"EmperorS4",2017
"Herd Mentality","54K",4,20,"Big Potato Games",2020
"Here I Stand: 500th Anniversary Edition","48A",2,6,"GMT Games",2017
"Here Lies","n/a",2,5,"DVC Games",2025
"Heritage Farms","PLAY TO WIN",1,2,"Galen's Games",2025
"Heritage Farms","PLAY TO WIN",1,2,"Galen's Games",2025
"Hero Brigade","45E",1,2,"Game Salute",2014
"Hero Realms","52M",2,4,"Wise Wizard Games",2016
"Heroes of Land, Air & Sea","16E",1,4,"Gamelyn Games",2018
"Heroes of Normandie: The Tactical Card Game","45D",2,2,"Devil Pig Games",2019
"Heroes of Tenefyr","22D",1,4,"Broken Mill",2019
"HeroQuest: First Light","n/a",2,5,"Avalon Hill, Hasbro",2025
"Heroscape: Master Set – Age of Annihilation","37B",2,2,"Avalon Hill; Renegade Game Studios",2024
"Herrlof","54D",2,3,"Jolly Dutch Productions",2020
"HerStory","30E",2,5,"Underdog Games (I)",2022
"Hey, That's My Fish!","28D",2,4,"Fantasy Flight Games",2014
"Hey! That's My Fish!","52A",2,4,"Fantasy Flight Games",2014
"Hickory Dickory","24E",1,4,"Plaid Hat Games",2023
"Hidden Conflict","34A",2,6,"Twilight Creations, Inc.",2005
"Hidden Leaders","2A",2,6,"BFF Games",2022
"Hierarchy","53A",2,2,"Button Shy",2020
"HiFi","34E",2,4,"Smirk & Dagger Games",2024
"HiFi","PLAY TO WIN",2,4,"Smirk & Dagger Games",2024
"HiFi","PLAY TO WIN",2,4,"Smirk & Dagger Games",2024
"High Bohn Plus","54U",2,7,"Rio Grande Games",2004
"High Frontier","39D",2,5,"Sierra Madre Games",2011
"High Frontier 4 All","25C",1,5,"Ion Game Design; Sierra Madre Games",2020
"High Frontier Expansion","Base Box",1,5,"Sierra Madre Games",2010
"High Heavens","29B",2,4,"Wild Power Games",2015
"High Heavens: Bloodied Expansion","75",Wild Power Games,30,"2015",Available
"High Heavens: Egyptian Expansion","45",Wild Power Games,45,"2015",Available
"High Heavens: Terrain Expansion","75",Wild Power Games,30,"2015",Available
"High Heavens: Valkyrie & Medusa Expansion","75",Wild Power Games,30,"2015",Available
"High Noon Saloon","52F",2,6,"SlugFest Games",2011
"High Score","52Q",2,5,"KOSMOS",2021
"High Society","51D",3,5,"Ravensburger",1995
"High Society","59B",3,5,"Allplay",2025
"Hippocrates","5A",1,4,"Game Brewer",2022
"Historia","16D",1,6,"Giochix.it",2014
"Hit Z Road","1D",1,4,"asmodee",2016
"Hitler's Reich: WW2 in Europe","48A",1,2,"GMT Games",2018
"HITSTER","56A",2,10,"Jumbo",2021
"Hive","36B",2,2,"Gen42 Games",2001
"Hive Carbon","36B",2,2,"Gen42 Games; Smart Zone Games",2010
"HMS Dolores","53S",2,4,"asmodee",2016
"Hoity Toity","31D",2,5,"The Avalon Hill Game Co",1991
"Hoity Toity","45D",2,5,"The Avalon Hill Game Co",1991
"Hokkaido","45C",2,5,"Lautapelit.fi; Renegade Game Studios",2019
"Hold the Line: French and Indian War Expansion Set","Base Box",1,2,"Worthington Games",2008
"Hold the Line: French and Indian War Expansion Set","Base Box",1,2,"Worthington Games",2008
"Hold the Line: The American Revolution","49D",1,2,"Worthington Publishing, LLC",2016
"Holding On: The Troubled Life of Billy Kerr","21A",2,4,"Hub Games",2018
"Holly Jolly","54Q",2,4,"25th Century Games",2021
"Hollywood 1947","53H",1,9,"Facade Games",2023
"Holmes: Sherlock & Mycroft","36B",2,2,"Devir",2015
"Holotype: Mesozoic North America","12A",2,5,"Brexwerx Games",2023
"Home Sweet Home (or Not)","30D",2,5,"Devir",2022
"Homeland: The Game","19B",3,6,"Battlefront Miniatures Ltd; Gale Force Nine, LLC",2015
"Homesteaders","24C",2,4,"Tasty Minstrel Games",2019
"Honey Buzz","11E",1,4,"Elf Creek Games",2020
"Honshū","53R",2,5,"Lautapelit.fi",2016
"Hooky","13A",3,5,"Rio Grande Games",2023
"Hoplomachus: Remastered","38C",1,4,"Chip Theory Games",2023
"Horizons of Spirit Island","22A",1,3,"Greater Than Games, LLC",2022
"Horrified","21A",1,5,"Ravensburger",2019
"Horrified: American Monsters","55D",1,5,"Ravensburger",2021
"Horrified: Dungeons & Dragons","21A",1,5,"Ravensburger",2025
"Horrified: Greek Monsters","21A",1,5,"Ravensburger",2023
"Horrified: World of Monsters","55D",1,5,"Ravensburger",2024
"Horse Fever","17B",2,6,"Cranio Creations",2009
"Horseless Carriage","2E",3,5,"Splotter Spellen",2023
"Horseless Carriage","2E",3,5,"Splotter Spellen",2023
"Horus","30C",2,4,"Mayfair Games",2008
"Hostage Negotiator: Crime Wave","13A",1,1,"Van Ryder Games",2017
"Hot Seat","31E",3,99,"Player Ten",0
"Hot Streak","n/a",n/a,n/a,"n/a",Available
"Hotel Samoa","33A",3,6,"White Goblin Games",2010
"Hotel Tycoon","20D",2,4,"asmodee",2014
"Hotshots","22A",1,4,"Fireside Games",2017
"House Hounds","PLAY TO WIN",2,4,"GoChuckle",2023
"House Hounds","PLAY TO WIN",2,4,"GoChuckle",2023
"House of Cats","51A",1,6,"Aporta Games",2023
"How Dare You?","53G",2,10,"Alion – by Dr Ø",2023
"How to Save a World","25E",1,4,"Burnt Island Games",2025
"Hoyuk","33B",2,5,"(Web published)",2006
"Hoyuk: Obstacles","60",MAGE Company,60,"2014",Available
"HUANG","7B",2,4,"PHALANX",2024
"Humblebrag","31D",3,8,"CUT Games",2022
"HUND","54B",2,5,"BoardM Factory",2023
"Hunt for the Ring","32A",2,5,"Ares Games",2018
"Hunt for the Ring","PLAY TO WIN",2,5,"Ares Games",2017
"Hunt for the Ring","PLAY TO WIN",2,5,"Ares Games",2017
"HUTAN: Life in the Rainforest","12A",1,4,"The Op Games; Sidekick Games",2025
"Hyperborea","16E",2,6,"Asterion Press",2014
"I, Spy","46D",2,4,"Lost Boys Productions",2015
"Iberia","22C",2,5,"Z-Man Games",2016
"Iberian Rails","45E",2,5,"Monsoon Publishing",2017
"ICE","5D",1,5,"n/a",n/a
"Ice and Idols","55B",2,4,"Inside Up Games",2025
"Ice Flow","33A",2,4,"JKLM Games",2008
"ICECOOL","15C",2,4,"Brain Games",2016
"ICECOOL2","15C",2,4,"Brain Games",2018
"Ichor","56A",2,2,"Bitewing Games",2025
"Ichor","59B",2,2,"Bitewing Games",2025
"Ichor: Reinforcements & Gates Expansion","40",Bitewing Games,40,"2025",Available
"Ierusalem: Anno Domini","29B",1,4,"Devir",2023
"If Then","PLAY TO WIN",2,6,"Arcane Wonders",2026
"If Then","PLAY TO WIN",2,6,"Arcane Wonders",2026
"If Then","60B",2,6,"Arcane Wonders",2026
"If Then","55C",2,6,"Arcane Wonders",2026
"Ikusa","48E",2,5,"Avalon Hill; Wizards of the Coast",2011
"Il Vecchio","44D",2,4,"Hall Games",2012
"Iliad","53J",2,6,"asmodee",2006
"Iliad","56A",2,2,"Bitewing Games",2025
"Iliad","59B",2,2,"Bitewing Games",2025
"Ilium","30A",2,4,"Playroom Entertainment",2008
"Illiterati","22B",1,5,"Gap Closer Games",2023
"Illusion","52C",2,5,"Nürnberger-Spielkarten-Verlag",2018
"Imaginarium","9E",2,5,"Bombyx",2018
"Imagine","31A",3,8,"Gamewright",2016
"Imhotep","7E",2,4,"KOSMOS",2016
"Imhotep: The Duel","36B",2,2,"KOSMOS",2018
"Imperial","47C",2,6,"PD-Verlag",2006
"Imperial 2030","20E",2,6,"PD-Verlag",2009
"Imperial Miners","1E",1,5,"Portal Games",2023
"Imperial Settlers","1E",1,4,"Portal Games",2014
"Imperial Settlers: Empires of the North","1E",1,4,"Portal Games",2019
"Imperial Steam","14A",2,4,"Capstone Games",2021
"Imperial Struggle","45E",2,2,"GMT Games",2020
"Imperium: Classics","16D",1,4,"Osprey Games",2021
"Imperium: Horizons","16D",1,4,"Osprey Games",2024
"Imperium: Legends","16D",1,4,"Osprey Games",2021
"Import / Export: Definitive Edition","52E",2,6,"Jordan Draper Games",2021
"Impulse","54P",2,6,"Asmadi Games",2014
"In a Nut Shell","50A",2,20,"Confident Games",2025
"In a Pickle","53D",2,6,"Gamewright",2016
"In the Footsteps of Marie Curie","5A",2,4,"Hachette Boardgames UK; Sorry We Are French",2024
"In the Hall of the Mountain King","4A",2,5,"Burnt Island Games",2019
"In the Name of Odin","17D",2,5,"Heidelberger Spieleverlag",2016
"In the Shadow of the Emperor","40A",2,4,"999 Games",2004
"In the Year of the Dragon: 10th Anniversary","3B",2,5,"alea",2017
"In the Year of the Dragon: The Great Wall of China & The Super Events","75",alea,75,"2009",Available
"Inca Empire","44C",3,4,"White Goblin Games",2010
"Incan Gold","28C",3,8,"Funagain; Sunriver Games",2006
"Incantris","45D",1,4,"RAINN Studios",2017
"Indigo","34D",2,4,"Korea Boardgames",2012
"Indonesia","2E",2,5,"Splotter Spellen",2016
"Indulgence","51E",3,4,"Restoration Games",2017
"Indus 2500 BCE","20A",1,5,"DICE TOY LABS",2020
"Industrial Waste","39C",2,4,"Hans im Glück",2001
"Infamy","19C",3,4,"Mercury Games",2013
"Infected","45B",5,6,"(Self-Published)",2017
"Inferno","5E",1,4,"Grand Gamers Guild; Red Mojo; Zatu Games",2024
"Infinite City","20E",2,6,"Alderac Entertainment Group",2009
"Influentia","40B",3,4,"Ludonova",2020
"Ingenious","15E",1,4,"KOSMOS",2004
"Inheritors","45B",2,4,"NorthStar Game Studio",2023
"Inis","17E",2,4,"Matagot",2016
"Inis","17E",2,4,"Matagot",2016
"Inis: Seasons of Inis","90",Matagot,90,"2019",Available
"INK","50B",1,4,"Final Score Games",2025
"Inkognito","44E",3,5,"Ares Games",1988
"Inkognito: The Card Game","13C",3,5,"ABACUSSPIELE",1997
"Inn-Fighting","53G",3,6,"Wizards of the Coast",2007
"Inner Compass","29D",2,4,"Alderac Entertainment Group",2020
"Innovation","53T",2,4,"Asmadi Games",2010
"Innovation Ultimate","17A",2,5,"Asmadi Games",2025
"Inori","56D",2,4,"Space Cowboys",2024
"Insectarium","11D",1,4,"Snowbright Studio",2025
"Inside Job","54B",2,5,"KOSMOS",2023
"Inside Job","54B",2,5,"KOSMOS",2023
"Insider","54U",4,8,"Oink Games",2016
"Intarsia","15B",2,4,"Deep Print Games; Pegasus Spiele",2024
"Intent to Kill","13B",2,4,"Hobby World",2024
"Intrepid","22E",1,4,"Uproarious Games",2021
"Invasion from Outer Space: The Martian Game","33E",2,6,"Flying Frog Productions",2010
"Inventions: Evolution of Ideas","9C",1,4,"Eagle-Gryphon Games",2024
"Invincible: Escape from Mars","19B",4,10,"Skybound Tabletop",2024
"Invincible: The Hero-Building Game","19B",1,4,"Dire Wolf; Skybound Tabletop",2024
"Irish Gauge","14C",3,5,"Capstone Games",2014
"Iron Curtain","53E",2,2,"Jolly Roger Games",2017
"Ironwood","36C",1,2,"Mindclash Games",2024
"Isla Dorada","47B",3,6,"Funforge",2010
"Island Fortress","32C",2,4,"Frost Forge Games",2013
"Island Siege","45B",2,2,"APE Games",2013
"Islands in the Mist","33A",2,4,"Schmidt Spiele",2019
"Islas Canarias","39D",2,5,"Clementoni",2009
"Isle of Skye: From Chieftain to King","6A",2,5,"Lookout Games",2015
"Isle of Skye: From Chieftain to King – Adjacency Scrolls","50",Frosted Games,30,"2016",Available
"Isle of Skye: Journeyman","75",Funforge,75,"2017",Available
"Isle of the Night","PLAY TO WIN",2,5,"Red Raven Games",2024
"Isle of the Night","PLAY TO WIN",2,5,"Red Raven Games",2024
"Islebound","4C",2,4,"Red Raven Games",2016
"Islebound: Metropolis Expansion","120",Red Raven Games,60,"2016",Available
"ISS Vanguard","37B",1,4,"Awaken Realms",2022
"ISS Vanguard: Personal Files","Base Box",1,4,"Awaken Realms",2022
"ISS Vanguard: Stretch Goal box","37B",1,4,"Awaken Realms",2023
"Istanbul","7A",2,5,"Pegasus Spiele",2014
"Istanbul: Big Box","7A",2,5,"Alderac Entertainment Group; Pegasus Spiele",2019
"Istanbul: Kebab Shop Mini Expansion","50",Matagot,50,"2014",Available
"Istanbul: Letters & Seals","60",2 Pionki,40,"2016",Available
"Istanbul: Mocha & Baksheesh","60",Pegasus Spiele,40,"2015",Available
"Istanbul: Pegasus Depot Mini Expansion","60",Frosted Games,40,"2016",Available
"Istanbul: The Dice Game","7A",2,4,"Pegasus Spiele",2017
"It's a Wonderful Kingdom","5A",1,2,"La Boîte de Jeu",2021
"It's a Wonderful World","5A",1,5,"La Boîte de Jeu",2019
"ito","52E",2,8,"Arcane Wonders",2025
"ito","60B",2,8,"Arcane Wonders",2025
"Iwari: Deluxe Edition","1E",1,6,"ThunderGryph Games",2020
"Jack Labrador","PLAY TO WIN",2,4,"Jack Labrador Games",2022
"Jack Labrador","PLAY TO WIN",2,4,"Jack Labrador Games",2022
"Jaipur","50A",2,2,"GameWorks SàRL",2018
"Jaipur","53H",2,2,"GameWorks SàRL",2018
"Jamaica","10B",2,6,"GameWorks SŕRL",2007
"Jamaica","50D",2,6,"GameWorks SŕRL",2007
"Jambo","36B",2,2,"KOSMOS",2004
"Japanime Tactics: Granblue Fantasy – Gran Starter Set","45A",2,4,"Japanime Games",2024
"Java","6C",2,4,"Ravensburger",2000
"Jaws","19A",2,4,"Ravensburger",2019
"Jekyll & Hyde vs Scotland Yard","54N",2,2,"25th Century Games",2024
"Jekyll vs. Hyde","52H",2,2,"Luma Imports; Mandoo Games",2021
"Jet Set","14D",2,6,"Wattsalpoag Games",2008
"Jet Set: Distant Lands – Expansion Set 1","Base Box",2,6,"Wattsalpoag Games",2010
"Jet Set: Jumbo Jets – Expansion Set 2","120",Wattsalpoag Games,90,"2016",Available
"Jewel Box","PLAY TO WIN",1,4,"Lovemore Games",2024
"Jewel Box","PLAY TO WIN",1,4,"Lovemore Games",2024
"Jigūan: The Eastern Mechanist","29E",2,4,"EmperorS4",2019
"Jisogi: Anime Studio Tycoon","Hot Games",1,4,"Esper Game Studio",2025
"Jitters","28E",1,99,"Milton Bradley",1986
"Joan of Arc","32C",3,6,"Clash of Arms Games",1998
"Joan of Arc: Orléans Draw & Write","20A",1,5,"dlp games",2022
"Johari","51F",2,4,"Lookout Games; Mayfair Games",2014
"John Company: Second Edition","7B",1,6,"Wehrlegig Games",2022
"Jolly Roger: Treasure Islands","10A",2,6,"International Team (I)",1979
"Joraku","54C",3,4,"Moaideas Game Design",2015
"Jórvík","44E",2,5,"Stronghold Games",2016
"Journey to the Center of the Earth","44D",2,4,"Mayfair Games",2008
"Joyride Duel: Next Gen","PLAY TO WIN",2,2,"Rebellion Unplugged",2025
"Joyride Duel: Next Gen","PLAY TO WIN",2,2,"Rebellion Unplugged",2025
"Juicy Fruits","2B",1,4,"Deep Print Games",2021
"Julius Caesar: Caesar, Pompey, and the Roman Civil War","48C",2,2,"Columbia Games",2010
"Jumanji","28A",2,4,"Milton Bradley",1995
"Jump Gate","51E",2,6,"Matt Worden Games",2010
"Jungle Party","28C",2,4,"KOSMOS",2017
"Jungo","55C",2,5,"Happy Camper",2025
"Junk Art","15C",2,6,"Pretzel Games",2016
"Junk Drawer","15E",1,4,"25th Century Games; Winsmith Games",2023
"Junta","45A",2,7,"West End Games",2005
"Junta: Las Cartas","45A",3,6,"Alderac Entertainment Group",2017
"Junta: Viva el Presidente!","45A",3,5,"Z-Man Games",2011
"Jupiter Rescue","26B",2,7,"Twilight Creations Inc.",2013
"Jurassic Parts","52F",2,5,"25th Century Games",2020
"Just One","51F",3,7,"Repos Production",2018
"Just One","50A",3,7,"Repos Production",2018
"Justinian","30E",2,4,"Mayfair Games",2006
"K2","33B",1,5,"Rebel Sp. z o.o.",2010
"Kabuto Sumo","59D",2,4,"BoardGameTables.com",2021
"Kabuto Sumo","59D",2,4,"BoardGameTables.com",2021
"Kabuto Sumo: Sakura Slam","59D",2,4,"Allplay",2024
"Kahuna","36A",2,2,"KOSMOS",1998
"Kaigan","40B",3,4,"Ascora Games",2009
"Kaiju Crush","27C",2,4,"Fireside Games",2017
"Kami-sama","44D",2,4,"Kolossal Games",2018
"Kami-sama: Spirit Way","90",Kolossal Games,60,"2018",Available
"Kami-sama: The Awakened","90",Kolossal Games,60,"2018",Available
"Kanagawa","9B",2,4,"IELLO",2016
"Kanal","5C",1,2,"Spielworxx",n/a
"Kanban EV","42B",1,4,"Eagle-Gryphon Games",2020
"Kanban: Driver's Edition","9C",2,4,"Stronghold Games",2018
"Karak","23D",2,5,"KOSMOS",2021
"Karak II","3D",2,5,"Albi",2023
"Kardinal & König: Das Kartenspiel","40B",3,5,"(Web published)",2001
"Karuba","3D",2,4,"HABA",2015
"Kashgar: Merchants of the Silk Road","40B",2,4,"KOSMOS",2013
"Kathmandu","3C",2,4,"Queen Games",2024
"Kavango","11C",1,5,"Mazaza Games",2024
"KAWA: A Game About Flow","53D",2,4,"The Aerie Games",2020
"Keep the Heroes Out!","22A",1,4,"Brueh Games Inc.",2022
"Keep the Heroes Out!: Guild Master's Revenge Expansion","40",Brueh Games Inc.,40,"2022",Available
"Kelp: Shark vs Octopus","36C",2,2,"Wonderbow Games",2024
"Keltis","17E",2,4,"KOSMOS",2008
"Kemet","44D",2,5,"Matagot",2012
"Kemet: Blood and Sand","7D",2,5,"Matagot",2021
"Kemet: New Power Tiles","120",Matagot,60,"2015",Available
"Kemet: Seth","120",CrowD Games,90,"2018",Available
"Kemet: Skills and Black Power Tile For Ta-Seti","120",Matagot,60,"2015",Available
"Kemet: Ta-Seti","90",Matagot,60,"2015",4938 results
"Kenjin","45C",2,4,"IELLO",2015
"Key Enigma: Calling Card","47A",1,6,"(Self-Published)",2021
"Key Enigma: Hack Forward","47A",1,6,"(Self-Published)",2021
"Key Flow","33D",2,6,"R&D Games",2018
"Key Harvest","33D",2,4,"R&D Games",2007
"Key Market (Second Edition)","33D",2,4,"R&D Games",2019
"Key to the City: London","33D",2,6,"R&D Games",2016
"Keyflower","33D",2,6,"R&D Games",2012
"Keyflower: The Farmers","33D",2,6,"R&D Games",2013
"Keyflower: The Merchants","33D",2,6,"R&D Games",2014
"KeyForge: Call of the Archons","36A",2,2,"Fantasy Flight Games",2018
"Keyframes","52R",2,4,"Combo Games (II)",2024
"Keyper","33D",2,4,"R&D Games",2017
"Keyside","55B",1,4,"R&D Games",2025
"Keythedral","33D",2,5,"Cafe Games",2002
"Khan","46E",2,4,"White Goblin Games",2010
"Khôra: Rise of an Empire","16B",2,4,"IELLO",2021
"Khronos","34B",2,5,"Matagot",2006
"Kick-Ass: The Board Game","19B",1,4,"CMON Global Limited",2018
"Kids Chronicles: Quest for the Moon Stones","28B",1,4,"Lucky Duck Games",2021
"Kikai","57D",2,2,"Ramble Odd Potato",2023
"Kilia","56B",2,4,"HUCH!",2025
"Kill Doctor Lucky","13D",3,8,"Titanic Games",2006
"Killer Bunnies and the Journey to Jupiter","30A",2,6,"Mr. B Games",2008
"Killer Bunnies and the Quest for the Magic Carrot","32F",2,8,"Playroom Entertainment",2002
"Killer Bunnies and the Quest for the Magic Carrot: GREEN Booster","32F",2,8,"Playroom Entertainment",2003
"Killer Bunnies and the Quest for the Magic Carrot: Ominous Onyx Booster","32F",2,8,"Playroom Entertainment",2007
"Killer Bunnies and the Quest for the Magic Carrot: ORANGE Booster","32F",2,8,"Playroom Entertainment",2003
"Killer Bunnies and the Quest for the Magic Carrot: Perfectly PINK Booster","32F",2,8,"Playroom Entertainment",2005
"Killer Bunnies and the Quest for the Magic Carrot: RED Booster","32F",2,8,"Playroom Entertainment",2002
"Killer Bunnies and the Quest for the Magic Carrot: Remix","30A",2,8,"Playroom Entertainment",2009
"Killer Bunnies and the Quest for the Magic Carrot: Stainless STEEL Booster","32F",2,8,"Playroom Entertainment",2005
"Killer Bunnies and the Quest for the Magic Carrot: Twilight WHITE Booster","32F",2,8,"Playroom Entertainment",2005
"Killer Bunnies and the Quest for the Magic Carrot: VIOLET Booster","32F",2,8,"Playroom Entertainment",2003
"Killer Bunnies and the Quest for the Magic Carrot: Wacky KHAKI Booster","32F",2,8,"Playroom Entertainment",2006
"Kinfire Council","4E",2,6,"Incredible Dream Studios",2025
"Kinfire Council","4E",2,6,"Incredible Dream Studios",2025
"Kinfire Delve: Callous' Lab","52J",1,2,"Incredible Dream Studios",2024
"Kinfire Delve: Scorn's Stockade","52J",1,2,"Incredible Dream Studios",2024
"Kinfire Delve: Vainglory's Grotto","52J",1,2,"Incredible Dream Studios",2023
"King of 12","32D",2,4,"Corax Games",2020
"King of Monster Island","27C",1,5,"IELLO",2022
"King of New York","27C",2,6,"IELLO",2014
"King of the Elves","53J",2,6,"Rio Grande Games",1999
"King of Tokyo","27C",2,6,"IELLO",2011
"King of Tokyo","27C",2,6,"IELLO",2011
"King of Tokyo: Dark Edition","27C",2,6,"IELLO",2020
"King of Tokyo: Duel","35B",2,2,"IELLO",2024
"King of Tokyo: Origins","27C",2,4,"IELLO",2024
"King's Coalition","53D",2,5,"Play to Z",2024
"King's Forge","5D",2,4,"Game Salute",2014
"King's Gate","33A",2,4,"Fantasy Flight Games",2002
"King's Road","44A",2,5,"Grail Games",2017
"King's Vineyard","30B",2,4,"Mayday Games",2010
"Kingdom Builder: Big Box","16C",2,5,"Queen Games",2014
"Kingdom Builder: Big Box","16C",2,5,"Queen Games",2014
"Kingdom Builder: Capitol","45",Queen Games,45,"2011",Available
"Kingdom Builder: Caves","45",Queen Games,45,"2012",Available
"Kingdom Crossing","57A",1,4,"Sorry We Are French",2025
"Kingdomino","27B",2,4,"Blue Orange (EU)",2016
"Kingdomino Duel","36E",2,2,"Coiledspring Games",2020
"Kings of Israel","29B",2,4,"Funhill Games",2014
"Kings' Struggle","54C",3,6,"WizKids (I)",2018
"Kingsburg (Second Edition)","9C",2,5,"Giochi Uniti",2017
"Kingsport Festival","34E",3,5,"Passport Game Studios; Sir Chester Cobblepot; Stratelibri",2014
"Kingswood","29E",1,5,"25th Century Games",2020
"Kingz","45C",2,5,"Ankama; CMON Global Limited",2017
"Kitchen Rush","10E",1,4,"Artipia Games",2017
"Kites","32D",2,6,"Floodgate Games",2022
"Kites","PLAY TO WIN",2,6,"Floodgate Games",2022
"Kites","PLAY TO WIN",2,6,"Floodgate Games",2022
"Kiwi Chow Down","PLAY TO WIN",1,4,"Detestable Games",2023
"Kiwi Chow Down","PLAY TO WIN",1,4,"Detestable Games",2023
"KLASK","37E",2,2,"Klask ApS",2014
"Klondike 1896","57A",2,4,"Stragoo Games",2011
"Klondike Rush","4C",2,5,"Red Raven Games",2017
"Knarr","54S",2,4,"Bombyx",2023
"Knight Fall","22C",1,6,"Red Raven Games",2022
"Knight Fall","PLAY TO WIN",1,6,"Red Raven Games",2022
"Knight Fall","PLAY TO WIN",1,6,"Red Raven Games",2022
"Knitting Circle","27C",1,4,"Flatout Games",2025
"Knuckle Sammich: A Kobolds Ate My Baby! Card Game","53O",2,8,"(Web published)",2013
"Kobayakawa","53O",3,6,"IELLO; Superlude Éditions",2014
"Kodama Duo","52T",2,0,"Action Phase Games; Indie Boards & Cards",2018
"Kodama Forest","24E",1,6,"Indie Boards & Cards",2020
"Kodama: The Tree Spirits","45C",2,5,"Action Phase Games",2016
"Kōhaku","12D",1,4,"Gold Seal Games",2020
"Koinobori","52H",2,5,"Perro Loko Games",2024
"Kokeshi","57A",1,4,"Ludofun",2024
"König von Siam","40A",2,4,"Histogame",2007
"Kooky Kalooki","53O",3,6,"Playroom Entertainment",2002
"Kraftwagen","3A",2,4,"ADC Blackfire Entertainment GmbH",2015
"Kraftwagen: Age of Engineering","60E",2,4,"Arcane Wonders; Samaruc Games",2024
"Kraków 1325 AD","30C",4,4,"Geode Games",2008
"Kremlin (Third Edition)","49A",2,6,"The Dietz Foundation",2014
"Kreus","53S",3,6,"CMON Global Limited; Sweet Games",2017
"Krone & Schwert","46D",2,5,"Queen Games",2002
"Kronia","53P",2,5,"CMON Global Limited; Spaghetti Western Games",2017
"Kronologic: Paris 1920","51D",1,4,"Origames; Super Meeple",2024
"Krosmaster: Arena","2A",2,4,"Japanime Games",2013
"Kutna Hora: The City of Silver","5A",2,4,"Czech Games Edition",2023
"Kyoto no Neko","5E",2,4,"Matagot",2024
"Kyoto no Neko","5E",2,4,"Matagot",2024
"La Città","8B",2,5,"KOSMOS",2000
"La Famiglia: The Great Mafia War","19C",4,4,"Feuerland Spiele; Capstone Games",2023
"La Granja: Deluxe Master Set","37A",1,4,"Board&Dice",2023
"La Granja: No Siesta","52R",1,4,"ADC Blackfire Entertainment GmbH",2016
"La Habana","10C",2,4,"eggertspiele",2009
"La Isla","3B",2,4,"alea",2014
"La Stanza","34C",2,4,"Quined Games",2019
"La Strada","1C",2,4,"KOSMOS; Mayfair Games",2004
"Labyrinth: The Awakening, 2010 – ?","0",GMT Games,0,"2016",Available
"Labyrinth: The Card Game","53C",2,6,"Ravensburger",2000
"Labyrinth: The War on Terror, 2001 – ?","49A",1,2,"GMT Games",2010
"Lacrimosa","3D",1,4,"Devir",2022
"Lady Alice","13B",3,5,"Hurrican",2012
"Ladybugs","57A",2,4,"Queen Games",2025
"Lagoon: Land of Druids","34A",1,4,"Three Hares Games",2014
"Lancaster","8A",2,5,"Queen Games",2011
"Lancaster: Henry V – The Power of the King","60",Queen Games,60,"2012",4938 results
"Lancaster: Reward Tiles","60",Queen Games,60,"2012",Available
"Lancaster: The New Laws","60",Queen Games,60,"2011",Available
"Landmarks","51E",2,4,"The Spiel Press",n/a
"Lanterns: The Harvest Festival","7B",2,4,"Foxtrot Games",2015
"Las Vegas","24A",2,5,"alea",2012
"Las Vegas Royale","24A",2,5,"alea; Ravensburger",2019
"Lascaux","30E",3,5,"Albi",2007
"Last Bastion","21A",1,4,"Repos Production",2019
"Last Days of Athobrae","46C",2,5,"Moonlit Moor Games LLC",2019
"Last Defense!","39A",2,6,"Funko Games",2020
"Last Lantern","56C",2,4,"Wonderful World Board Games",2025
"Last Light","25C",2,4,"Grey Fox Games",2023
"Last Light: Infinity","25C",2,8,"Grey Fox Games",2023
"Last Message","51B",3,8,"IELLO",2021
"Last Night on Earth: The Zombie Game","22D",2,6,"Flying Frog Productions",2007
"Last Train to Wensleydale","1C",3,4,"Treefrog Games",2009
"Last Will","3A",2,5,"Czech Games Edition; Rio Grande Games",2011
"Last Will: Getting Sacked","75",Czech Games Edition,45,"2013",Available
"Last Will: Messenger Promo Card","60",Czech Games Edition,60,"2012",Available
"Last Will: Plan Order Board","45",Czech Games Edition,45,"2011",Available
"Lata","53R",1,4,"PYTHAGORAS",2023
"Latte Throwdown","10E",2,4,"Analog Game Studios",2020
"Le Fantôme de l'Opéra","36C",2,2,"Hurrican",2013
"Le Havre","43A",1,5,"Lookout Games",2008
"Le Havre: Le Grand Hameau","150",Lookout Games,150,"2010",Available
"Le Havre: The Inland Port","36B",2,2,"Lookout Games",2012
"Leaders","56C",2,2,"Studio H",2025
"Leaders of Euphoria: Choose a Better Oppressor","51C",4,8,"Overworld Games",2017
"Leaf","11B",1,4,"Weird City Games",2023
"Leaving Earth","51A",1,5,"The Lumenaris Group, Inc.",2016
"Legacies","1E",1,6,"Brookspun Games",2022
"Legacy of Dragonholt","46C",1,6,"Fantasy Flight Games",2017
"Legacy: Gears of Time","34A",2,4,"Floodgate Games",2012
"Legacy: The Testament of Duke de Crecy","32D",1,4,"Portal Games",2013
"Legendary Encounters: An Alien Deck Building Game","21B",1,5,"Upper Deck Entertainment",2014
"Legendary Forests","11D",2,5,"IELLO",2019
"Legendary: A James Bond Deck Building Game","21B",1,5,"Upper Deck Entertainment",2019
"Legendary: A Marvel Deck Building Game","18A",1,5,"Upper Deck Entertainment",2012
"Legends of Andor","47C",2,4,"KOSMOS",2012
"Legends of Andor: Eternal Frost","47C",2,4,"KOSMOS",2023
"Legends of Andor: The Last Hope","47C",2,4,"KOSMOS",2017
"Legion: The Siberian Story","19E",2,4,"Albi",2024
"Lemuria","34A",3,4,"Tasty Minstrel Games",2017
"Leonardo da Vinci","34A",2,5,"DV Games",2006
"Let Them Eat Shrimp!","12C",2,5,"Dr. Finn's Games",2014
"Let's Go Fishin'","28A",1,4,"Pressman Toy Corp.",2018
"Let's Go! To Japan","24B",1,4,"Alderac Entertainment Group",2024
"Let's Go! To Japan","24B",1,4,"Alderac Entertainment Group",2024
"Let's Kill!","52C",2,6,"Atlas Games",2005
"Let's Make a Bus Route: The Dice Game","35E",1,2,"Saashi & Saashi",2021
"Letter Jam","31C",2,6,"Czech Games Edition",2019
"Letters from Whitechapel","23A",2,6,"Nexus Editrice",2011
"LetterTricks","54E",3,5,"(Self-Published)",2021
"Level 7 [Omega Protocol]","34E",2,6,"Privateer Press",2013
"Leviathan Wilds","21B",1,4,"Moon Crab Games",2024
"Lewis & Clark: The Expedition","10C",1,5,"Ludonaute",2013
"Leylines","60D",2,6,"Arcane Wonders",2025
"Leylines","57D",2,6,"Arcane Wonders",2025
"Liars Dice","31E",2,10,"L4/Mr. B Games",2018
"Libertalia","10A",2,6,"Marabunta",2012
"Libertalia: Winds of Galecrest","10A",1,6,"Stonemaier Games",2022
"Liberté","1C",3,6,"Valley Games Inc.",1998
"Liberty or Death: The American Insurrection","49B",1,4,"GMT Games",2016
"Lie Detector: The Crime Solving Card Game","53A",2,2,"Mattel, Inc.",2006
"Life of the Amazonia","11C",1,4,"Bad Comet",2023
"Life of the Amazonia","11C",1,4,"Bad Comet",2023
"Life of the Amazonia","PLAY TO WIN",1,4,"Bad Comet",2023
"Life of the Amazonia","PLAY TO WIN",1,4,"Bad Comet",2023
"Lift Off","46E",2,4,"Z-Man Games",2019
"Lift Off! Get me off this Planet! Expanded Deluxe Edition","26A",1,6,"Pencil First Games, LLC",2020
"Light Speed: Arena","57A",1,4,"Pegasus Spiele",2025
"Lightning Train","14A",1,4,"Dire Wolf",2025
"Lightning Train","n/a",1,4,"Dire Wolf",2025
"Liguria","34D",3,4,"Queen Games",2015
"Limes","36B",1,2,"ABACUSSPIELE",2014
"Limit","57B",1,6,"Ludonaute",2025
"Lincoln","36D",2,2,"PSC Games",2018
"Linkee!","54K",2,99,"Big Potato Games",2020
"Linkto Travel","45B",1,10,"Hachette Boardgames USA; Randolph",2023
"Linx","PLAY TO WIN",2,4,"Enginuity",2023
"Linx","PLAY TO WIN",2,4,"Enginuity",2023
"Linx","54K",2,4,"Matagot",2023
"Lions of Lydia","33C",2,4,"Bellwether Games",2021
"Lisboa","42E",1,4,"Eagle-Gryphon Games",2017
"Little Alchemists","57B",2,4,"Czech Games Edition",2024
"Living Forest","11B",1,4,"Ludonaute",2021
"Livingstone","40A",2,5,"Playroom Entertainment",2009
"Lizard Wizard","3E",2,6,"Forbidden Games",2021
"Llama Llama","59A",2,4,"Allplay",2025
"Loch Ness","40B",2,5,"Hans im Glück",2010
"Logistico","15A",2,5,"Cwali",2003
"London (Second Edition)","1B",2,4,"Osprey Games",2017
"Lone Wolves","54H",2,2,"Wonderful World Board Games",2024
"Long Shot: The Dice Game","54R",1,8,"Perplext",2022
"Long Shot: The Dice Game","54R",1,8,"Perplext",2022
"Longboard","53Q",2,4,"25th Century Games",2022
"Longhorn","45B",2,2,"Blue Orange (EU)",2013
"Loony Quest","28B",2,5,"Libellud",2015
"Looot","17D",2,4,"Gigamic",2024
"Loopin' Chewie","26C",2,3,"Hasbro",2014
"Loopin' Louie","27C",2,4,"Milton Bradley",1992
"Loot of Lima","51A",1,5,"BoardGameTables.com",2020
"Loot of Lima","59D",1,5,"Allplay",2020
"Looterz","53S",2,6,"Cool Mini Or Not",2016
"Lord of the Rings: The Confrontation (Deluxe Edition)","36D",2,2,"Fantasy Flight Games",2005
"Lord of the Rings: The Search","36B",2,2,"999 Games",2001
"Lord of the Rings: The Two Towers Trick Taking Game (2025)","PLAY TO WIN",1,4,"Office Dog",2026
"Lord of the Rings: The Two Towers Trick Taking Game (2025)","PLAY TO WIN",1,4,"Office Dog",2026
"Lord of the Rings: The Two Towers Trick Taking Game (2025)","PLAY TO WIN",1,4,"Office Dog",2026
"Lord of the Rings: The Two Towers Trick Taking Game (2025)","55A",1,4,"Office Dog",2026
"Lord of the Rings: The Two Towers Trick Taking Game (2025)","20",Office Dog,20,"2026",Available
"Lords of Hellas","34B",1,4,"Awaken Realms",2018
"Lords of Ragnarok","17D",1,4,"Awaken Realms",2023
"Lords of Vegas","24A",2,6,"Lone Shark Games",2024
"Lords of Vegas","24A",2,4,"Mayfair Games",2010
"Lords of Vegas: Skybridge / Building Boom / Card Sharp","60",Mayfair Games,60,"2012",Available
"Lords of Vegas: UP!","90",Mayfair Games,60,"2014",Available
"Lords of Waterdeep","43D",2,5,"Wizards of the Coast",2012
"Lords of Waterdeep","43D",2,5,"Wizards of the Coast",2012
"Lords of Worlds","56B",2,4,"Mojito Studios",2025
"Lords of Xidit","5D",3,5,"Libellud",2014
"Lorenzo il Magnifico","8B",2,4,"Cranio Creations",2016
"Lorenzo il Magnifico: Houses of Renaissance","120",Angry Lion Games,60,"2017",Available
"Lorenzo il Magnifico: New Leaders","120",Cranio Creations,60,"2016",Available
"Lost Cities","35A",2,2,"KOSMOS",2021
"Lost Cities: Roll & Write","52S",2,5,"KOSMOS",2021
"Lost Cities: The Board Game","15D",2,4,"KOSMOS",2015
"Lost Explorers","30B",2,4,"Ludonaute",2021
"Lost in R'lyeh","53P",2,6,"Atlas Games",2016
"Lost Legends","6E",3,5,"Queen Games",2013
"Lost Ruins of Arnak","41D",1,4,"Czech Games Edition",2020
"Lost Ruins of Arnak","41D",1,4,"Czech Games Edition",2020
"Lost Valley: The Yukon Goldrush 1896","10C",2,6,"Pandasaurus Games",2014
"Lost Valley: The Yukon Mini-Expansion","45",Pandasaurus Games,45,"2014",Available
"Lotus","51D",2,4,"Renegade Game Studios",2016
"Louis XIV","40B",2,4,"alea",2005
"Louis XIV: The Favourite","100",alea,100,"2009",Available
"Love Letter","54M",2,4,"Alderac Entertainment Group",2012
"Love Letter","54M",2,4,"Alderac Entertainment Group",2012
"Love Letter","54M",2,6,"Z-Man Games",2019
"Love Letter","52M",2,6,"Z-Man Games",2019
"Love Letter: Batman","54M",2,4,"Alderac Entertainment Group",2015
"Love Letter: Bridgerton","54M",2,6,"Z-Man Games",2024
"Love Letter: Kanai Factory Limited Edition","54M",2,4,"Alderac Entertainment Group",2012
"Love Letter: Premium Edition","54M",2,8,"Alderac Entertainment Group",2016
"Lovecraft Letter","54M",2,6,"Alderac Entertainment Group",2017
"Löwenherz","8C",2,4,"Goldsieber Spiele; Rio Grande Games",1997
"Lowlands","45E",2,4,"Z-Man Games",2018
"Lucky Loop","33A",2,6,"Queen Games",2003
"Lucky's Misadventures: Episode 42 – Lost in Oddtopia","29E",2,4,"Great Northern Games",2018
"Lumicora","12C",2,4,"Deep Print Games; Pegasus Spiele",2024
"Luminis","PLAY TO WIN",2,5,"Don't Panic Games",2023
"Luminis","PLAY TO WIN",2,5,"Don't Panic Games",2023
"Luna","3C",1,4,"Hall Games",2010
"Lunar","59B",2,4,"Allplay",2024
"Lunar","54F",2,6,"Black Site Studios",n/a
"Lunar Rush","26A",1,4,"Dead Alive Games",2023
"Lunar Rush","PLAY TO WIN",1,4,"Dead Alive Games",2023
"Lunar Rush","PLAY TO WIN",1,4,"Dead Alive Games",2023
"Lunar Skyline","PLAY TO WIN",2,6,"Dead Alive Games",2025
"Lunar Skyline","PLAY TO WIN",2,6,"Dead Alive Games",2025
"Lunaris 45","26A",1,4,"Pile Up Games",2023
"Lure","59C",2,5,"Allplay",2024
"Luthier","Hot Games",1,4,"Paverson Games",2025
"Luthier","PLAY TO WIN",1,4,"Paverson Games",2025
"Luthier","57D",1,4,"Paverson Games",2025
"Luthier","PLAY TO WIN",1,4,"Paverson Games",2025
"Luxor","7E",2,4,"Queen Games",2018
"LUZ","52I",3,5,"IELLO",2025
"luz","54E",3,4,"Korokorodou",2021
"Lynx","12A",2,5,"Play to Z",2024
"Macao","3B",2,4,"alea",2009
"Machi Koro: Bright Lights, Big City","27C",2,5,"IDW Games",2016
"Mad Scientist University","45B",3,7,"Atlas Games",2007
"Madame Ching","44B",2,4,"Hurrican",2014
"Madeira","46C",2,4,"What's Your Game?",2013
"Maelstrom","33E",2,4,"Fantasy Flight Games",2001
"Maeshowe: an Orkney Saga","17D",1,2,"Dragon Dawn Productions",2021
"Mafia","55C",7,24,"Laurence King Publishing Ltd",2019
"Mag·Blast (Second Edition)","53C",2,8,"Fantasy Flight Games",2002
"Magazine","57B",2,4,"Mandoo Games",2025
"Magdar","30A",2,4,"Fantasy Flight Games",2003
"Mage Knight: Ultimate Edition","42A",1,5,"WizKids (I)",2018
"Mage Wars Academy","45A",2,2,"Arcane Wonders",2015
"Mage Wars Academy","60C",2,2,"Arcane Wonders",2015
"Mage Wars Arena","60C",2,2,"Arcane Wonders",2012
"Mage Wars Arena","37E",2,2,"Arcane Wonders",2012
"Mage Wars: Akiro's Favor Promo Card","90",Arcane Wonders,90,"2014",Available
"Mage Wars: Conquest of Kumanjaro – Spell Tome Expansion","90",Arcane Wonders,90,"2013",Available
"Mage Wars: Hurl Meteorite Promo Card","90",Arcane Wonders,90,"2014",Available
"Mage Wars: Vorpal Blade Promo Card","90",Arcane Wonders,90,"2014",Available
"Magic Maze","22B",1,8,"Dude Games; Sit Down!",2017
"Magic Mountain","27C",2,6,"AMIGO",2021
"Magic Trick","54E",3,5,"(Self-Published)",2023
"Magical Athlete","30",CMYK,30,"2025",Available
"Magical Athlete","56C",2,6,"CMYK",2025
"Magical Athlete","56C",2,6,"CMYK",2025
"Maglev Metro","14D",1,4,"Bézier Games",2021
"Magna Grecia","29B",2,4,"Clementoni",2003
"Magnastorm","44B",2,4,"Feuerland Spiele",2018
"Magnate: The First City","38B",1,5,"Naylor Games",2021
"Magnum Sal","40E",2,4,"Leonardo Games",2010
"Maharaja","6B",1,4,"Cranio Creations",2021
"Maharani","30C",2,4,"Queen Games",2012
"Mai-Star","52K",3,6,"Alderac Entertainment Group",2014
"Maiden's Quest","53R",1,5,"WizKids (I)",2018
"Majesty: For the Realm","6D",2,4,"Hans im Glück",2017
"Majolica: Revised Edition","15C",2,4,"Board Game Rookie",2024
"Maki Master","10E",1,4,"KTBG",2024
"Mammoth Hunters","1A",3,5,"alea",2003
"Mammut","11D",2,5,"Queen Games",2011
"Mamoonia","39E",1,6,"Giochi Rari",2003
"Mancala","27D",2,2,"Spin Master Ltd.",2024
"Mandala","36B",2,2,"Lookout Games",2019
"Mandala Stones","15D",2,4,"Board&Dice",2021
"Manitoba","29B",2,4,"dlp games",2018
"Manoeuvre","48A",2,2,"GMT Games",2010
"Mansions of Madness: Second Edition","42E",1,5,"Fantasy Flight Games",2016
"Mansions of Madness: Second Edition","50E",1,5,"Fantasy Flight Games",2016
"Map Masters","56C",1,5,"Captain Games",2025
"Map Masters","60",Captain Games,30,"2025",Available
"Maple Valley","2D",1,5,"KTBG",2024
"Maps of Misterra","24B",1,4,"Sit Down!",2023
"Maracaibo","43B",1,4,"Game's Up",2019
"Marajoara","15B",1,4,"Glyptodon; MeepleBR",2024
"Marbleous","28C",1,4,"KOSMOS",2025
"Marco Polo II: In the Service of the Khan","7A",2,4,"Z-Man Games",2020
"Mare Nostrum: Empires","48D",3,5,"ASYNCRON games",2016
"Mare Nostrum: Empires – Atlas Expansion","48D",2,6,"Academy Games Inc.",2016
"Mare Nostrum: Empires Kickstarter Exclusives","48D",2,5,"Academy Games Inc.",2016
"Margraves of Valeria","2A",2,5,"Daily Magic Games",2020
"Maria","32C",2,3,"Histogame",2009
"Mariposas","11A",2,5,"Alderac Entertainment Group",2020
"Marrakech","7E",2,4,"Fundex; Gigamic",2007
"Marrakesh","3C",2,4,"Queen Games",2022
"Marrying Mr. Darcy","52T",2,6,"(Self-Published)",2014
"Marrying Mr. Darcy: the Emma Expansion","54U",2,6,"(Self-Published)",2016
"Marshmallow Test","39A",2,5,"Gamewright",2020
"Martinique","36E",2,2,"Axel",2009
"Marvel Champions: The Card Game","42B",1,4,"Fantasy Flight Games",2019
"Marvel Champions: The Card Game","50D",1,4,"Fantasy Flight Games",2019
"Marvel D.A.G.G.E.R.","18A",1,5,"Fantasy Flight Games",2023
"Marvel Dice Masters: Avengers Infinity Campaign Box","18A",2,2,"WizKids (I)",2018
"Marvel Dice Masters: Avengers vs. X-Men","45B",2,2,"WizKids (I)",2014
"Marvel Dice Throne: Battle Chest","18A",2,6,"The Op Games; Roxley",2022
"Marvel Dice Throne: Deadpool","18A",2,6,"The Op Games; Roxley",2025
"Marvel United","18A",1,4,"CMON Global Limited",2020
"Marvel United: X-Men","18A",1,5,"CMON Global Limited; Spin Master Ltd.",2021
"Marvel Zombies: A Zombicide Game","21C",1,6,"CMON Global Limited; Guillotine Games; Spin Master Ltd.",2023
"Marvel: Damage Control","18A",1,4,"WizKids (I)",2023
"Marvel: Remix","53T",2,6,"WizKids (I)",2022
"Mascarade","53K",2,13,"Repos Production",2013
"Masmorra: Dungeons of Arcadia","22B",1,5,"CMON Global Limited; Spaghetti Western Games",2017
"Masons","33B",2,4,"999 Games",2006
"Masque of the Red Death","31A",4,7,"IDW Games",2018
"Masques","53S",2,4,"Cool Mini Or Not; Spaghetti Western Games",2016
"Massive Darkness","23E",1,6,"CMON Global Limited",2017
"Massive Darkness 2: Hellscape","23E",1,6,"CMON Global Limited; Guillotine Games",2022
"Master Builder","6B",2,4,"Valley Games Inc.",2008
"Mastermind 44","28C",4,4,"Invicta Games",1977
"Match Madness","31C",1,4,"asmodee; FoxMind",2019
"Match of the Century","35A",2,2,"Capstone Games; Deep Print Games",2023
"Maya Madness","45B",2,4,"Gamewright",2003
"Mazescape Kids: Hipnos","53B",1,1,"Devir",2022
"Mazescape XP: Cryo-C","53B",1,1,"Devir",2022
"Meadow","11C",1,4,"Rebel Studio",2021
"Meadow","11C",1,4,"Rebel Studio",2021
"Meadow","50D",1,4,"Rebel Studio",2021
"Mechanica","5E",1,4,"Resonym",2020
"Mechs vs. Minions","43B",2,4,"Riot Games",2016
"Mechs vs. Minions","43B",2,4,"Riot Games",2016
"Medici","8B",2,6,"AMIGO",1995
"Medici vs Strozzi","36B",2,2,"ABACUSSPIELE",2006
"Medici: The Card Game","52S",2,6,"cosaic",2016
"Medici: The Dice Game","52S",1,4,"Grail Games",2020
"Medieval","29B",1,6,"HGN Games",2018
"Medieval Academy","2B",2,5,"Blue Cocker Games",2014
"Medina","7B",3,4,"999 Games",2001
"Meenakshi Temple","7B",1,5,"Shvili.Games",2025
"Meeple Circus","4B",2,5,"Matagot",2017
"Mega Civilization","47E",5,18,"999 Games",2015
"Mega Empires: The West","47E",5,9,"999 Games",2019
"MEGAcquire GOLD","38B",3,6,"BoardGameDesign.com",2020
"Megaland","4C",2,5,"Red Raven Games",2018
"Megaland","PLAY TO WIN",2,5,"Red Raven Games",2018
"Megaland","PLAY TO WIN",2,5,"Red Raven Games",2018
"Megalomania Card Game","32D",2,4,"BGERA games",2022
"Melee","34A",2,4,"La Mame Games",2014
"Meltwater: A Game of Tactical Starvation","35E",2,2,"Capstone Games",2025
"Memoir '44","50E",2,4,"Days of Wonder",2006
"Memoir '44","35D",2,8,"Days of Wonder",2006
"Memoir '44","49D",2,8,"Days of Wonder",2006
"Men at Work","15B",2,5,"Pretzel Games",2019
"Men-Nefer","7D",1,4,"Ludonova",2024
"Men-Nefer","7D",1,4,"Ludonova",2024
"Menagerie: Unlock the Wonders of a Miniature World","60",Moose Games,30,"2025",Available
"Menara","22B",1,4,"Zoch Verlag",2018
"Mercado de Lisboa","9C",1,4,"Eagle-Gryphon Games",2021
"Mercante","34C",3,5,"Alderac Entertainment Group",2012
"Mercatores","54S",2,4,"Hornet Games",2022
"Merchant of Venus (Second Edition)","47C",1,4,"Fantasy Flight Games",2012
"Merchants & Marauders","10B",2,4,"Z-Man Games",2010
"Merchants & Marauders: Broadsides","10B",2,2,"Filosofia Éditions",2016
"Merchants Cove","10A",1,4,"Final Frontier Games",2021
"Merchants of Amsterdam","40B",3,5,"Jumbo",2000
"Merchants of Andromeda","59E",3,5,"Allplay",2025
"Merchants of the Dark Road","6E",1,4,"Elf Creek Games",2022
"Meridian","44C",2,4,"Piatnik",2001
"Merkator","5B",1,4,"Lookout Games",2010
"Merlin: Big Box","3B",2,4,"Queen Games",2020
"Mermaid Rain","40C",3,6,"Gentosha Education",2003
"Merv: The Heart of the Silk Road","7E",1,4,"Osprey Games",2020
"Mesopotamia","30D",2,4,"Phalanx Games B.V.",2005
"MESOS","1A",2,5,"Cranio Creations",2024
"Mesozooic","52D",2,6,"Z-Man Games",2018
"Messina 1347","8D",1,4,"Delicious Games",2021
"Metro","14D",2,6,"Queen Games",2000
"Metro Runner","19E",1,5,"Thunderworks Games",2024
"Metro X","51C",1,6,"Gamewright",2020
"Metropolys","33B",2,4,"Ystari Games",2008
"Mexica","6C",2,4,"ABACUSSPIELE",2002
"Mezen","60D",1,5,"Hobby World",2024
"Mice and Mystics","22D",1,4,"Plaid Hat Games",2012
"Mice and Mystics: Heart of Glorm","Base Box",1,4,"Plaid Hat Games",2013
"Michael Strogoff","8D",1,5,"Devir",2017
"MicroMacro: Crime City","13A",1,4,"Edition Spielwiese",2020
"MicroMacro: Crime City – All In","13A",1,4,"Edition Spielwiese; Pegasus Spiele",2022
"Micropolis","11C",2,6,"Matagot",2018
"Middara: Unintentional Malum – Act 1","38A",1,4,"Succubus Publishing",2019
"Middle Ages","24E",2,5,"Studio H",2024
"Middle Kingdom","45C",2,5,"Z-Man Games",2008
"Middle-Earth Quest","32B",2,4,"Fantasy Flight Games",2009
"Mighty Monsters","39A",3,6,"Queen Games",2016
"MIL (1049)","33C",2,5,"HomoLudicus",2011
"Milito","47B",2,2,"PSC Games",2019
"Mille Bornes","52B",2,6,"Dujardin",2016
"Mille Fiori","15B",2,4,"Schmidt Spiele",2021
"Mille Fiori","15B",2,4,"Schmidt Spiele",2021
"Millennia: Tracks of Time","55B",1,4,"Karma Games",2025
"Millennium Blades","5D",2,5,"Level 99 Games",2016
"Mind MGMT: The Psychic Espionage “Game.”","21D",1,5,"Off the Page Games",2021
"Mind MGMT: The Psychic Espionage “Game.”","21D",1,5,"Off the Page Games",2021
"Mind Space","59C",1,5,"Allplay",2023
"Mind Space","52O",1,5,"Allplay",2023
"Mindbug: First Contact","52P",2,2,"Nerdlab Games",2022
"Mindburners","52K",1,4,"(Self-Published)",2020
"Minecraft: Builders & Biomes","18B",2,4,"Ravensburger",2019
"Ming Dynasty","29A",2,4,"Hans im Glück",2007
"Minos: Dawn of the Bronze Age","16B",1,4,"Board&Dice",2024
"Minotaur Lords","45A",2,2,"Fantasy Flight Games",2004
"Mint Delivery","53A",1,5,"Five24 Labs",2017
"Mint Works","53A",1,4,"Five24 Labs",2017
"Mint-Tin Monster Mash-Up","PLAY TO WIN",1,2,"Galen's Games",2025
"Mint-Tin Monster Mash-Up","PLAY TO WIN",1,2,"Galen's Games",2025
"Mission Zero","55C",2,5,"P24 Solutions",2025
"Mission: Red Planet (Second/Third Edition)","25D",2,6,"Fantasy Flight Games",2015
"Mississippi Queen","32C",2,6,"Super Meeple",2019
"Mistborn: The Deckbuilding Game","18B",1,4,"Brotherwise Games",2024
"Mistborn: The Deckbuilding Game","18B",1,4,"Brotherwise Games",2024
"Mists over Carcassonne","27A",1,5,"Hans im Glück",2022
"Mistwind","14E",1,5,"First Fish Games",2024
"Mixture Mischief","54S",2,4,"Hornet Games",2022
"MLEM: Space Agency","25C",2,5,"Rebel Studio",2024
"Mobile Markets: A Smartphone Inc. Game","60D",1,4,"Arcane Wonders",2023
"Moby Dick, or, The Card Game","53O",2,4,"King Post",2013
"Modern Art","51C",3,5,"Mayfair Games",2004
"Moesteiro","8A",2,4,"PYTHAGORAS",2022
"Mombasa","6A",2,4,"eggertspiele",2015
"Mombasa: Cooked Books Mini Expansion","150",eggertspiele,75,"2016",Available
"Momiji","11E",1,4,"Deer Games; Japanime Games",2022
"Monastery","39C",2,4,"Ragnar Brothers",2008
"Money!","54S",3,5,"Goldsieber Spiele",1999
"Money!","59B",2,5,"Allplay",2025
"Monikers","52O",4,16,"CMYK",2015
"Monkey Mayhem","30A",2,8,"Scrungo Games",2025
"Monkey Palace","50B",2,4,"LEGO",2024
"Monkey Palace","28B",2,4,"LEGO",2024
"Monolyth","15D",1,4,"CMON Global Limited",2022
"Monopoly","28C",2,8,"Parker Brothers",1992
"monsdrawsity: Cute Creatures","52Q",3,9,"Bread and Circuses; Deep Water Games",2020
"Monsters Menace America","40B",2,4,"Avalon Hill",2005
"Monsters Menace The World","4A",2,4,"Renegade Game Studios",2025
"Monsters of Loch Lomond","55C",2,6,"Key Card Games",2023
"Montana","24C",2,4,"White Goblin Games",2017
"Moon Bunny","5E",1,4,"Hot Banana Games",2025
"Moon Colony Bloodbath","Hot Games",1,5,"Rio Grande Games",2025
"Moonflight","29B",1,4,"Man O' Kent Games",2020
"MoonQuake Escape","26A",2,6,"Breaking Games",2016
"Moonrakers","25C",1,5,"IV Studio",2020
"Moonshine","56B",2,5,"BLAM!",2025
"Moonshine Empire","10D",1,4,"Barrel Aged Games",2021
"Morels","36B",2,2,"Two Lanterns Games",2012
"Mori","59C",3,5,"Allplay",2024
"Mori","54F",3,5,"Allplay",2024
"Mortum: Medieval Detective","60D",1,6,"Arcane Wonders",2022
"Mortum: Medieval Detective – The Shelter","60D",1,6,"Arcane Wonders",n/a
"Mosaic: A Story of Civilization","38C",2,6,"Forbidden Games",2022
"Mother of Frankenstein","60E",1,6,"Arcane Wonders; Hatch Escapes",2023
"Mother of Frankenstein","60E",1,6,"Arcane Wonders; Hatch Escapes",2023
"Mother of Frankenstein","60E",1,6,"Arcane Wonders; Hatch Escapes",2023
"Motor City","51F",1,5,"25th Century Games; Motor City Gameworks",2023
"Mottainai","52L",2,5,"Asmadi Games",2015
"Mottainai: Wutai Mountain","54U",2,5,"Asmadi Games",2018
"Mountain Goats","52U",2,4,"BoardGameTables.com",2010
"Mountain Goats","59B",2,4,"Allplay",2026
"Mountain Goats: Expansion Pack","n/a",n/a,n/a,"n/a",Available
"Mountains of Madness","21B",3,5,"IELLO",2017
"Mountains out of Molehills","2D",2,4,"The Op Games",2022
"Mouse Trap","28E",2,4,"Milton Bradley",1986
"Mouse Trap","28A",2,4,"Milton Bradley",1986
"Movie Fight","57C",1,5,"Pink Troubadour",2025
"Movie Night","59A",1,10,"Allplay",2025
"Moving Wild","54U",1,6,"Oink Games",2024
"Mr. Card Game","33B",2,5,"Asymmetric Publications",2014
"Mr. Jack","36C",2,2,"Hurrican",2006
"Mr. Jack in New York","36C",2,2,"Hurrican",2009
"Mr. Jack Pocket","52A",2,2,"Hurrican",2010
"Mr. Jack: Extension","30",Hurrican,30,"2007",Available
"Mü & more: Revised Edition","n/a",2,6,"HeidelBÄR Games",2025
"Munchkin","51F",3,6,"Steve Jackson Games",2001
"Munchkin Dungeon","39C",2,5,"CMON Global Limited; Steve Jackson Games",2020
"Mundus Novus","51D",2,6,"asmodee",2011
"Municipium","8B",2,4,"Valley Games Inc.",2008
"Murano","34C",2,4,"Lookout Games",2014
"Murder Mystery Party: The Night Hunter Game","13B",1,99,"University Games",2023
"Murder of Crows","53U",2,5,"Atlas Games",2017
"Murder on the Cosmic Express","53U",3,6,"Screech Dragon Studios",2019
"Muse","31A",2,12,"Quick Simple Fun Games",2017
"Museum","9D",2,4,"Holy Grail Games",2019
"Museum: Pictura","9D",2,4,"Holy Grail Games",2022
"Mush! Mush!: Snow Tails 2","40D",2,8,"Fragor Games",2013
"My City","20D",2,4,"KOSMOS",2020
"My City: Roll & Build","53I",1,6,"KOSMOS",2023
"My Farm Shop","28C",2,4,"Pegasus Spiele",2020
"My Father's Work","9E",2,4,"Renegade Game Studios",2022
"My Little Pony: Adventures in Equestria Deck-Building Game","19A",1,4,"Renegade Game Studios",2022
"My Little Scythe","28D",1,6,"Stonemaier Games",2018
"My Shelfie: The Dice Game","52I",2,4,"Cranio Creations; Lucky Duck Games",2024
"My Soundtrack","PLAY TO WIN",3,10,"CardLords",2026
"My Soundtrack","PLAY TO WIN",3,10,"CardLords",2026
"My Village","8A",2,4,"eggertspiele",2015
"My Village: Vagrants Expansion","90",eggertspiele,60,"2016",Available
"My Word!","54R",2,6,"Out of the Box Publishing",2006
"Mycelia","11E",1,4,"Burnt Island Games; Split Stone Games",2024
"Mykerinos","34A",2,4,"Millenium; Ystari Games",2006
"Mykerinos: The Nile","45",Ystari Games,45,"2007",Available
"Myrmes","46C",2,4,"Rio Grande Games; Ystari Games",2012
"Myst","46D",2,6,"University Games",1998
"Mysterium","23A",2,7,"Esdevium; Libellud",2016
"Mysterium","23A",2,7,"Esdevium; Libellud",2016
"Mysterium Park","51D",2,6,"Libellud",2020
"Mystery Express","2C",3,5,"Days of Wonder",2010
"Mystery of the Abbey","13B",3,6,"Days of Wonder",1995
"Mystery on the Nile","7C",2,6,"Descartes Editeur; Eurogames",1996
"Mystery Rummy: Al Capone and the Chicago Underworld","53N",2,4,"Eagle-Gryphon Games",2003
"Mystery Rummy: Escape from Alcatraz","53N",2,4,"(Web published)",2009
"Mystery Rummy: Jack the Ripper","53N",2,4,"U.S. Games Systems Inc.",1998
"Mystery Rummy: Jekyll & Hyde","53N",2,2,"Eagle-Gryphon Games",2001
"Mystery Rummy: Murders in the Rue Morgue","53N",2,4,"Eagle-Gryphon Games",1999
"Mystic Paths","4E",2,6,"R&R Games",2021
"Mystic Vale","26E",2,4,"Alderac Entertainment Group",2016
"Mystic Vale: Conclave","26E",2,6,"Alderac Entertainment Group",2018
"Mythalix","4E",2,4,"Grand Gamers Guild; Sunrise Game Studio",2021
"Mythic Battles: Pantheon","38E",2,4,"Monolith Board Games",2019
"Mythic Mischief","2A",1,4,"IV Studio",2022
"Mythic Mischief Vol. II","2A",1,4,"IV Studio",2024
"Mythical Dice","51D",3,6,"IELLO; Playte",2025
"Mythotopia","1C",2,4,"Treefrog Games",2014
"Mythwind","21E",1,4,"Open Owl Studios",2024
"Naishi","55A",2,2,"Renegade Game Studios",2024
"Namiji","2C",2,5,"Funforge",2022
"Nanty Narking","1D",2,4,"PHALANX",2019
"Narabi","52H",3,5,"Z-Man Games",2019
"Nassau","3C",2,4,"Queen Games",2024
"Nations","16B",1,5,"Lautapelit.fi",2013
"Nations: The Dice Game","16B",1,4,"Lautapelit.fi",2014
"Nature","55A",1,4,"NorthStar Game Studio",2025
"Nature","PLAY TO WIN",1,4,"North Star Game Studio",2025
"Nature","PLAY TO WIN",1,4,"North Star Game Studio",2025
"Nautilion","54T",1,2,"Z-Man Games",2016
"Nautilus","32C",2,4,"999 Games",2002
"Navegador","32D",2,5,"PD-Verlag",2010
"Neanderthal","45C",1,3,"Ion Game Design; Sierra Madre Games",2018
"Near and Far","4C",2,4,"Red Raven Games",2017
"Nebula","26A",2,4,"Wonderbow Games",2025
"Nefarious","13D",2,6,"The Op Games",2015
"Nefarious: Becoming a Monster Expansion","45",Magellan,30,"2016",Available
"Neko Harbour: The Card Game","12D",2,4,"The Wood Games",2021
"Neko Syndicate","52M",1,4,"Combo Games (II)",2024
"Neko Syndicate","52M",1,4,"Combo Games (II)",2024
"Nekojima","15E",1,5,"Unfriendly Games",2023
"Nemesis","41C",1,5,"Awaken Realms",2021
"Nemesis: Lockdown","21C",1,5,"Awaken Realms",2022
"Nemesis: Retaliation","57D",1,5,"Awaken Realms",2025
"Nemesis: Retaliation","Hot Games",1,5,"Awaken Realms",2025
"Nemo's War (Second Edition)","12C",1,4,"Victory Point Games",2017
"Neon Reign","36C",1,2,"Neon Knight Games",2024
"Neon Reign","36C",1,2,"Neon Knight Games",2024
"Neotopia","60C",2,4,"Arcane Wonders; MEBO Games",2023
"Nero: Legacy of a Despot","30E",3,4,"Phalanx Games B.V.",2002
"Nessos","52C",3,6,"IELLO",2018
"Nestlings","11D",1,4,"Tangerine Games",2024
"Neta-Tanka: Deluxe Edition","39E",1,5,"La Boîte de Jeu",2019
"Netrunner","53G",2,2,"Wizards of the Coast",1996
"Neuland","16D",2,4,"eggertspiele",2004
"Neuroshima Hex: Battle","35E",2,2,"Portal Games",2025
"Neuroshima Hex! 3.0","3A",1,4,"Portal Games",2006
"Neuroshima Hex! 3.0: Assassin","30",Portal Games,30,"2014",Available
"Neuroshima Hex! 3.0: Dancer","30",Portal Games,30,"2012",Available
"Neuroshima Hex! 3.0: Steel Police","30",Portal Games,30,"2012",Available
"Neuroshima Hex! 3.0: Terrain tiles","30",Portal Games,30,"2016",Available
"Neuroshima Hex! Duel","36E",2,2,"IELLO",2009
"Nevada City","24A",2,4,"Rio Grande Games",2020
"Nevermore","31D",3,6,"Smirk & Dagger Games",2015
"Nevsky: Teutons and Rus in Collision 1240-1242","49A",1,2,"GMT Games",2019
"New Amsterdam","33A",2,5,"White Goblin Games",2012
"New England","39E",3,4,"Goldsieber Spiele",2003
"New Frontiers","25E",2,5,"Rio Grande Games",2018
"New World: A Carcassonne Game","46B",2,5,"Rio Grande Games",2008
"New York","44E",2,6,"Queen Games",2011
"New York 1901","20E",2,4,"Blue Orange Games",2015
"New York 1901: Flatiron","0",Blue Orange Games,0,"2015",Available
"New York City","3C",1,4,"Queen Games",2022
"New York Slice","10D",2,6,"Bézier Games",2017
"New York Zoo","5B",1,5,"Feuerland Spiele",2020
"Newton","8A",1,4,"CMON Global Limited; Cranio Creations",2018
"Next Station: London","52R",1,4,"Blue Orange Games",2022
"Nexus Ops","33E",2,4,"Fantasy Flight Games",2012
"Niagara","33A",3,5,"Zoch Verlag",2004
"Nice Buns","54J",2,6,"Big Potato Games",2021
"Nidavellir","17E",2,5,"GRRRE Games",2020
"Nidavellir","17E",2,5,"GRRRE Games",2020
"Night of the Grand Octopus","34A",3,5,"IELLO",2014
"Night of the Living Dead: A Zombicide Game","21C",1,6,"CMON Global Limited",2021
"Nightmare Forest: Alien Invasion","45C",1,6,"SolarFlare Games",2017
"Nightmare Forest: Dead Run","45C",1,6,"SolarFlare Games",2016
"Nightmare Productions","4A",2,5,"Filosofia Éditions",2009
"Nightmare Productions","4A",2,5,"Filosofia Éditions",2009
"Nimalia","53R",2,4,"Blackrock Games; La Boîte de Jeu; Lucky Duck Games",2023
"Nimble","45C",2,4,"Stronghold Games",2018
"Niña & Pinta","10C",1,4,"Ragnar Brothers",2016
"Nine Tiles Panic","54U",2,5,"Oink Games",2019
"Nine-minute Kingdom","54S",1,5,"Hornet Games",2022
"Ninjato","8E",2,4,"Z-Man Games",2011
"Nippon","8E",2,4,"What's Your Game?",2015
"NMBR 9","15C",1,4,"ABACUSSPIELE",2017
"No Loose Ends","52I",2,5,"GameHead",2025
"No Retreat! The Russian Front","48B",2,2,"GMT Games",2011
"No Thanks!","53C",3,7,"AMIGO",2004
"Nobi Nobi Sword","PLAY TO WIN",n/a,n/a,"n/a",n/a
"Nobi Nobi Sword","PLAY TO WIN",n/a,n/a,"n/a",n/a
"Noblemen","44E",3,5,"Pegasus Spiele",2012
"Noctiluca","15E",1,4,"Z-Man Games",2019
"Nocturion","33E",2,4,"Vesuvius Media",2019
"Nocturne","11C",1,4,"Alderac Entertainment Group; Flatout Games",2024
"Nokosu Dice","54A",3,5,"Engames",2023
"Noobs in Space","53H",3,5,"KOSMOS",2023
"Noria","44C",2,4,"Edition Spielwiese",2017
"Northgard: Uncharted Lands","17E",2,5,"Open Sesame Games",2022
"Not Alone","53J",2,7,"Geek Attitude Games; Stronghold Games",2017
"Not Alone: Sanctuary","54S",2,7,"Geek Attitude Games",2020
"Nothing Personal","19C",3,5,"Dice Tower Games",2013
"Nothing Personal Expansion Pack #2: The Dice Tower Crew","120",Game Salute,120,"2015",Available
"Nothing Personal: Young Turks Expansion","120",Dice Tower Games,120,"2013",Available
"Notre Dame: 10th Anniversary","3C",2,5,"alea",2017
"Nova Era","16C",2,4,"CMON Global Limited",2025
"Nova Luna","5B",1,4,"Edition Spielwiese",2019
"Nova Luna","5B",1,4,"Edition Spielwiese",2019
"Nova Roma","9A",1,4,"25th Century Games; Half-a-Kingdom Games",2024
"Nucleum","20C",1,4,"Board&Dice",2023
"Nucleum","20C",1,4,"Board&Dice",2023
"Nucleum: Australia","20C",1,4,"Board&Dice",2024
"Number Chain","55C",2,4,"Arcane Wonders",2025
"Number Chain","PLAY TO WIN",2,4,"Arcane Wonders",2025
"Number Chain","PLAY TO WIN",2,4,"Arcane Wonders",2025
"Number Chain","60B",2,4,"Arcane Wonders",2025
"Nunatak: Temple of Ice","1A",2,4,"KOSMOS",2024
"Nusfjord","5C",1,5,"Lookout Games",2018
"Nut Hunt","2D",1,5,"Pine Island Games",2023
"Nut So Fast","31B",3,6,"Smirk & Laughter Games",2018
"Nyakuza","3E",2,4,"CMON Global Limited",2025
"Nyctophobia","47B",3,5,"Pandasaurus Games",2018
"Nyet!","54G",2,5,"Goldsieber Spiele",1997
"O Zoo le Mio","46A",2,4,"Cwali",2002
"Oasis","39D",3,5,"Schmidt Spiele",2004
"Oath","23A",1,6,"Leder Games",2021
"Oathsworn: Into the Deepwood","42D",1,4,"Shadowborne Games",2022
"Obelus","53F",2,2,"Phase Shift Games",2024
"Obscurio","23A",2,8,"Libellud",2019
"Obsession","42E",1,4,"Kayenta Games",2018
"Obsession: Wessex Expansion","90",Kayenta Games,30,"2018",Available
"Oceania","36A",1,2,"Mayfair Games",2004
"Oceanos","2D",2,5,"IELLO",2016
"Oceans","12B",2,4,"North Star Games, LLC",2020
"OctoDice","52L",1,4,"Alderac Entertainment Group",2015
"Oddland","59C",1,5,"Allplay",2025
"Odin's Ravens (Second Edition)","36B",2,2,"Osprey Games",2016
"Ofrenda","5A",1,4,"Osprey Games",2025
"Ogre Bash","53A",2,6,"Cloud Kingdom Games",2004
"Oh My Goods!","54U",2,4,"Lookout Games",2015
"Oh My Goods!: Flucht nach Canyon Brook","54U",1,4,"Lookout Games; Mayfair Games",2017
"Oh My Goods!: Longsdale in Revolt","54U",1,4,"Lookout Games",2018
"Ohanami","52K",2,4,"Pandasaurus Games",2020
"Okko Chronicles: Cycle of Water – Quest into Darkness","23B",2,5,"The Red Joker",2019
"Okko: Era of the Asagiri","29A",2,2,"Hazgaard Editions",2008
"Oliva","55C",1,4,"PYTHAGORAS",2025
"Oltre Mare","30B",2,5,"Mind the Move",2004
"Olympos","57B",2,5,"Rio Grande Games, Ystari Games",2011
"Omen: A Reign of War","54P",2,2,"Kolossal Games",2019
"Omen: Edge of the Aegean","54P",2,2,"Kolossal Games",2019
"Omen: Fires in the East","54P",2,2,"Kolossal Games",2019
"Omicron Protocol","45D",1,4,"Dead Alive Games",2022
"On Mars","42C",1,4,"Eagle-Gryphon Games",2020
"On Mars: Upgrade Pack","150",Angry Lion Games,90,"2020",Available
"On the Underground","14D",2,5,"JKLM Games",2006
"On the Underground: London / Berlin","14D",2,5,"LudiCreations",2019
"On Tour","20A",1,8,"BoardGameTables.com",2019
"On Tour","59E",1,8,"Allplay",2020
"On Tour: Paris and New York","59E",1,8,"Allplay",2022
"On-sets","53B",2,4,"WFF 'N PROOF Games",1966
"Once Upon a Time: The Storytelling Card Game","51C",2,6,"Atlas Games",2012
"One Card Dungeon","52I",1,1,"Alley Cat Games",2025
"One Deck Dungeon","54I",1,2,"Asmadi Games",2016
"One Night Revolution","54O",3,10,"Bézier Games; Indie Boards & Cards",2015
"One Night Ultimate Alien","54L",4,10,"Bézier Games",2017
"One Night Ultimate Vampire","54L",3,10,"Bézier Games",2016
"One Night Ultimate Werewolf","54L",3,10,"Bézier Games",2016
"One Night Ultimate Werewolf: Daybreak","54L",3,10,"Bézier Games",2017
"One Piece: Luffy's Bento Panic","PLAY TO WIN",3,9,"Kess Entertainment",2024
"One Piece: Luffy's Bento Panic","PLAY TO WIN",3,9,"Kess Entertainment",2024
"One-Hit Heroes","56D",1,4,"Wiggles 3D",2025
"Onirim (Second Edition)","54T",1,2,"Z-Man Games",2014
"Onitama","35A",2,2,"Arcane Wonders; conception; DICE TOWER ESSENTIALS",2016
"Onitama","60B",2,2,"Arcane Wonders; conception; DICE TOWER ESSENTIALS",2016
"Onitama: Light and Shadow","60B",2,2,"Arcane Wonders",2022
"Onitama: Sensei's Path","60B",2,2,"Arcane Wonders",2017
"Onitama: Way of the Wind","60B",2,2,"Arcane Wonders",2018
"Onstage","55C",3,5,"Arcane Wonders",2026
"Onstage","60B",3,5,"Arcane Wonders",2026
"Onward to Venus","1C",2,5,"Treefrog Games",2014
"Operation Barclay","35C",2,2,"Salt & Pepper Games",2025
"Ora et Labora","5B",1,4,"Lookout Games",2011
"Ora et Labora: Loamy Landscape","120",Filosofia Éditions,120,"2011",Available
"Oranienburger Kanal","5C",1,2,"Spielworxx",2023
"Oranienburger Kanal: Expansion I","BASE BOX",1,2,"Spielworxx",2023
"Oranienburger Kanal: Expansion II","BASE BOX",1,2,"Spielworxx",2023
"ORBIT","59C",2,4,"Bitewing Games",2025
"ORBIT","56C",2,4,"Bitewing Games",2025
"Orbita","55C",2,2,"Korea Board Games",2025
"Orc-lympics","53Q",2,5,"Brain Games",2018
"Orcs Orcs Orcs","33E",2,4,"Queen Games",2014
"Orcz","30A",2,4,"Fantasy Flight Games",2000
"Order of the Gilded Compass","47C",2,5,"Grey Fox Games",2016
"Oregon","24C",2,4,"Hans im Glück",2007
"Orichalcum","19E",2,4,"Catch Up Games",2022
"Origin","47A",2,4,"Matagot",2013
"Origin Story","Hot Games",1,5,"Stonemaier Games",2025
"Origin Story","45",Stonemaier Games,45,"2025",Available
"Origin Story","56A",1,5,"Stonemaier Games",2025
"Orion Duel","25A",2,2,"Matagot",2023
"Orléans","42A",2,5,"dlp games; Tasty Minstrel Games",2015
"Orléans: Christmas Market","0",dlp games,0,"2015",Available
"Orléans: Deluxe Edition","42A",2,5,"Tasty Minstrel Games",2015
"Orloj: The Prague Astronomical Clock","Hot Games",1,4,"Perro Loko Games",2025
"Oros","9A",1,4,"Aesc Games",2023
"Oshi","15B",2,2,"WizKids (I)",2006
"Ostia","20C",1,4,"uchibacoya",2022
"Ostia","20C",1,4,"uchibacoya",2022
"Ostrakon","53C",5,12,"Mayfair Games",2004
"Ouch!","54Q",2,5,"Devir",2022
"Outback","6B",2,4,"HUCH!; R&R Games",2019
"Outlive","19E",2,4,"La Boîte de Jeu",2017
"Outpost: Amazon","53P",2,6,"IDW Games",2018
"Outpost: Siberia","53P",2,6,"IDW Games",2017
"Outrage! Steal the Crown Jewels","39D",2,6,"Imperial Games (I)",1992
"Ovation","51E",1,4,"Grand Gamers Guild; Looking Glass Workshop",2024
"Overboss Duel","35C",2,2,"Brotherwise Games",2023
"Overboss: A Boss Monster Adventure","46E",1,5,"Brotherwise Games",2021
"Overlords: 2-Player Box Set","53A",2,2,"Guild of Blades",2005
"Overparked","15D",1,5,"Origame",2025
"Overseers","51C",3,6,"Big Fun Games (Board Game)",2015
"P for Pizza","54K",2,4,"Big Potato Games",2020
"P.I.","1B",2,5,"Treefrog Games",2012
"Pack the Essentials","24B",1,4,"Wacky Wizard Games",2025
"Pagan: Fate of Roanoke","36D",2,2,"Wyrmgold GmbH",2022
"Paint the Roses","22A",2,5,"JELLY JELLY GAMES",2022
"Palaces","51C",2,4,"Gorilla Games",2018
"Paladins of the West Kingdom","43A",1,4,"Garphill Games",2019
"Palazzo","33B",2,4,"alea",2005
"Palenque","30C",2,6,"Z-Man Games",2011
"Paleo","21A",2,4,"Z-Man Games",2020
"Palm Island","53O",1,2,"Portal Dragon",2018
"Pampero","37C",1,4,"APE Games",2024
"Pan Am","14D",2,4,"Funko Games",2020
"Panamax","14E",2,4,"MESAboardgames",2014
"Panda Panda","59A",2,4,"Allplay",2024
"Panda Spin","n/a",2,5,"Moon Gate Design",2025
"Panda Spin","54H",2,5,"Moon Gate Design",2025
"Pandemic","22C",2,4,"Z-Man Games",2008
"Pandemic: Hot Zone – Europe","22C",2,4,"Z-Man Games",2021
"Pandemic: Rapid Response","22C",2,4,"Z-Man Games",2019
"Pandemic: Rising Tide","22C",2,5,"Z-Man Games",2017
"Pandemic: The Cure","22C",2,5,"Z-Man Games",2014
"Pandora Celeste","57C",1,6,"Guntower Games",2025
"Panzer: The Game of Small Unit Actions and Combined Arms Operations on the Eastern Front 1943-45","48B",2,4,"GMT Games",2012
"Paper Dungeons: A Dungeon Scrawler Game","51F",1,8,"Alley Cat Games",2021
"Paper Tales","5D",2,5,"Catch Up Games",2017
"Paper Tales: Beyond the Gates","30",Catch Up Games,30,"2018",Available
"Paper Trail","9B",2,5,"Lime Green Games",2024
"Paperback","52U",2,5,"Fowers Games",2014
"Papertown","44A",1,4,"Buró",2022
"Papyria","55B",1,4,"Irongames",2025
"Parade","52D",2,6,"Z-Man Games",2015
"Paris","6B",2,4,"Game Brewer",2020
"Paris: La Cité de la Lumière","36B",2,2,"Devir",2019
"Paris: New Eden","30B",2,4,"Matagot",2019
"Park Life: Hedgehog","54I",1,4,"Charming Games Collective",2024
"Park Life: People","54I",1,4,"Charming Games Collective",2025
"Parkade","PLAY TO WIN",3,13,"Facade Games",2023
"Parkade","PLAY TO WIN",3,13,"Facade Games",2023
"PARKS","12E",1,5,"Keymaster Games",2019
"Parks (Second Edition)","12E",1,5,"Keymaster Games",2025
"Parthenon: Rise of the Aegean","34E",3,6,"Siren Bridge Publishing",2005
"PASS","54C",2,5,"Board Game Rookie",2023
"Pastiche","40E",2,4,"CardBoard Pirates",2011
"Patchwork","36B",2,2,"Mayfair Games",2014
"Patchwork","36B",2,2,"Mayfair Games",2014
"Path of Civilization","16A",1,5,"Captain Games",2023
"Path of Civilization","16A",1,5,"Captain Games",2023
"Path of Civilization","16A",1,5,"Captain Games",2023
"Path of Light and Shadow","33B",2,4,"Action Phase Games",2017
"Pathfinder Adventure Card Game: Rise of the Runelords – Base Set","47E",1,4,"Paizo Publishing",2013
"Pathfinder Adventure Card Game: Skull & Shackles – Base Set","47E",1,4,"Paizo Publishing",2014
"Paths of Glory","48B",2,2,"GMT Games",2014
"Patrician","8A",2,5,"AMIGO",2007
"Patrician","PLAY TO WIN",2,5,"Calliope Games",2007
"Patrician","PLAY TO WIN",2,5,"Calliope Games",2007
"Patterns","35C",2,2,"Lookout Games",2023
"Pavlov's Dogs","54Q",2,8,"9th Level Games",2020
"PAX","45C",1,4,"Irongames",2011
"Pax Pamir: Second Edition","42C",1,5,"Wehrlegig Games",2019
"Pax Porfiriana","5C",1,6,"Ion Game Design; Sierra Madre Games",2019
"Pax Renaissance: 2nd Edition","44C",1,4,"Ion Game Design",2021
"Pax Transhumanity","52P",1,4,"Ion Game Design; Sierra Madre Games",2019
"Pay Dirt","47A",2,5,"Crash Games",2014
"Pay Dirt: Old Timer, 1899er Mini-Expansion","0",Crash Games,0,"2014",Available
"Pay Dirt: Spectral Mini-Expansion","0",Crash Games,0,"2014",Available
"Pay Dirt: The Last Frontier Mini Expansion","0",Crash Games,0,"2014",Available
"Payday","28E",2,6,"Parker Brothers",1975
"Peacemakers: Horrors of War","22B",1,4,"Snowdale Design",2024
"Pecking Order","36C",2,2,"GAMES Magazine",1998
"Peloponnes","16C",1,5,"Irongames",2009
"Peloponnes: Hellas Expansion","0",Irongames,0,"2010",Available
"Pendragon: The Fall of Roman Britain","49B",1,4,"GMT Games",2017
"Penguin Kaboom","56B",2,6,"Perro Loko Games",2025
"Penguin Party","52K",2,6,"25th Century Games",2025
"Peninsula","55A",1,4,"Karma Games",2025
"Penny Press","55D",2,5,"Asmadi Games",2015
"People Power: Insurgency in the Philippines, 1981-1986","49B",1,3,"GMT Games",2023
"Pepper!","30",The Good Game Company,15,"2025",Available
"Perch","11A",2,5,"Inside Up Games",2025
"Perdition's Mouth: Abyssal Rift","22D",1,6,"Dragon Dawn Productions",2016
"Perfection","28B",1,99,"Hasbro",2016
"Pergamemnon","53R",2,5,"Irongames",2011
"Pergamon","7C",2,4,"Eagle-Gryphon Games; eggertspiele",2011
"Pergola","11B",1,4,"Rebel Studio",2025
"Pergola","50D",1,4,"Rebel Studio",2025
"Pericles: The Peloponnesian Wars","48A",1,4,"GMT Games",2017
"Perikles","1B",3,5,"Warfrog Games",2006
"Perseverance: Castaway Chronicles – Episodes 1 & 2","37A",1,4,"Mindclash Games",2022
"Perspectives","21A",2,6,"Space Cowboys",2023
"Perudo","28B",2,6,"L4 Studios; Mr. B Games",2016
"Phalanxx","30C",1,4,"Irongames",2016
"Phantom Ink","31C",4,8,"Resonym",2022
"Phantom Ink: Arcana","31C",2,8,"Resonym",2025
"Pharaon","7C",1,5,"Catch Up Games",2019
"Phoenicia","30C",2,5,"JKLM Games",2007
"Phoenix New Horizon","16A",1,4,"Perro Loko Games",2024
"Photograph","52J",2,4,"Matagot; Saashi & Saashi",2023
"Photosynthesis","12C",2,4,"Blue Orange Games",2018
"Pick & Pack","36A",2,2,"Z-Man Games",2007
"Pick Your Poison","31E",3,10,"Player Ten",2016
"Pick-a-Pepper","51F",2,4,"AMIGO",2022
"Pictionary (2013 edition)","28A",2,4,"Mattel Inc.",n/a
"Pictomania","31B",3,6,"Czech Games Edition",2011
"Pictomania (Second Edition)","n/a",3,6,"Czech Games Edition",2018
"Picture Perfect","60E",2,4,"Arcane Wonders",2021
"Picture Perfect","60E",2,4,"Arcane Wonders",2021
"Picture Perfect: The 5-6 Players Expansion","60E",5,6,"Corax Games",2020
"Picture Perfect: The Movie Star Expansion","60E",2,6,"Corax Games",2020
"Picture Perfect: The Pickpocket Expansion","60E",2,6,"Arcane Wonders",2021
"Picture Perfect: The Sherlock Expansion","60E",2,4,"Corax Games",2022
"Pieces of Eight: The Maiden's Vengeance","51C",2,6,"Atlas Games",2006
"Piepmatz","53F",2,4,"ASS Altenburger Spielkarten",2018
"Pies","59C",3,5,"Allplay",2024
"Pies","54C",3,5,"Allplay",2024
"Pikoko","15B",3,5,"Brain Games",2018
"Pilgrims: Curious Adventures","57C",1,4,"Pink Troubadour",2025
"Piña Coladice","55C",2,4,"IELLO",2025
"Pinatas","59C",2,5,"Allplay",2025
"Pinched","56D",2,5,"Mighty Boards",2025
"Pinochle","54C",2,4,"The United States Playing Card Company",1990
"Pioneer Rails","20A",1,80,"Dranda Games",2023
"Pipeline","20C",2,4,"Capstone Games",2019
"Pirate Den","10A",3,5,"Crash Games",2015
"Pirate Dice: Voyage on the Rolling Seas","10A",2,4,"Eagle-Gryphon Games",2012
"Pirate's Cove","10A",3,5,"Days of Wonder",2002
"Pirates of Maracaibo","6A",1,4,"dlp games; Game's Up",2023
"Pitch Fleet","44A",1,6,"TWOPLUS Games; Zhiyanjia",2015
"Pitch Six","54E",3,6,"Hasbro; Parker Brothers",2003
"Pixel Tactics Deluxe","18B",2,4,"Level 99 Games",2015
"Pixels and Polygons","15B",2,4,"Beautiful Disaster Games",0
"Pixies","53A",2,5,"Bombyx",2024
"Pizarro & Co.","8C",3,6,"999 Games",2002
"Plague Inc.: The Board Game","3A",1,4,"Ndemic Creations",2017
"Planes","14E",2,4,"Alderac Entertainment Group",2014
"Planet Apocalypse","38C",1,5,"Petersen Games",2020
"Planet B","25B",2,4,"Hans im Glück; Z-Man Games",2022
"Planet Defenders","26A",2,4,"EmperorS4",2016
"Planet Steam","9E",2,5,"Fantasy Flight Games",2013
"Planet Unknown","25E",1,6,"Adam's Apple Games LLC",2022
"Planet Unknown","25E",1,6,"Adam's Apple Games LLC",2022
"Planta Nubo","5B",1,4,"The Game Builders",2023
"Planted: A Game of Nature & Nurture","45E",2,5,"Buffalo Games",2024
"Plantopia: The Card Game","52C",1,5,"Barrel Aged Games",2025
"Plate It Up","31B",3,6,"Blue Wasatch Games",2024
"Play 5","31D",2,4,"(Self-Published)",2011
"Play Me: Alice in Wonderdice","54U",2,6,"(Self-Published)",2014
"Please Don't Burn My Village!","28C",2,5,"Fireside Games",2025
"Plotters, Inc.","54E",4,6,"BoardM Factory; Playte",2021
"Plums","54G",3,5,"Crash Games",2016
"Pocket Detective","54I",1,6,"Jet Games Studio",2019
"Pocket Farm","54I",1,4,"Mandoo Games; Popcorn Games",2023
"Pocket Imperium","53R",2,4,"Games Factory Publishing",2013
"Pocket Landship","45C",1,2,"Word Forge Games",2019
"Pocket Paragons: Acquisitions Incorporated","n/a",2,4,"Solis Game Studio",2024
"Pocket Pharma","53I",2,5,"Alley Cat Games",2018
"Poetry for Neanderthals","50A",2,12,"Exploding Kittens",2020
"Point City","52P",1,4,"Flatout Games",2023
"Point Galaxy","52P",1,5,"Flatout Games",2025
"Point Salad","52P",2,6,"Alderac Entertainment Group",2019
"Poison","47A",3,6,"Playroom Entertainment",2005
"Polaris","26B",2,4,"Detestable Games; Fractal Juegos",2025
"Pole Position","57C",1,6,"Doit Games",2024
"Polis: Fight for the Hegemony","45A",2,2,"Asylum Games (Board Games)",2014
"Pollen","11C",2,4,"Allplay",2023
"Pollen","59D",2,4,"Allplay",2023
"Polynesia","29E",2,4,"Ludonova",2020
"Pompiers!","54E",3,5,"Siroup Games",2019
"Pondscape","55C",1,4,"Pink Troubadour",2025
"Port Royal","54U",2,5,"Pegasus Spiele",2015
"Port Royal: Big Box","10B",1,5,"Pegasus Spiele",2022
"Porta Nigra","6C",2,4,"Stronghold Games; eggertspiele",2015
"Portmanteau: A Cooperative Game of Linguistic Fusion","52Q",2,6,"Doghalla Games",2025
"Portobello Market","40C",2,4,"Lautapelit.fi",2007
"Poseidon","34B",2,5,"Lookout Games",2010
"Posthuman Saga","19E",1,4,"Mighty Boards",2019
"Potato Man","54G",2,5,"Geeks N' Orcs",2021
"Potion Explosion","6D",2,4,"Horrible Guild",2015
"Potions of Azerland","6D",1,4,"Warped Reality Games",2024
"Potions of Azerland","6D",1,4,"Warped Reality Games",2024
"Power Grid","42E",2,6,"2F-Spiele",2004
"Power Grid Deluxe: Europe/North America","42E",2,6,"2F-Spiele",2014
"Power Grid: BGG Promo Card Set","120",2F-Spiele,120,"2011",4938 results
"Power Grid: Factory Manager","29C",2,5,"2F-Spiele",2009
"Power Grid: Supply Contract","120",2F-Spiele,120,"2011",Available
"Power Grid: Taxes","120",2F-Spiele,120,"2013",Available
"Power Grid: The Card Game","29C",2,6,"Rio Grande Games",2016
"Power Grid: The First Sparks","29C",2,6,"2F-Spiele",2011
"Power Hungry Pets","53U",2,6,"Exploding Kittens",2024
"Power Plants","6D",1,5,"KTBG",2022
"Power Rangers: Deck-Building Game","19A",2,4,"Renegade Game Studios",2021
"Power Struggle","44B",3,5,"eggertspiele",2009
"Praetor","44D",2,5,"NSKN Games",2014
"Praga Caput Regni","8D",1,4,"Delicious Games",2020
"Precognition","3A",2,4,"Ludonaute",2022
"Prehistories","46D",2,5,"The Flying Games",2020
"Prêt-à-Porter","9B",2,4,"Portal Games",2019
"Prey","59A",3,4,"Allplay",2024
"Pride of Ninja","PLAY TO WIN",3,5,"Ninja Star Games",2025
"Pride of Ninja","PLAY TO WIN",3,5,"Ninja Star Games",2025
"Priests of Ra","7C",2,5,"ABACUSSPIELE",2009
"Primal: The Awakening","n/a",1,4,"Reggie Games",2024
"Princes of the Renaissance","1D",3,6,"Mercury Games",2003
"Princess Jing","36D",2,2,"Board Game Box",2018
"Principato","47A",2,4,"eggertspiele",2011
"Printing Press","2B",1,4,"Granna",2023
"Progress: Evolution of Technology","34D",1,5,"NSKN Games",2014
"Project L","15D",1,4,"Boardcubator",2020
"Project: ELITE","23C",1,6,"Artipia Games; CMON Global Limited",2020
"Propeller Island","56B",2,4,"Queen Games",2025
"Prophecy","54H",2,6,"IELLO",2024
"Propolis","52U",1,4,"Flatout Games",2025
"Proteus","53A",2,2,"Steve Jackson Games",2001
"Provincia Romana","44C",2,6,"Stratelibri",2014
"Prowler's Passage","35A",2,2,"Renegade Game Studios",2018
"Psychic Pizza Deliverers Go to the Ghost Town","59E",3,5,"Allplay",2018
"Puerto Rico","42C",3,5,"alea",2002
"Puerto Rico 1897: Special Edition","Hot Games",1,5,"Awaken Realms",2025
"Puerto Rico: Expansion I – New Buildings","90",alea,90,"2004",Available
"Puerto Rico: Expansion II – The Nobles","90",alea,90,"2009",Available
"Pulitzer","57B",1,5,"Tranjis Games",2025
"Pulsar 2849","25D",2,4,"Czech Games Edition",2017
"Purrrlock Holmes: Furriarty's Trail","13D",2,5,"IDW Games",2017
"PUSH","55C",2,6,"Ravensburger",2022
"Push a Monster","30E",2,4,"Queen Games",2015
"Puzzle Strike","28C",2,4,"Pegasus Spiele",2010
"Puzzle Strike Upgrade Pack","20",Sirlin Games,20,"2011",Available
"Pyradice","60B",2,2,"Arcane Wonders",2025
"Pyradice","57C",2,2,"Arcane Wonders",2025
"Pyramidice","7E",2,4,"Ares Games",2023
"Pyramids","52E",2,5,"Hobby Japan",2017
"QE","31B",3,5,"BoardGameTables.com",2019
"QE","59D",3,5,"Allplay",2019
"Qin","8E",2,4,"eggertspiele; R&R Games",2012
"Quacks","43A",2,4,"CMYK",2018
"Quacks: All-In Edition","43A",2,5,"CMYK",2025
"Quad-Ominos","30F",2,8,"Irwin Toy Ltd.; Pressman Toy Corp.",1978
"Quadropolis","20E",2,4,"Days of Wonder",2016
"Quadropolis: Public Services","60",Days of Wonder,30,"2017",Available
"Quantum","25C",2,4,"Funforge",2015
"Quarriors!","5D",2,4,"WizKids (I)",2011
"Quarriors! Light vs. Dark","5D",2,4,"WizKids (I)",2014
"Quartermaster General","49D",2,6,"Griggling Games",2014
"Quartermaster General: 1914","49D",2,5,"Ares Games",2016
"Quartermaster General: Alternate Histories","49D",2,6,"Griggling Games",2016
"Quarto","15D",2,2,"Gigamic",2019
"Quartz: The Dice Game","53P",3,6,"Lucky Duck Games",2024
"Quatermain","11A",2,4,"Cobblestone Games",2022
"Québec","5C",2,5,"Scorpion Masqué",2011
"Quebec 1759","48C",2,2,"Columbia Games",2006
"Queen by Midnight","9E",3,6,"Darrington Press",2023
"Queen by Midnight: Quarter Past","9E",2,4,"Darrington Press",2024
"Queen by Midnight: Quarter Past","PLAY TO WIN",2,4,"Darrington Press",2024
"Queen by Midnight: Quarter Past","PLAY TO WIN",2,4,"Darrington Press",2024
"Queen's Necklace","52U",2,4,"Days of Wonder",2003
"Queen's Necklace","47A",2,4,"Days of Wonder",2003
"Queendomino","27B",2,4,"Blue Orange (EU)",2017
"Queenz: To Bee or Not to Bee","11A",2,4,"Mandoo Games",2019
"Quest","54O",4,10,"Indie Boards & Cards",2021
"Quests of the Round Table","51F",2,4,"Gamewright",1995
"Quests of Valeria","54S",1,5,"Daily Magic Games",2017
"Quicksand","55A",1,7,"Horrible Guild",2023
"Quiddler","45B",1,8,"Set Enterprises, Inc.",2010
"Quirky Circuits","5E",2,4,"Plaid Hat Games",2019
"Qwingo","52J",2,5,"Schmidt Spiele",2015
"Qwirkle","15C",2,4,"MindWare",2010
"Qwixx","52R",2,5,"Nürnberger-Spielkarten-Verlag",2018
"Ra","7C",2,5,"25th Century Games",2023
"Ra","7C",2,5,"25th Century Games",2023
"RA and Write","20A",2,5,"25th Century Games",2025
"Ra: The Dice Game","7C",2,4,"Rio Grande Games",2009
"Raas: A Dance of Love","Hot Games",1,6,"Arcane Wonders",2026
"Raas: A Dance of Love","60C",1,6,"Arcane Wonders",2026
"Raas: A Dance of Love","57B",1,6,"Arcane Wonders",2026
"Raccoon Tycoon","3E",2,5,"Forbidden Games",2018
"Race for the Chinese Zodiac","11E",3,5,"Starting Player",2019
"Race for the Galaxy","43B",2,4,"Rio Grande Games",2007
"Race for the Summit","52J",2,6,"Scimitar Games Inc.",2009
"Race to the Ark","29B",2,4,"Cobblestone Games",2024
"Race to the New Found Land","10C",2,4,"Z-Man Games",2018
"Race to the Raft: Kickstarter Pack","22A",1,4,"The City of Games",2023
"Rack-O","28E",2,4,"Parker Brothers",1992
"Radiant: Offline Battle Arena","35C",2,2,"Heel Turn Games",2019
"Radlands","54P",2,2,"Roxley",2021
"Ragnarocks","45D",n/a,n/a,"Grey Fox Games",n/a
"Ragusa","8C",1,5,"Braincrack Games",2019
"Raiatea","33B",3,5,"Quined Games",2018
"Raiatea: Additional Rituals","120",Quined Games,60,"2018",Available
"Raiders of Scythia","9A",1,4,"Garphill Games",2020
"Raiders of the North Sea","9A",2,4,"Garphill Games",2015
"Raiding Parties: Golden Age of Piracy","53G",2,4,"Nick Pace Entertainment",2012
"Raids","17D",2,4,"IELLO",2018
"Railroad Ink Challenge: Lush Green Edition","52H",1,4,"Horrible Guild",2021
"Railroad Ink: Blazing Red Edition","52H",1,6,"CMON Global Limited; Horrible Guild",2018
"Railroad Ink: Deep Blue Edition","52H",1,6,"Horrible Guild",2018
"Railroad Revolution","45D",2,4,"What's Your Game?",2016
"Railroad Tiles","14A",1,4,"Horrible Guild",2025
"Railroad Tiles: Collector's Edition","57D",1,5,"Horrible Guild",2025
"Railroad Tycoon: The Boardgame","14C",2,6,"Eagle-Gryphon Games; Winsome Games",2005
"Rails of New England","45D",2,5,"Rio Grande Games",2011
"Railway Boom","56C",2,4,"Arclight Games",2025
"Railways of Nippon","14C",2,4,"Eagle-Gryphon Games",2018
"Railways of the World","14C",2,6,"Eagle-Gryphon Games; Winsome Games",2005
"Railways of the World: The Card Game","51A",2,4,"Eagle-Gryphon Games",2010
"Rainbow","59A",2,6,"Allplay",2024
"Raise Your Goblets","9D",2,12,"CMON Global Limited; Horrible Guild",2017
"Raising Chicago","20D",2,4,"Capstone Games",2025
"Rajas of the Ganges","7A",2,4,"HUCH!",2017
"Rajas of the Ganges: Cards & Karma","PLAY TO WIN",n/a,n/a,"n/a",n/a
"Rajas of the Ganges: Cards & Karma","PLAY TO WIN",2,4,"R&R Games",2024
"Rajas of the Ganges: Cards & Karma","55A",2,4,"HUCH!",2024
"Rajas of the Ganges: Mango Village","75",Egmont Polska,45,"2017",Available
"Rajas of the Ganges: The Dice Charmers","20A",2,5,"HUCH!; R&R Games",2020
"Rajas of the Ganges: Tiger Expansion","75",Frosted Games,45,"2018",Available
"Rallyman: GT","17B",1,6,"Holy Grail Games",2020
"Rap Godz","9B",2,4,"Board Game Brothas",2020
"Raptor","35D",2,2,"Matagot",2015
"Ratjack","52H",2,4,"Hachette Boardgames UK; Studio H",2024
"Rats of Wistar","3E",1,4,"Cranio Creations",2023
"Rattus","30A",2,4,"White Goblin Games",2010
"Rattus Cartus","30A",2,5,"White Goblin Games",2012
"Rattus: Africanus","30A",2,6,"White Goblin Games",2011
"Rattus: Pied Piper","45",White Goblin Games,45,"2010",Available
"Ratzia","n/a",2,5,"25th Century Games",2025
"Raxxon","22D",1,4,"Plaid Hat Games",2017
"Rayguns and Rocketships","25A",2,4,"Bedbug Games",2017
"Ready Set Bet","17B",2,9,"Alderac Entertainment Group",2022
"Reavers of Midgard","17D",2,4,"Grey Fox Games",2019
"Rebel Princess","54G",3,6,"Zombi Paella",2023
"Rebirth","3D",2,4,"Mighty Boards",2024
"Rebirth","3D",2,4,"Mighty Boards",2024
"Recall","Hot Games",1,4,"Alion – by Dr Ø",2025
"Reclamation Opoly","46A",n/a,n/a,"n/a",n/a
"Red Alert: Space Fleet Warfare","48E",2,6,"PSC Games",2019
"Red Carpet","n/a",2,4,"Devir",2025
"Red Dust Rebellion","49B",1,4,"GMT Games",2024
"Red Empire","53B",3,6,"Game Designers' Workshop (GDW Games)",1990
"Red Flags","53D",3,20,"Jack Dire Studios",2015
"Red November","53L",1,8,"Fantasy Flight Games",2008
"Red Rising","18B",1,6,"Stonemaier Games",2021
"Red7","54U",2,4,"Asmadi Games",2015
"Reef","12B",2,4,"Next Move Games",2018
"Reef Encounter","12B",2,4,"R&D Games",2004
"Reef Gardens","57B",2,4,"dlp games",2025
"Reef Project","12B",1,4,"Board&Dice",2024
"Regicide","54K",1,4,"Badgers from Mars",2020
"Reign of Cthulhu","22C",2,4,"Z-Man Games",2016
"Relationship Tightrope","51D",3,5,"ASS Altenburger Spielkarten",1999
"Relics of Rajavihara","44E",1,1,"Crazy Like a Box",2021
"Remember Our Trip","24B",2,4,"Saashi & Saashi",2019
"Removal","57A",2,4,"Albi",2025
"Ren Faire","52C",2,4,"Atlas Games",2009
"Renaissance Man","30B",1,4,"Rio Grande Games",2013
"RENREN","54K",3,8,"JELLY JELLY GAMES",2023
"Reptile Tank","55C",1,6,"Albi",2025
"Reputation","51A",3,5,"Ninja Star Games",2022
"Res Arcana","6E",2,4,"Sand Castle Games",2019
"Res Arcana Duo","36B",2,2,"Sand Castle Games",2024
"Resafa","7D",1,4,"Delicious Games",2024
"Resident Evil: The Board Game","21D",1,4,"Steamforged Games Ltd.",2023
"Resurgence","16C",1,4,"Portal Games",2024
"Return to Dark Tower","120",Restoration Games,100,"2022",Available
"Return to Dark Tower: Alliances","120",Restoration Games,100,"2022",Available
"Revive","43B",1,4,"Aporta Games",2022
"Revive","43B",1,4,"Aporta Games",2022
"Revolution: The Dutch Revolt 1568-1648","30E",2,5,"Phalanx Games B.V.",2004
"Revolution!","44B",3,4,"Pegasus Spiele",2009
"Revolver Noir","53A",2,2,"Button Shy",2021
"Rewild: South America","55D",1,4,"Treecer (Treeceratops)",2026
"Rewind","54E",3,4,"(Self-Published)",2024
"Rheinländer","8A",3,5,"Face2Face Games",2005
"Rhino Hero","53F",2,5,"HABA",2011
"Rhino Hero","31B",2,5,"HABA",2011
"Rhino Hero: Super Battle","31B",2,4,"HABA",2017
"Rhymes with Duck","50A",4,8,"Gray Matters Games",2025
"Rialto","3B",2,5,"Pegasus Spiele",2013
"Richard III: The Wars of the Roses","48C",2,2,"Columbia Games",2009
"Richard the Lionheart","40D",2,6,"CMON Global Limited",2017
"Ride The Outlaw Trail","24C",2,8,"Northern Games Co. Ltd.",2003
"Riftforce","35A",2,2,"1 More Time Games; Capstone Games",2021
"Río de la Plata","32E",2,5,"Giochix.it",2010
"Rise","20D",2,4,"Capstone Games; dlp games",2022
"Rise of Augustus","5A",2,6,"Hurrican",2013
"Rise of Tribes","16A",2,4,"Breaking Games",2018
"Rise to Nobility","9A",1,6,"Final Frontier Games",2018
"Rising Sun","8E",3,5,"CMON Global Limited",2018
"Risk 2210 A.D.","28E",2,5,"Avalon Hill",2001
"Risk: 40th Anniversary Collector's Edition","28E",2,6,"Parker Brothers",1999
"Risk: Battlefield Rogue","49E",2,4,"Hasbro",2013
"Risk: Europe","49E",2,4,"Hasbro",2015
"Risk: Godstorm","49E",2,5,"Avalon Hill",2004
"Risk: Star Wars – Clone Wars Edition","26C",2,4,"Hasbro",2005
"Risk: Star Wars – Original Trilogy Edition","26C",2,5,"Hasbro",2006
"Risk: Star Wars Edition","26C",2,4,"Hasbro",2015
"Risk: The Lord of the Rings","32B",2,4,"Hasbro",2002
"Risk: The Walking Dead – Survival Edition","19A",2,5,"The Op Games",2013
"Risky Adventure","40D",2,4,"Queen Games",2016
"Rivages","51B",1,5,"Pandasaurus Games",2024
"Rival Cities","35A",2,2,"Deep Print Games; Pegasus Spiele",2025
"Rival Realms","52K",1,2,"Eagle-Gryphon Games",2018
"Rival Restaurants","10E",2,6,"Gap Closer Games",2019
"Rivals for Catan: Deluxe","35D",2,2,"Catan Studio",2016
"River of Gold","7B",2,4,"Office Dog",2024
"River Trek","PLAY TO WIN",2,4,"Wattsalpoag Games",2024
"River Trek","PLAY TO WIN",2,4,"Wattsalpoag Games",2024
"River Valley Glassworks","59E",1,5,"Allplay",2024
"River Valley Glassworks","59E",1,5,"Allplay",2024
"Riverboat","6B",2,4,"Lookout Games",2017
"Riverside","20B",1,6,"Chilifox Games",2021
"Roads & Boats","2E",1,4,"Splotter Spellen",2006
"Roam","4C",2,4,"Red Raven Games",2019
"Robin Hood","35D",2,2,"Worthington Publishing LLC",2019
"Robin of Locksley","5B",2,2,"Wyrmgold GmbH",2019
"Robinson Crusoe: Adventures on the Cursed Island – Collector's Edition (Gamefound Edition)","22E",1,4,"Portal Games",2024
"Robinson Crusoe: Adventures on the Cursed Island – The Book of Adventures","22E",1,4,"Portal Games",n/a
"ROBiTs","53B",2,7,"Quick Simple Fun Games; Screech Dragon Studios",2017
"Robo Rally Transformers","38A",2,6,"Avalon Hill; Renegade Game Studios",2024
"Robo Rally: 30th Anniversary","38A",2,8,"Renegade Game Studios",2024
"Robot Quest Arena","5E",2,4,"Wise Wizard Games",2023
"Robot Quest Arena","5E",2,4,"Wise Wizard Games",2023
"Robotrick","54D",3,3,"Korokorodou",2023
"Rock Hard: 1977","9B",2,5,"Devir",2024
"Rock Hard: 1977","9B",2,5,"Devir",2024
"Rocketmen","1B",1,4,"PHALANX",2021
"Rococo: Deluxe Edition","8C",1,5,"Eagle-Gryphon Games",2020
"Roket Raket","52C",2,4,"Manikmaya Games",2018
"Roll Camera!: The Filmmaking Board Game","28C",1,6,"Keen Bean Studio",2021
"Roll for Adventure","5D",2,4,"KOSMOS",2019
"Roll For It!","PLAY TO WIN",2,4,"Calliope Games",2011
"Roll For It!","PLAY TO WIN",2,4,"Calliope Games",2011
"Roll for the Galaxy","25A",2,5,"Rio Grande Games",2014
"Roll for the Galaxy: Ambition","60",Rio Grande Games,30,"2015",Available
"Roll Player","5D",1,4,"Thunderworks Games",2016
"Roll Player Adventures","38D",1,4,"Thunderworks Games",2021
"Roll Player Adventures: Gulpax's Secret","38D",1,4,"Thunderworks Games",2023
"Roll Through the Ages: The Bronze Age","51C",1,4,"Eagle-Gryphon Games",2008
"Roll Through the Ages: The Iron Age with Mediterranean Expansion","16B",1,4,"Eagle-Gryphon Games",2014
"Roll to the Top: Adventures","20",Allplay,20,"2022",Available
"Roll to the Top: Journeys","59D",1,6,"Allplay",2023
"Roll to the Top!","51E",2,5,"Cwali",n/a
"Rollers Deluxe","24A",2,6,"The Op Games",2017
"Rolling Freight","14A",2,5,"APE Games",2012
"Rolling Freight: Great Britain and India","90",APE Games,90,"2014",Available
"Rolling Heights","20D",1,4,"Alderac Entertainment Group",2023
"Rolling Ranch","52J",1,20,"GateOnGames",2019
"Rolling Realms Redux","51C",1,6,"Stonemaier Games",2024
"Roma","35A",2,2,"Queen Games",2005
"Romance of the Three Kingdoms Card Game","51C",2,6,"Romancing Cathay",1999
"Romans Go Home!","53A",1,4,"Vainglorious Games",2013
"Rome in a Day","55A",2,5,"Red Cat Games",2023
"Romi Rami","54I",2,4,"Randolph",2023
"Rook","54D",2,6,"Hasbro; Parker Brothers",2001
"Root","41E",2,4,"Leder Games",2018
"Root","41E",2,4,"Leder Games",2018
"Root: The Exiles and Partisans Deck","0",Leder Games,0,"2020",Available
"Root: The Riverfolk Expansion","90",Leder Games,60,"2018",Available
"Root: The Underworld Expansion","90",Leder Games,60,"2020",Available
"Rorschach","15E",4,10,"Deep Print Games",2021
"Rossio","29A",1,4,"PYTHAGORAS",2020
"Rotterdam","32E",2,4,"The Game Master BV",2007
"Round the World","53Q",2,4,"Pegasus Spiele",2018
"Rowdy Partners","56B",2,4,"Capstone Games",2025
"Rowdy Partners","PLAY TO WIN",2,4,"Capstone Games",2025
"Royal Palace","40C",2,4,"Filosofia Éditions",2008
"Royals","60D",2,5,"ABACUSSPIELE",2014
"Ruffians","n/a",2,4,"ObsidianWing Games",2024
"Ruins","59B",2,5,"Allplay",2025
"Rum & Pirates","3B",2,5,"alea",2006
"Rumble Nation","56A",2,4,"Hobby Japan",2025
"Rummikub","28B",2,4,"Pressman Toy Corp.",1990
"Run Fight or Die: Reloaded","9D",1,4,"Grey Fox Games",2019
"Run Run Run! (2nd Edition)","22B",1,4,"25th Century Games; The Flying Games",2024
"Rune Stones","4E",2,4,"Queen Games",2019
"Runebound (Third Edition)","44B",2,4,"Fantasy Flight Games",2015
"Runemasters","51C",1,4,"Funforge",2024
"RuneScape Kingdoms: Shadow of Elvarg","21E",1,5,"Steamforged Games Ltd.",2024
"Runewars","37E",2,4,"Fantasy Flight Games",2010
"Runir","17E",2,4,"Gamia Games",2020
"Rurik: Dawn of Kiev","17E",1,4,"PieceKeeper Games",2019
"Ruse and Bruise","52E",2,6,"Hans im Glück",2006
"Rush M.D.","21D",1,4,"Artipia Games",2020
"Sabika","7D",1,4,"Ludonova",2022
"Sabotage","29D",1,4,"Fowers Games",2019
"Saboteur","53G",3,10,"Z-Man Games",2012
"Saboteur","53G",3,10,"Z-Man Games",2012
"Sacred Valley","33B",3,5,"NorthStar Game Studio",2024
"Saga","45B",2,4,"999 Games",2004
"Saga of the Northmen","39D",2,4,"Minion Games",2016
"Sagani","5B",1,4,"Eagle-Gryphon Games; Skellig Games",2021
"Sagrada","27C",1,4,"Floodgate Games",2019
"Sail","59C",2,2,"Allplay",2023
"Sail to India","53B",3,4,"OKAZU Brand",2013
"Sailing Toward Osiris","40D",2,5,"Daily Magic Games",2018
"Saint Petersburg (Second Edition)","8D",2,5,"Hans im Glück",2014
"Salamandra","57A",1,4,"GRRRE Games",2025
"Salmon Run","12C",2,4,"Eagle-Gryphon Games",2013
"Salmon Run: The 5th Player Expansion","Base Box",2,5,"Eagle-Gryphon Games",2013
"Salmon Run: The Bald Eagle","Base Box",2,4,"Eagle-Gryphon Games",2013
"Salmon Run: The Fisherman Board","Base Box",2,4,"Eagle-Gryphon Games",2013
"Salmon Run: The Fork/Cataract Falls Board","Base Box",2,4,"Eagle-Gryphon Games",2013
"Salmon Run: The Grizzly Bear","Base Box",2,4,"Eagle-Gryphon Games",2013
"Saloon Tycoon","24C",2,4,"Van Ryder Games",2016
"Saloon Tycoon: Boomtown Expansions","60",Van Ryder Games,30,"2016",Available
"Saltfjord","12C",1,4,"Aporta Games",2024
"Salton Sea","12C",1,4,"Devir",2024
"Samara","51C",2,5,"Cwali",2015
"Samarkand: Routes to Riches","32D",2,5,"Queen Games",2010
"Samsara","30B",1,5,"Oka Luda Editions",2018
"Samurai","34D",2,4,"Fantasy Flight Games",1998
"San Francisco","20D",2,4,"Rebel Studio",2022
"San Juan","51D",2,4,"alea",2004
"San Juan (Second Edition)","10C",2,4,"alea",2014
"San Marco","34D",3,4,"Ravensburger",2001
"Sanctuary","Hot Games",1,5,"Capstone Games",2025
"Sanctum","44A",2,4,"Czech Games Edition",2019
"Sand","15A",1,4,"Devir",2024
"Sandbag","54E",3,6,"Bézier Games",2024
"Sangoku","46D",2,5,"Game Salute",2016
"Sanibel","45",Avalon Hill,45,"2026",4938 results
"Sanibel","57A",2,4,"Avalon Hill",2026
"Sankoré: The Pride of Mansa Musa","7D",1,4,"Osprey Games",2024
"Sankoré: The Pride of Mansa Musa","7D",1,4,"Osprey Games",2024
"Sanssouci","6C",2,4,"Fractal Juegos",2013
"Santa Maria","10C",1,4,"Aporta Games",2017
"Santa Monica","20D",2,4,"Alderac Entertainment Group",2020
"Santa's Workshop (Second Edition)","30D",2,5,"Elf Creek Games",2023
"Santiago","34D",3,5,"AMIGO",2003
"Santiago de Cuba","10C",2,4,"Eagle-Gryphon Games",2011
"Santorini","36C",2,4,"Roxley",2017
"Santorini","36C",2,4,"Roxley",2017
"Santorini: New York","36C",2,5,"Roxley",2020
"Santorini: Second Edition","36C",2,4,"Roxley",2025
"Sapiens","1A",2,4,"Catch Up Games; IELLO",2015
"Savage: A Game of Survival","22D",4,10,"Grinly Games",2023
"Savannah Park","6B",1,4,"Deep Print Games",2021
"Save Doctor Lucky","34D",3,7,"Cheapass Games",2000
"Savernake Forest","53B",2,4,"Devir",2023
"Say Anything","31D",3,8,"North Star Games, LLC",2011
"ScandalOh!","13D",1,6,"Megacorpin Games",2022
"Scarab Lords","35C",2,2,"Fantasy Flight Games",2002
"Schneeble","54D",3,5,"Fun to 11",2017
"Scholars of the South Tigris","9A",1,4,"Garphill Games; Renegade Game Studios",2023
"Scholars of the South Tigris","9A",1,4,"Garphill Games; Renegade Game Studios",2023
"School of Sorcery","47B",2,2,"Dr. Finn's Games",2020
"Schotten Totten","53O",2,2,"IELLO",2016
"Schrödinger's Cats","54Q",2,6,"9th Level Games",2015
"Schrödinger's Cats","52K",2,6,"9th Level Games",2015
"Score Cards","PLAY TO WIN",2,4,"R&R Games",2023
"Score Cards","PLAY TO WIN",2,4,"R&R Games",2023
"Score Cards","51F",2,4,"PLAAY NOW",2023
"Scorpius Freighter","34E",2,4,"Alderac Entertainment Group",2018
"SCOUT","54D",2,5,"Oink Games",2019
"SCOUT","54D",2,5,"Oink Games",2019
"Scoville","10E",2,6,"Tasty Minstrel Games",2014
"Scoville: 2nd Edition","10E",1,6,"Trick or Treat Studios",2025
"Scrabble","28C",2,4,"Production & Marketing Company",2006
"Scripts and Scribes: The Dice Game","51B",2,5,"Dr. Finn's Games",2012
"scum: The Food Chain Game","31E",4,10,"(Public Domain)",1996
"Scurry Up!","57C",3,6,"UP Games",2026
"Scythe","41D",1,5,"Stonemaier Games",2016
"Scythe","41D",1,5,"Stonemaier Games",2016
"Sea Dragons","6E",2,5,"Fractal Juegos",2023
"Sea of Clouds","51B",2,4,"IELLO",2016
"Sea Salt & Paper","54I",2,4,"Pandasaurus Games",2023
"Sea Salt & Paper","54I",2,4,"Pandasaurus Games",2023
"Seas of Havoc","10A",1,5,"Rock Manor Games",2023
"Seaside","34D",1,5,"Randolph",2024
"Seasons","2A",2,4,"Libellud",2012
"Seastead","36A",1,2,"WizKids (I)",2020
"Second Chance","53T",1,6,"Edition Spielwiese",2019
"Secrets of the Lost Tomb","23C",1,6,"Everything Epic Games",2016
"Secrets of the Tombs","1B",3,5,"999 Games",2003
"Seers Catalog","PLAY TO WIN",2,5,"Bezier Games",2024
"Seers Catalog","PLAY TO WIN",2,5,"Bezier Games",2024
"Seikatsu","51A",1,4,"IDW Games",2017
"Sekigahara: The Unification of Japan","35E",2,2,"GMT Games",2013
"Sellswords","52C",2,2,"Level 99 Games",2014
"Senator","33A",3,5,"Fantasy Flight Games",2004
"Senjutsu: Battle For Japan","8E",1,4,"Lucky Duck Games",2023
"Senseï","35C",2,2,"Ferti",2016
"Senshi","51F",2,4,"Arcane Wonders",2018
"Sentinels of the Multiverse","13E",2,5,"Greater Than Games LLC",2011
"Sentinels of the Multiverse: Infernal Relics","30",Greater Than Games LLC,30,"2012",Available
"Sentinels of the Multiverse: Rook City","Base Box",2,5,"Greater Than Games LLC",2012
"Sentinels of the Multiverse: Shattered Timelines","Base Box",2,5,"Greater Than Games LLC",2013
"Septima","6D",1,4,"Mindclash Games",2023
"Sequoia","52U",2,5,"BoardGameTables.com",2020
"Serenissima","29A",2,4,"Descartes Editeur",1996
"SET","53K",1,20,"Set Enterprises, Inc.",1994
"SETI: Search for Extraterrestrial Intelligence","Hot Games",1,4,"Czech Games Edition",2024
"SETI: Search for Extraterrestrial Intelligence","41C",1,4,"Czech Games Edition",2024
"SETI: Search for Extraterrestrial Intelligence","41C",1,4,"Czech Games Edition",2024
"Seti: Space Agencies","160",Czech Games Edition,40,"2025",Available
"SETUP","15C",2,4,"Bezzerwizzer ApS (Bezzerwizzer Studio)",2023
"Seven Bridges","20A",1,6,"Puzzling Pixel Games",2020
"Seven7s","53U",2,4,"Eagle-Gryphon Games",2015
"Severton","55B",1,5,"Albi",2025
"Sfynx","51D",1,4,"inPatience",2024
"Shackleton Base: A Journey to the Moon","25B",1,4,"Hachette Boardgames UK; Sorry We Are French",2024
"Shackleton Base: A Journey to the Moon","n/a",1,4,"Pandasaurus Games",2025
"Shadow House: Masquerade","55C",3,8,"Blue Orange Games",2024
"Shadow Hunters","13B",4,8,"Game Republic Inc.",2005
"Shadowfist","30A",2,7,"Daedalus",1995
"Shadowfist: Back For Seconds","90",Inner Kingdom Games,45,"2013",Available
"Shadowfist: Reloaded","60",Inner Kingdom Games,60,"2013",Available
"Shadowgate: The Living Castle","18B",2,4,"317 Games; Trick or Treat Studios",2022
"Shadowrun: Crossfire – Prime Runner Edition","19E",1,4,"Catalyst Game Labs",2018
"Shadows of Brimstone: City of the Ancients","23D",1,4,"Flying Frog Productions",2014
"Shadows of Brimstone: Swamps of Death","23D",1,4,"Flying Frog Productions",2014
"Shadows over Camelot","23B",3,7,"Days of Wonder",2005
"Shadows over Camelot: Sir Bedivere, the 8th Knight (2005)","60",Days of Wonder,60,"2005",Available
"Shadows over Camelot: The Card Game","53K",1,7,"Days of Wonder",2012
"Shadows Over the Empire","47A",2,4,"Artipia Games",2013
"Shadows: Amsterdam","13D",2,8,"Libellud",2018
"Shadowscape","45B",1,4,"NSKN Games",2017
"Shake That City","20E",1,4,"Alderac Entertainment Group",2023
"Shakespeare","3D",1,4,"Ystari Games",2015
"Shakespeare: Backstage","90",Ystari Games,20,"2016",Available
"Shallow Sea","12B",1,4,"Bad Comet",2025
"Shanghai Trader","39D",3,6,"Hobby Japan",1986
"Shapely","56C",3,6,"R&R Games",2025
"Shapers of Gaia","30B",2,3,"WizKids (I)",2022
"Shards of Infinity","46C",2,4,"Stone Blade Entertainment",2018
"Shear Panic","28D",2,4,"Fragor Games",2005
"Sheepy Time","28B",1,4,"Alderac Entertainment Group",2021
"Sheriff of Nottingham: 2nd Edition","31C",3,6,"CMON Global Limited",2020
"Sherlock 13","60B",2,4,"Arcane Wonders; BoardM Factory",2021
"Sherlock Holmes Consulting Detective: Carlton House & Queen's Park","13B",1,8,"Space Cowboys",2017
"Sherlock Holmes Consulting Detective: Jack the Ripper & West End Adventures","13B",1,8,"Space Cowboys",2016
"Sherlock Holmes Consulting Detective: Jack the Ripper & West End Adventures","50B",1,8,"Space Cowboys",2016
"Sherlock Holmes Consulting Detective: The Baker Street Irregulars","13B",1,8,"Space Cowboys",2020
"Sherlock Holmes Consulting Detective: The Thames Murders & Other Cases","13B",1,8,"Ystari Games",2012
"Sherlock: The Game Is Afoot","13B",2,5,"Indie Boards & Cards",2025
"Shifting Stones","15E",1,5,"Gamewright",2020
"Shikoku 1889","14A",2,6,"Grand Trunk Games",2023
"Shinkansen: Zero-Kei","14A",1,4,"Ludonova",2021
"Ships","1B",2,4,"Treefrog Games",2015
"Shipyard (Second Edition)","14E",1,4,"Delicious Games; Rio Grande Games",2023
"SHŌBU","35A",2,2,"Smirk & Laughter Games",2019
"Shogun Big Box","45E",3,5,"Queen Games",2015
"Shogunate","51F",3,6,"Action Phase Games",2018
"Show Manager","4A",2,6,"Queen Games",1996
"Showdown","PLAY TO WIN",2,6,"Enginuity",2003
"Showdown","PLAY TO WIN",2,6,"Enginuity",2003
"Shrinkopolis","55A",1,4,"TLAMA games",2025
"Shuffle and Swing","3E",2,4,"Bitewing Games",2024
"Siam","35C",2,2,"Ferti",2005
"Siberia: The Card Game","45B",2,4,"Coffee Haus Games",2012
"Side Quest: 7th Sea","45B",1,4,"Board&Dice; Lockme",2023
"Side Quest: Nemesis","45B",1,4,"Board&Dice; Lockme",2023
"Sidekick Saga","22B",1,4,"ReTurn from Subroutine LLC",2019
"Sidereal Confluence","25D",4,9,"WizKids (I)",2017
"Sides","53S",2,9,"Captain Games",2023
"Siege Storm","52A",2,2,"Awaken Realms",2019
"SiegeStones","34A",2,4,"Live Oak Games",2004
"Siena","30C",2,5,"Quined Games",2005
"Signorie","44D",2,4,"What's Your Game?",2015
"Silicon Valley","44D",1,4,"Grail Games",2023
"SILOS","59C",2,4,"Bitewing Games",2025
"Silver & Gold","53R",2,4,"Pandasaurus Games",2019
"Silver Bullet","53I",2,4,"Bézier Games",2019
"Silver Coin","53I",2,4,"Bézier Games",2020
"Similo: Board Games 2023","53G",2,8,"Horrible Guild",2023
"Simply Cosmic","46A",2,4,"Mayfair Games",1995
"Singapore","32E",3,4,"Arclight Games",2011
"Sinister Institute","56B",2,4,"Mojito Studios",2025
"Six Second Scribbles","52K",2,8,"Gamely Ltd",2021
"Sixteen Thirty Something","1D",3,6,"Warfrog Games",1995
"Skara Brae","57A",1,4,"Garphill Games",2025
"Skate Summer","9B",2,5,"Pandasaurus Games",2022
"Skies Above the Reich","48C",1,2,"GMT Games",2018
"Skoventyr","54R",1,4,"inPatience",2023
"Skull","52R",3,6,"Lui-męme",2011
"Skull","50A",3,6,"Lui-męme",2011
"Skull King","54C",2,8,"Grandpa Beck's Games",2013
"Sky Team","41E",2,2,"Hachette Boardgames USA; Scorpion Masqué",2023
"Sky Team","41E",2,2,"Hachette Boardgames USA; Scorpion Masqué",2023
"Sky Team: Turbulence","41E",2,2,"Scorpion Masqué",2024
"Skybridge","55B",2,4,"Deep Print Games; Pegasus Spiele",2025
"Skymines","6A",1,4,"Deep Print Games",2022
"Skyrise","3D",2,4,"Roxley",2024
"Skyrockets","51B",2,5,"Floodgate Games",2024
"Slambo","59A",2,4,"Allplay",2025
"Slambo","n/a",2,4,"Allplay",2025
"Slay the Spire: The Board Game","41C",1,4,"Contention Games",2024
"Slay to Win","60",NerdBurger Games,30,"2025",Available
"Sleeping Gods","42E",1,4,"Red Raven Games",2021
"Sleeping Gods","42E",1,4,"Red Raven Games",2021
"Sleeping Gods: Distant Skies","56E",1,4,"Red Raven Games",2023
"Sleeping Gods: Primeval Peril","4C",1,2,"Red Raven Games",n/a
"Slice: A Pizza Game","30",Wildcard Factory LLC,15,"2025",Available
"Slime Artist","55C",3,5,"Poki Design",2025
"Slip It In","50A",2,12,"Gray Matters Games",2024
"Small City","39E",1,4,"AVStudioGames",2015
"Small Islands","29A",1,4,"MushrooM Games (II)",2018
"Small World","16C",2,5,"Days of Wonder",2009
"Small World","50D",2,5,"Days of Wonder",2009
"Small World Designer Edition","n/a",n/a,n/a,"n/a",Available
"Small World of Warcraft","16C",2,5,"Blizzard Entertainment; Days of Wonder",2020
"Small World Underground","16C",2,5,"Days of Wonder",2011
"Small World: Be Not Afraid...","80",Days of Wonder,40,"2010",Available
"Small World: Cursed!","80",Days of Wonder,40,"2009",Available
"Small World: Grand Dames of Small World","80",Days of Wonder,40,"2009",Available
"Small World: Tales and Legends","80",Days of Wonder,40,"2010",Available
"Small World: Tunnels","80",Days of Wonder,80,"2011",Available
"Smart10","15E",2,8,"asmodee; Martinex; Mindtwister AB; White Castle",2018
"Smartphone Inc.","60D",1,5,"Cosmodrome Games",2018
"Smartphone Inc.","60D",1,5,"Cosmodrome Games",2018
"Smartphone Inc. : Status Update 1.1","60D",1,5,"Arcane Wonders",2020
"Smash Up","Base Box",2,4,"Alderac Entertainment Group",2012
"Smash Up: Awesome Level 9000","Base Box",2,2,"Alderac Entertainment Group",2013
"Smash Up: Big in Japan","Base Box",2,2,"Alderac Entertainment Group",2017
"Smash Up: Cease and Desist","Base Box",2,2,"Alderac Entertainment Group",2016
"Smash Up: It's Your Fault!","Base Box",2,2,"Alderac Entertainment Group",2016
"Smash Up: Monster Smash","Base Box",2,2,"Alderac Entertainment Group",2014
"Smash Up: Munchkin","Base Box",2,4,"Alderac Entertainment Group; Steve Jackson Games",2015
"Smash Up: Oops, You Did It Again","Base Box",2,2,"Alderac Entertainment Group",2018
"Smash Up: Pretty Pretty Smash Up","Base Box",2,2,"Alderac Entertainment Group",2015
"Smash Up: Science Fiction Double Feature","Base Box",2,2,"Alderac Entertainment Group",2014
"Smash Up: That '70s Expansion","Base Box",2,2,"Alderac Entertainment Group",2018
"Smash Up: The Bigger Geekier Box","37B",2,4,"Alderac Entertainment Group",2018
"Smash Up: The Obligatory Cthulhu Set","Base Box",2,2,"Alderac Entertainment Group",2013
"Smash Up: What Were We Thinking?","Base Box",2,4,"Alderac Entertainment Group",2017
"Smash Up: World Tour – Culture Shock","Base Box",2,4,"Alderac Entertainment Group",2019
"Smash Up: World Tour – International Incident","Base Box",2,2,"Alderac Entertainment Group",2019
"Smear","53B",2,6,"GameStar Designs",1999
"Snailed It!","20",Hasbro,20,"2025",Available
"Snakesss","54J",4,8,"Big Potato Games",2021
"Snap Ships Tactics","46C",1,4,"Snap Ships",2023
"SNCF: France & Germany","44E",3,6,"Queen Games",2011
"Snow Tails","40D",2,5,"Fragor Games",2008
"Snow White and the Seven Dwarfs: A Gemstone Mining Game","19A",3,7,"The Op Games",2018
"Snowcrest","3E",1,4,"Grail Games",n/a
"Snowdonia: Deluxe Master Set","14C",1,5,"NSKN Games",2019
"Snowfall Over Mountains","52R",1,1,"Pencil First Games, LLC",2024
"So Clover!","50A",3,6,"Repos Production",2021
"So Clover!","31B",3,6,"Repos Production",2021
"So Clover!","31B",3,6,"Repos Production",2021
"Sobek: 2 Players","35A",2,2,"Catch Up Games",2021
"Soda Jerk","59A",2,4,"Allplay",2025
"Sola Fide: The Reformation","35E",2,2,"Spielworxx",2016
"Solar Sphere","26B",1,4,"Dranda Games",2022
"Solar Storm","52D",1,4,"Dranda Games",2020
"Sold! The Antique Dealer Game","35E",2,6,"R&R Games",1997
"Solomon Kane","47C",1,5,"Mythic Games",2021
"Solstis","52R",1,2,"Lumberjacks Studio",2025
"Sonora","11A",1,4,"Pandasaurus Games",2020
"Sons of Anarchy: Men of Mayhem","19C",3,4,"Gale Force Nine LLC",2014
"Soothsayers","60",Play to Z,30,"2026",Available
"Sorry!","28A",2,4,"Hasbro",2016
"SOS Titanic","51C",1,5,"Ludonaute",2013
"SOS Titanic","55D",1,5,"Ludonaute",2013
"Soul of the Empire","33E",2,4,"Chara Games",2018
"Soundtrack Trivia","31D",1,12,"Game Night Media, Inc.",2023
"Sovereign Skies","26B",1,4,"Deep Water Games",2020
"Space Alert","23C",1,5,"Czech Games Edition",2017
"Space Base","25B",2,5,"Alderac Entertainment Group",2018
"Space Base: Command Station","25B",2,7,"Alderac Entertainment Group",2019
"Space Craft","25E",2,4,"Granna",2022
"Space Empires 4X","49C",1,4,"GMT Games",2011
"Space Empires: Close Encounters","49C",1,4,"GMT Games",2012
"Space Hulk (Fourth Edition)","23C",2,2,"Games Workshop Ltd.",2014
"Space Hulk: Death Angel – The Card Game","53L",1,6,"Fantasy Flight Games",2010
"Space Marine Adventures: Labyrinth of the Necrons","23C",1,4,"Games Workshop Ltd.",2018
"Space Sheep!","25D",1,8,"Stronghold Games",2013
"Space Station Phoenix","25E",2,4,"Rio Grande Games",2022
"SpaceCorp: 2025-2300AD","49A",1,4,"GMT Games",2018
"SpaceCorp: Ventures","49A",1,4,"GMT Games",2021
"Sparks","24E",1,4,"Alion – by Dr Ø",2024
"Spartacus: A Game of Blood and Treachery","19A",3,4,"Gale Force Nine LLC",2012
"Speakeasy","Hot Games",1,4,"Eagle-Gryphon Games",2025
"Speakeasy","56E",1,4,"Eagle-Gryphon Games",2025
"Spectacular","11B",1,6,"Chilifox Games",2024
"Spectacular","11B",1,6,"Chilifox Games",2024
"Specter Ops","23A",2,5,"Plaid Hat Games",2015
"Spectral","13A",2,5,"Bitewing Games",2024
"Speculaas","52Q",1,5,"Ummaramma",2024
"Speculation","34A",3,6,"db-Spiele",1992
"Speechless","31D",3,8,"Arcane Wonders",2016
"Spell Smashers","39B",1,5,"Renegade Game Studios",2018
"SpellBook","6D",1,4,"Space Cowboys",2023
"Spicy","52I",2,6,"HeidelBÄR Games",2020
"Spicy Dice","PLAY TO WIN",1,4,"Enginuity",2018
"Spicy Dice","PLAY TO WIN",1,4,"Enginuity",2018
"Spike","14A",2,4,"R&R Games",2014
"Spirit Island","41B",1,4,"Greater Than Games LLC",2017
"Spirits of the Rice Paddy","29A",2,4,"APE Games",2015
"Splendor","27B",2,4,"Space Cowboys",2014
"Splendor","27B",2,4,"Space Cowboys",2014
"Splendor","50C",2,4,"Space Cowboys",2014
"Splendor Duel","50C",2,2,"Space Cowboys",2022
"Splendor Duel","54R",2,2,"Space Cowboys",2022
"Splendor Duel","54R",2,2,"Space Cowboys",2022
"Splendor Duel","54R",2,2,"Space Cowboys",2022
"Splendor Kids","50C",2,4,"Space Cowboys",2025
"Splendor: Marvel","27B",2,4,"Space Cowboys",2020
"Split","53G",2,6,"GDC-GameDevCo Ltd.",1999
"Splito","53U",3,8,"25th Century Games; BLAM !",2023
"Spoils of War","46C",3,5,"Arcane Wonders",2017
"Spooky Castle","28D",2,4,"Queen Games",2016
"Spot it Jr.! Animals","53D",2,6,"Blue Orange Games",2012
"Spot it!","53D",2,8,"asmodee",2017
"Spots","55C",1,4,"CMYK",2023
"SPQR (Deluxe Edition)","48B",1,4,"GMT Games",2018
"Sprawlopolis","53A",1,4,"Quined Games",2019
"Spring","20",Devir,15,"2025",Available
"Spurs: A Tale in the Old West","24C",3,5,"Mr. B Games",2014
"Sputnik","25A",2,6,"Gigamic",2005
"Spy","54O",2,4,"999 Games",2004
"Spy Connection","13A",2,4,"Pegasus Spiele",2021
"Spyfall","31C",3,8,"Hobby World",2014
"Spyrium","9E",2,5,"Ystari Games",2013
"SpyxFamily: Search for Seasons","PLAY TO WIN",2,4,"Kess Entertainment",2025
"SpyxFamily: Search for Seasons","PLAY TO WIN",2,4,"Kess Entertainment",2025
"Squadron Scramble","45B",2,4,"U.S. Games Systems Inc.",1942
"Squaring Circleville","33C",1,4,"Spielworxx",2021
"Squirrel Away","PLAY TO WIN",3,6,"Floodgate Games",2025
"Squirrel Away","PLAY TO WIN",3,6,"Floodgate Games",2025
"Squishmallows Take 4","51E",2,4,"Relatable",2023
"Sriracha","28B",2,4,"Siam Board Games",2021
"St Patrick","54E",3,4,"La Mame Games",2021
"Stable Times","PLAY TO WIN",1,5,"Lovemore Games",2025
"Stable Times","PLAY TO WIN",1,5,"Lovemore Games",2025
"Stack'n Stuff: A Patchwork Game","35B",2,2,"Lookout Games",2023
"Stalk Exchange","11E",2,5,"The Op Games",2024
"Stamp Swap","24B",1,5,"Stonemaier Games",2024
"Star Clicker","22D",2,4,"Ludonaute",2021
"Star Realms","52M",2,2,"Wise Wizard Games",2014
"Star Realms","52M",2,2,"Wise Wizard Games",2014
"Star Realms: Colony Wars","45B",2,2,"Wise Wizard Games",2015
"Star Realms: Frontiers","45B",1,4,"Wise Wizard Games",2018
"Star Realms: Rise of Empire","25D",2,2,"Wise Wizard Games",2024
"Star Trek Panic","26D",1,6,"Fireside Games; The Op Games",2016
"Star Trek: Ascendancy","26D",3,3,"Gale Force Nine LLC",2016
"Star Trek: Captain's Chair","36E",1,2,"WizKids (I)",2025
"Star Trek: Catan","26D",3,4,"Mayfair Games",2012
"Star Trek: Cryptic","26D",1,99,"Funko Games",2023
"Star Trek: Expeditions","26D",1,4,"WizKids (I)",2011
"Star Trek: Fleet Captains","26D",2,4,"WizKids (I)",2011
"Star Trek: Fleet Captains – Romulan Empire","26D",2,6,"WizKids (I)",2012
"Star Trek: Frontiers","26D",1,4,"WizKids (I)",2016
"Star Trek: Lower Decks – Buffer Time: The Card Game","54P",2,6,"Modiphius Entertainment",2024
"Star Trek: Star Realms","51D",2,4,"UVS Games; Wise Wizard Games",2024
"Star Trek: Star Realms","n/a",2,4,"UVS Games; Wise Wizard Games",2024
"Star Trek: Super-Skill Pinball","51E",1,4,"WizKids (I)",2022
"Star Trek: The Next Generation","30F",2,6,"Brand Makers International",1992
"Star Wars: Armada","46D",2,2,"Fantasy Flight Games",2015
"Star Wars: Battle of Hoth","n/a",2,4,"Days of Wonder",2025
"Star Wars: Battle of Hoth","50C",2,4,"Days of Wonder",2025
"Star Wars: Battle of Hoth","50C",2,4,"Days of Wonder",2025
"Star Wars: Destiny","26C",2,2,"Fantasy Flight Games",2016
"Star Wars: Epic Duels","26C",2,6,"Hasbro; Milton Bradley",2002
"Star Wars: Imperial Assault","43A",2,5,"Fantasy Flight Games",2014
"Star Wars: Outer Rim","26C",1,4,"Fantasy Flight Games",2019
"Star Wars: Rebellion","41B",2,4,"Fantasy Flight Games",2016
"Star Wars: Rivals – Series 1: Premier Set","46A",2,2,"Funko Games",2023
"Star Wars: The Card Game","26C",2,2,"Fantasy Flight Games",2012
"Star Wars: The Clone Wars","26C",1,5,"Z-Man Games",2022
"Star Wars: The Deckbuilding Game","26C",2,2,"Fantasy Flight Games",2023
"Star Wars: The Queen's Gambit","26C",2,4,"Avalon Hill",2000
"Star Wars: Unlimited - Intro Battle: Hoth","50C",2,2,"Fantasy Flight Games",2025
"Star Wars: Unlock!","26C",1,6,"Space Cowboys",2020
"Star Wars: X-Wing (Second Edition)","36E",2,2,"Fantasy Flight Games",2018
"Starcadia Quest","23E",2,4,"CMON Global Limited",2020
"StarCraft: The Board Game","18E",2,6,"Fantasy Flight Games",2007
"Stardew Valley: The Board Game","56B",1,4,"Concernedape",2025
"Starfighter","45A",2,2,"Ystari Games",2015
"Starry Night Sky","26B",2,4,"Buffalo Games",2023
"Stars of Akarios","21D",1,4,"OOMM",2022
"Starship Captains","21E",1,4,"Czech Games Edition",2022
"Starship Catan","46B",2,2,"KOSMOS; Mayfair Games",2001
"Starship Samurai","55D",2,4,"Plaid Hat Games",2018
"Startups","54U",3,7,"Oink Games",2017
"Stationfall","23B",1,9,"Ion Game Design",2024
"Stay Cool","55A",3,7,"Scorpian Masque",2020
"Steam","14A",3,5,"Mayfair Games",2009
"Steam Park","4B",2,4,"Horrible Guild; IELLO",2014
"Steam Power","1B",1,5,"Wallace Designs",2024
"Steam Time","44D",2,4,"KOSMOS",2015
"Steam Torpedo: First Contact","45C",2,2,"IELLO",2011
"Steam Up: A Feast of Dim Sum","10D",2,5,"Hot Banana Games",2023
"Steam Up: Fate & Fortune Mini-Expansion","Base Box",0,0,"Hot Banana Games",2023
"Steam Works","9E",2,5,"Tasty Minstrel Games",2015
"Steampunk Rally","40A",2,8,"Roxley",2015
"Steampunk Rally Fusion","40A",2,8,"Roxley",2021
"SteamRollers","34E",1,5,"Stronghold Games",2018
"Steel Driver","1B",3,6,"Pegasus Spiele",2008
"Stella: Dixit Universe","31A",3,6,"Libellud",2022
"Stellar","36D",2,2,"Renegade Game Studios",2020
"Stellarion","54T",1,2,"inPatience",2022
"Stephens","8D",1,4,"Pile Up Games",2024
"Stephens","8D",1,4,"Pile Up Games",2024
"Stephenson's Rocket","14A",2,4,"999 Games",1999
"Stephenson's Rocket: Eastern USA & China","90",Grail Games,60,"2018",Available
"Steve Jackson's Munchkin Presents Batman","39C",3,6,"Cryptozoic Entertainment; Steve Jackson Games",2023
"Stich für Stich","51D",3,4,"Zoch Verlag",2023
"Stichling","54G",2,5,"Ravensburger",2015
"Stick 'Em","54N",3,8,"Capstone Games",2020
"Stockpile","20D",2,5,"Nauvoo Games",2015
"Stockpile: Continuing Corruption","75",Nauvoo Games,45,"2016",Available
"Stone Age","16A",2,4,"Hans im Glück",2008
"Stone Age: Anniversary","16A",2,4,"Hans im Glück",2018
"Stone Age: The New Huts","60",Hans im Glück,60,"2008",4938 results
"Stonespine Architects","4A",1,5,"Thunderworks Games",2024
"Stool Pigeon","53O",2,6,"Barrel Aged Games",2017
"Stop Thief!","13D",1,5,"Restoration Games",2017
"Storytailors","28B",2,6,"Lifestyle Boardgames Ltd; Red Cat Games",2020
"Strasbourg","3B",3,5,"Pegasus Spiele",2011
"Stratego Waterloo","48E",2,2,"Patch Products",2016
"Stratego: America's Civil War Collector's Edition","28E",2,2,"Hasbro; Jumbo; The Op Games",2007
"Street Fighter: The Miniatures Game","18B",2,6,"Jasco Games",2021
"Strike","31B",2,5,"Ravensburger",2020
"Strike of the Eagle","48D",2,4,"Academy Games Inc.",2011
"Stroganov","8D",1,4,"Game Brewer",2021
"Stronghold: 2nd edition","36C",2,2,"Portal Games",2015
"Stronghold: Undead (Second Edition)","36C",2,2,"Portal Games",2021
"Strozzi","8B",3,6,"ABACUSSPIELE",2008
"Struggle of Empires","1B",2,7,"Warfrog Games",2004
"Studies in Sorcery","51E",1,4,"Weird Giraffe Games",2021
"Studies in Sorcery","PLAY TO WIN",1,4,"Weird Giraffe Games",2021
"Studies in Sorcery","PLAY TO WIN",1,4,"Weird Giraffe Games",2021
"Stuffed Fables","21D",2,4,"Plaid Hat Games",2018
"Sub Terra","38A",1,6,"Inside the Box Board Games LLP (ITB)",2017
"Subastral","53R",2,5,"Renegade Game Studios",2021
"Subatomic: An Atom Building Game","12C",2,4,"Genius Games",2018
"Subdivision","20E",1,4,"Bézier Games",2014
"Subjective","31B",3,6,"Spin Master Ltd.",2023
"Suburbia: Collector's Edition","37C",1,5,"Bézier Games",2019
"Successors (Fourth Edition)","48B",2,5,"PHALANX",2021
"Succulent","11C",2,4,"Renegade Game Studios",2020
"Sugar Blast","28D",1,4,"CMON Global Limited",2020
"Sumatra","7B",2,5,"Ludonova",2020
"Summer Camp","12E",2,4,"Buffalo Games",2021
"Summoner Wars (Second Edition)","36E",2,2,"Plaid Hat Games",2021
"Summoner Wars: Master Set","36E",2,4,"Plaid Hat Games",2011
"Sun Tzu","35C",2,2,"Jolly Roger Games",2005
"Sun Tzu","52H",2,2,"Jolly Roger Games",2005
"Sun, Sea & Sand","39B",2,5,"Cwali",2010
"Suna Valo","35A",2,2,"The Game Builders",2024
"Sunken City","6C",2,4,"Clementoni",2004
"Sunny Day Sardines","53G",2,4,"25th Century Games",2022
"Sunrise at the Studio","52M",1,4,"Pencil First Games, LLC",2024
"Sunrise City","44A",2,4,"Clever Mojo Games",2012
"Sunrise Sunset","52A",2,2,"Perro Loko Games",2024
"Sunset Over Water","52C",1,4,"Pencil First Games, LLC",2022
"Sunset Over Water: Pocket Edition – Nature's Muse Mini Expansion","52C",1,4,"Pencil First Games, LLC",2022
"Super Dice Battle","n/a",2,4,"Ephyrean Games",2025
"Super Kawaii Pets","60B",1,4,"Arcane Wonders",2024
"Super Kawaii Pets","54I",1,4,"Arcane Wonders",2024
"Super Mega Lucky Box","20B",1,6,"Gamewright",2021
"Super Motherload","46C",2,4,"Roxley; XGen Studios",2015
"Super-Skill Pinball: 4-Cade","51A",1,4,"WizKids (I)",2020
"Super-Skill Pinball: 4-Cade","20B",1,4,"WizKids (I)",2020
"Super-Skill Pinball: Holiday Special","20B",1,4,"WizKids (I)",2022
"Super-Vampires","28D",2,4,"Queen Games",2016
"Superstore 3000","4A",2,4,"Space Cowboys",2024
"Survival of the Fattest","11E",1,4,"Dirty Rascal Games",2024
"Survive The Island","56D",2,5,"Zygomatic",2024
"Survive: Escape from Atlantis!","9D",2,4,"Stronghold Games",2012
"Sushi Draft","53U",3,5,"Blue Orange Games",2015
"Sushi Go Party!","51D",2,8,"Gamewright",2016
"Sushi Go!","53U",2,5,"Gamewright",2014
"Suspicion","13C",2,6,"Wonder Forge",2016
"Sutter's Mill","30D",2,4,"Mayfair Games",2008
"Svea Rike","39A",2,5,"Casper",1996
"Sweet Lands","57D",1,4,"uchibacoya",2025
"Sweet Lands","Hot Games",1,4,"uchibacoya",2025
"Sweet Victory!","30",ThinkFun,10,"2025",Available
"Swinging Jivecat Voodoo Lounge","29E",2,5,"Daily Magic Games",2016
"Switch & Signal","14A",2,4,"KOSMOS",2020
"Switchbacks","45C",2,4,"Allplay",2024
"Switchbacks","59C",2,4,"Allplay",2024
"Switching Tracks","14C",2,5,"Wattsalpoag Games",2015
"Sword & Sorcery","22D",1,5,"Ares Games; Gremlin Project",2017
"Sword & Sorcery: Ancient Chronicles","37D",1,5,"Ares Games",2021
"Sword of Rome: Conquest of Italy, 362-272 BC","49A",2,5,"GMT Games",2010
"Sylla","33B",3,4,"Ystari Games",2008
"Sylla: Caveant Consules","90",HUCH!,90,"2009",Available
"Sylvion","54T",1,2,"Z-Man Games",2015
"Symphony No.9","30A",2,4,"Moaideas Game Design",2018
"Synchronized","54P",2,8,"Zerua Games",2021
"T.I.M.E Stories","13A",2,4,"Space Cowboys",2016
"Tabannusi: Builders of Ur","1D",1,4,"Board&Dice",2021
"Tabriz","7E",1,5,"Crafty Games",2025
"Tac Tac Jack","15E",2,7,"Mayday Games",2016
"Tack","52M",2,2,"Zerua Games",2025
"Taco Cat Goat Cheese Pizza","52P",2,8,"Dolphin Hat Games",2020
"Taco Cat Goat Cheese Pizza","56A",2,8,"Dolphin Hat Games",2020
"Tactical Tech","9C",2,4,"(Self-Published)",2020
"Tadmor","7A",2,4,"Gotha Games",2017
"Tag Team","35A",2,2,"Scorpion Masqué",2025
"Tag Team","n/a",2,2,"Scorpion Masqué",2025
"TAGS","31A",2,4,"HeidelBÄR Games",2018
"Tahuantinsuyu","39C",3,4,"Hangman Games",2004
"Tainted Grail: The Fall of Avalon","18D",1,4,"Awaken Realms",2019
"Taj Mahal","7A",2,5,"alea; Rio Grande Games",2000
"Tak","35E",2,2,"Greater Than Games, LLC; James Ernest Games",2021
"Take 5","54J",2,10,"AMIGO",1994
"Take Time","50B",2,4,"Libellud",2025
"Take Time","Hot Games",2,4,"Libellud",2025
"Take Time","55A",2,4,"Libellud",2025
"Take Time","55A",2,4,"Libellud",2025
"Takenoko","2D",2,4,"Bombyx",2011
"Takenoko (Giant Edition)","n/a",n/a,n/a,"n/a",Available
"Takenokolor","2D",2,4,"Bombyx; Matagot",2024
"Tales & Games: Little Red Riding Hood","51E",1,5,"IELLO; Purple Brain Creations",2015
"Tales & Games: The Grasshopper & the Ant","51E",2,4,"IELLO; Purple Brain Creations",2015
"Tales & Games: The Hare & the Tortoise","51E",2,5,"IELLO",2015
"Tales & Games: The Pied Piper","51E",2,5,"IELLO; Purple Brain Creations",2016
"Tales from the Red Dragon Inn","23C",1,4,"SlugFest Games",2023
"Tales of the Arabian Nights","21E",2,6,"Z-Man Games",2009
"Tales of the Arthurian Knights","21E",1,4,"WizKids (I)",2024
"Talisman: The Magical Quest Game – 5th Edition","PLAY TO WIN",2,6,"Avalon Hill",2024
"Talisman: The Magical Quest Game – 5th Edition","PLAY TO WIN",2,6,"Avalon Hill",2024
"Tall Tales","54E",2,6,"Waddingtons",n/a
"Talon","49C",2,6,"GMT Games",2016
"Talon 1000","49C",1,6,"GMT Games",2018
"Talus Tumble","PLAY TO WIN",2,4,"Talus Tumble, LLC",2025
"Talus Tumble","56C",2,4,"Talus Tumble, LLC",2025
"Talus Tumble","PLAY TO WIN",2,4,"Talus Tumble, LLC",2025
"Taluva Deluxe","1E",2,4,"Ferti",2015
"Tamashii: Chronicle of Ascend","22D",1,4,"Awaken Realms Lite",2023
"Tammany Hall","19C",3,5,"StrataMax Games",2007
"Tang Garden","8E",1,4,"ThunderGryph Games",2019
"Tangram City","44A",1,5,"Capstone Games; Korea Boardgames",2024
"Tanuki","53P",3,6,"Synapses Games",2024
"Tapestry","16B",1,5,"Stonemaier Games",2019
"Tapeworm","52O",2,4,"Studio71",2020
"Target","52D",2,4,"Enginuity",1997
"Targi","35A",2,2,"KOSMOS",2012
"Tash-Kalar: Arena of Legends","7E",2,4,"Czech Games Edition",2013
"Tash-Kalar: Arena of Legends – Love Elemental Promo Card","60",(Self-Published),30,"2018",Available
"Tasnia","35E",2,4,"Grey Gnome Games",2013
"Tasso Banana","52N",2,6,"25th Century Games",2024
"Tattoo Stories","51A",4,6,"Games by Bicycle",2019
"Tea Garden","12A",2,4,"Albi",2024
"Tea Garden","PLAY TO WIN",2,4,"Capstone Games",2024
"Tea Witches","6E",2,4,"The Op Games",2025
"Tearable Quest","10",Allplay,10,"2025",Available
"Tearable Quest","59A",1,50,"Allplay",2025
"Teenage Mutant Ninja Turtles: Shadows of the Past","19B",2,5,"IDW Games",2016
"Tekhenu: Obelisk of the Sun","1D",1,4,"Board&Dice",2020
"Telepathic","53U",2,4,"Dogtown Games",2019
"Telestrations","31D",4,8,"The Op Games",2009
"Tellstones: King's Gambit","45B",2,4,"Riot Games",2020
"Télos","45B",3,6,"Jolly Dutch Productions",2021
"Tem-Purr-A","53O",3,10,"IELLO",2016
"Tempus","1B",3,5,"Cafe Games",2006
"TEN","51F",1,5,"Alderac Entertainment Group",2021
"TEN","31A",1,5,"Alderac Entertainment Group",2021
"Tenby","55A",1,5,"Mighty Boards",2025
"Tend","n/a",1,6,"IV Studio",2025
"Tend","Hot Games",1,6,"IV Studio",2025
"TENTRICKS","15C",1,5,"AlienS games",2024
"Teotihuacan: City of Gods","1D",1,4,"NSKN Games",2018
"Teotihuacan: City of Gods","1D",1,4,"NSKN Games",2018
"Tequila","51B",1,4,"Detestable Games; Primigenio",2023
"Terminus","14D",1,5,"Inside Up Games",2024
"Terra Evolution","40B",2,4,"Mindwarrior Games",2011
"Terra Mystica","41E",2,5,"Feuerland Spiele",2012
"Terra Mystica","41E",2,5,"Feuerland Spiele",2012
"Terra Mystica: Fire & Ice","Base Box",2,5,"Filosofia Éditions; Z-Man Games",2014
"Terra Mystica: Merchants of the Seas","120",Feuerland Spiele,60,"2019",Available
"Terra Nova","17A",2,4,"Capstone Games",2022
"Terracotta Army","8E",1,4,"Board&Dice",2022
"Terraforming Mars","41B",1,5,"FryxGames; Stronghold Games",2017
"Terraforming Mars","41B",1,5,"FryxGames; Stronghold Games",2017
"Terraforming Mars: Ares Expedition","25A",1,4,"FryxGames",2021
"Terraforming Mars: Ares Expedition","25A",1,4,"FryxGames",2021
"Terraforming Mars: Big Box","41B",1,5,"FryxGames",2021
"Terraforming Mars: The Dice Game","25A",1,4,"FryxGames; Stronghold Games",2023
"Terramara","1A",2,4,"Quined Games",2019
"Terrible Quest","10",Allplay,10,"2025",Available
"Terror in Meeple City","2D",2,4,"Repos Production",2013
"Terrorscape","Hot Games",2,4,"ICE Makes",2023
"Tesseract","25C",1,4,"Smirk & Laughter Games",2023
"Test of Fire: Bull Run 1861","45A",2,2,"Mayfair Games",2011
"Tether","53G",2,4,"How To Steam Broccoli",2024
"Tharos","33C",2,4,"Spielworxx",2021
"That Time You Killed Me","35D",2,2,"Pandasaurus Games",2021
"That's Pretty Clever!","54M",1,4,"Schmidt Spiele",2018
"The 7th Citadel","46C",1,4,"Serious Poulp",2024
"The 7th Continent","46C",1,4,"Serious Poulp",2017
"The Acts","29B",2,4,"Cobblestone Games",2018
"The Adventures of Robin Hood","22D",2,4,"KOSMOS",2021
"The African Campaign: Designer Signature Edition","30D",1,2,"Compass Games",2017
"The Ancient World (Second Edition)","4C",2,4,"Red Raven Games",2019
"The Aquicorn Cove Board Game","44B",2,4,"Oni Press",2019
"The Banishing","53N",3,5,"WizKids (I)",2017
"The Battle at Kemble's Cascade","34E",1,5,"Z-Man Games",2014
"The Battle of Five Armies","32B",2,2,"Ares Games",2014
"The Big Book of Madness","21A",2,5,"IELLO",2015
"The Bottle Imp","54D",2,4,"Z-Man Games",2010
"The Brain","55C",1,4,"Play to Z",2025
"The Bridges of Shangri-La","29A",3,4,"KOSMOS",2003
"The Bucket King","40B",2,6,"Rio Grande Games",2002
"The Builders: Antiquity","52B",2,4,"asmodee; Bombyx",2015
"The Builders: Middle Ages","52B",2,4,"asmodee; Bombyx",2014
"The Captain Is Dead: Dangerous Planet","31C",2,7,"Alderac Entertainment Group",2019
"The Castles of Burgundy","41B",2,4,"alea",2011
"The Castles of Burgundy","41B",2,4,"alea",2011
"The Castles of Burgundy: 2nd Expansion – New Hex Tiles","90",alea,90,"2012",Available
"The Castles of Burgundy: 4th Expansion – Monastery Boards","30",alea,30,"2013",Available
"The Castles of Burgundy: 5th Expansion – Pleasure Garden","90",alea,90,"2014",Available
"The Castles of Burgundy: Special Edition","120",alea,70,"2023",Available
"The Castles of Burgundy: The Card Game","52I",1,4,"alea",2016
"The Castles of Tuscany","3B",2,4,"alea",2020
"The Cathedral of Orléans","8A",2,4,"dlp games",2023
"The Chameleon","31D",3,8,"Big Potato Games",2017
"The Chameleon","31D",3,8,"Big Potato Games",2017
"The City","20E",2,5,"Eagle-Gryphon Games",2019
"The City of Kings","21E",1,4,"The City of Games",2018
"The Colonists","5C",1,4,"Lookout Games",2016
"The Crew: Mission Deep Sea","43B",2,5,"KOSMOS",2021
"The Crew: The Quest for Planet Nine","43B",2,5,"KOSMOS",2019
"The Dark Quarter","22D",1,4,"Lucky Duck Games; Van Ryder Games",2025
"The Deadlies","54U",3,6,"Smirk & Dagger Games",2020
"The Doctor Lucky Ambivalence Pack","30F",3,7,"Cheapass Games",2005
"The Doge Ship","33B",2,5,"Giochix.it",2012
"The Downfall of Pompeii","8B",2,4,"AMIGO",2004
"The Druids of Edora","Hot Games",2,4,"alea",2025
"The Duke","47B",2,2,"Catalyst Game Labs",2013
"The Elder Scrolls V: Skyrim – The Adventure Game","18E",1,4,"Modiphius Entertainment",2022
"The Elder Scrolls: Betrayal of the Second Era","18E",1,4,"Chip Theory Games",2025
"The Elder Scrolls: Betrayal of the Second Era","18E",1,4,"Chip Theory Games",2025
"The End of the Triumvirate","47B",2,3,"Lookout Games",2005
"The Estates","20D",2,5,"Capstone Games",2018
"The Expanse Board Game","19B",2,4,"Pendragon Game Studio",2017
"The Fantasy Trip: Legacy Edition","33C",2,10,"Steve Jackson Games",2019
"The Fellowship of the Ring: Trick-Taking Game","54H",1,4,"Office Dog",2024
"The Fellowship of the Ring: Trick-Taking Game","54H",1,4,"Office Dog",2024
"The Fellowship of the Ring: Trick-Taking Game","54H",1,4,"Office Dog",2024
"The Fellowship of the Ring: Trick-Taking Game","50A",1,4,"Office Dog",2024
"The First World War","30D",2,4,"Mayfair Games",2004
"The Flow of History","51F",2,5,"Moaideas Game Design; Tasty Minstrel Games",2018
"The Flow of History","53D",2,5,"Moaideas Game Design; Tasty Minstrel Games",2018
"The Fog of War","48E",2,2,"Stronghold Games",2016
"The Four Doors","55C",1,5,"Happy Camper",2025
"The Fox Experiment","11A",1,4,"Pandasaurus Games",2023
"The Fox Experiment","11A",1,4,"Pandasaurus Games",2023
"The Fox in the Forest","54D",2,2,"Foxtrot Games; Renegade Game Studios",2017
"The Fox in the Forest Duet","54D",2,2,"Foxtrot Games",2020
"The Gallerist","43A",1,4,"Eagle-Gryphon Games",2015
"The Gallerist: KS Stretch Goal Pack #2","0",Angry Lion Games,0,"2015",Available
"The Game of 49","51A",2,5,"Breaking Games; Markee Games",2016
"The Game of Life","28A",2,6,"Hasbro",2020
"The Gang","53E",3,6,"KOSMOS",2024
"The Gang","53E",3,6,"KOSMOS",2024
"The Gardens","11D",1,4,"Grail Games",2022
"The Glade","11A",1,4,"R&D Games",2023
"The Godfather: Corleone's Empire","19C",2,5,"CMON Global Limited",2017
"The Grand Alchemist","32C",3,6,"Tilsit",2000
"The Grand Carnival","4B",1,4,"Uproarious Games",2020
"The Great Dalmuti","54B",4,8,"Wizards of the Coast",1994
"The Great Evening Banquet","56A",1,4,"Saashi & Saashi",2025
"The Great Heartland Hauling Co.","52Q",2,4,"Dice Hate Me Games",2013
"The Great Wall","8E",1,4,"Awaken Realms",2021
"The Great War","49D",2,2,"PSC Games",2015
"The Great Zimbabwe","2E",2,5,"Splotter Spellen",2012
"The Grimm Forest","6E",2,4,"Druid City Games",2018
"The Grizzled","53F",2,5,"CMON Global Limited; Spaghetti Western Games",2017
"The Grizzled: Armistice Edition","21B",1,4,"CMON Global Limited",2018
"The Guest","PLAY TO WIN",5,12,"Devir",2025
"The Guest","PLAY TO WIN",5,12,"Devir",2025
"The Guild of Merchant Explorers","3D",1,4,"Alderac Entertainment Group",2022
"The Hanging Gardens","40A",2,4,"Hans im Glück",2008
"The Hanging Gardens","n/a",1,5,"Gigamic",2025
"The Haunting House","17C",2,6,"Raven Distribution",2003
"The Hobbit Card Game","54C",2,5,"Fantasy Flight Games",2012
"The Hobbit: An Unexpected Journey","32A",1,4,"Cryptozoic Entertainment",2013
"The Hobbit: An Unexpected Journey – Journey to the Lonely Mountain Strategy Game","32A",2,4,"WizKids (I)",2013
"The Hobbit: An Unexpected Party","32A",2,4,"Weta Workshop",2020
"The Hobbit: The Defeat of the Evil Dragon Smaug","32A",2,6,"Esdevium; Fantasy Flight Games; Sophisticated Games",2001
"The Hobbit: There and Back Again","56B",1,4,"Office Dog",2025
"The Hobbit: There and Back Again","56B",1,4,"Office Dog",2025
"The Hunger","6E",2,6,"Origames",2021
"The Hunt","36B",2,2,"25th Century Games",2023
"The Initiative","22D",1,4,"Unexpected Games",2021
"The Isle of Cats","3D",1,4,"The City of Games",2019
"The Isle of Cats","3D",1,4,"The City of Games",2019
"The Isle of Cats Duel","36E",2,2,"The City of Games",2024
"The Isle of Cats: Explore & Draw","56A",1,6,"The City of Games",2022
"The King Is Dead: Second Edition","9A",2,4,"Osprey Games",2020
"The Lady and the Tiger","45B",1,6,"Blue Beard Entertainment",2017
"The Last Kingdom Board Game","17D",2,5,"Gamelyn Games",2023
"The Last of the Independents","40B",3,6,"Numbskull Games",2010
"The Last Spike","14C",2,6,"Columbia Games",2015
"The Legend of the Cherry Tree that Blossoms Every Ten Years","24E",2,4,"IELLO",2018
"The Liberation of Rietburg","39A",2,4,"KOSMOS",2019
"The Librarians: Adventure Card Game","19A",1,4,"Everything Epic Games",2021
"The Lie","25",Devir,15,"2025",Available
"The LOOP","22C",1,4,"Pandasaurus Games",2021
"The Lord of the Rings","32A",2,5,"Fantasy Flight Games",2000
"The Lord of the Rings Dice Building Game","32A",2,4,"WizKids (I)",2013
"The Lord of the Rings: Adventure to Mount Doom","32A",1,4,"KOSMOS",2023
"The Lord of the Rings: Duel for Middle-earth","50B",2,2,"Repos Production",2024
"The Lord of the Rings: Duel for Middle-earth","41D",2,2,"Repos Production",2024
"The Lord of the Rings: Duel for Middle-earth","41D",2,2,"Repos Production",2024
"The Lord of the Rings: Duel for Middle-earth","41D",2,2,"Repos Production",2024
"The Lord of the Rings: Fate of the Fellowship","32A",1,5,"Z-Man Games",2025
"The Lord of the Rings: Fate of the Fellowship","Hot Games",1,5,"Z-Man Games",2025
"The Lord of the Rings: Fate of the Fellowship","PLAY TO WIN",1,5,"Asmodee, Office Dog",2025
"The Lord of the Rings: Fate of the Fellowship","PLAY TO WIN",1,5,"Asmodee, Office Dog",2025
"The Lord of the Rings: Journey to Mordor","52B",2,4,"Fantasy Flight Games",2016
"The Lord of the Rings: Journeys in Middle-Earth","32A",1,5,"Fantasy Flight Games",2019
"The Lord of the Rings: The Card Game","32A",1,2,"Fantasy Flight Games",2011
"The Lord of the Rings: The Card Game – Revised Core Set","32A",1,4,"Fantasy Flight Games",2022
"The Lord of the Rings: The Fellowship of the Ring","32A",2,6,"RoseArt",2002
"The Lost Code","57C",2,4,"Mojito Studios",2022
"The Lost Expedition","22A",1,5,"Osprey Games",2017
"The Lost Worlds of Josh Kirby","33E",2,5,"BARD Games LLC",2020
"The Magic Labyrinth","31A",2,4,"Drei Magier Spiele",2009
"The Magnificent","4A",1,4,"Aporta Games",2019
"The Mandalorian: Adventures","26C",1,4,"Unexpected Games",2024
"The Manhattan Project","3A",2,5,"Minion Games",2012
"The Manhattan Project: Chain Reaction","52N",1,5,"Czacha Games",2016
"The Manhattan Project: Energy Empire","3A",1,5,"Minion Games",2016
"The Market of Alturien","6B",2,6,"Mayfair Games",2007
"The Master's Trials: Wrath of Magmaroth","30A",1,4,"Alderac Entertainment Group; Artipia Games",2017
"The Mind","52K",2,4,"Nürnberger-Spielkarten-Verlag",2018
"The Mind Extreme","52K",2,4,"Pandasaurus Games",2020
"The Muddles","54K",2,4,"Big Potato Games",2020
"The Mystery of the Templars","34D",2,4,"Giochi Uniti",2013
"The Name of the Rose","3B",2,5,"Ravensburger",2008
"The Napoleonic Wars","61C",2,5,"GMT Games",2002
"The Networks","4A",1,5,"Formal Ferret Games",2018
"The Networks: Primetime","59D",1,5,"Allplay",2025
"The New Era","3A",2,5,"Portal Games",2011
"The Night Cage","21A",1,5,"Smirk & Laughter Games",2021
"The Old King's Crown","Hot Games",1,4,"Eerie Idol Games",2025
"The One Hundred Torii","47A",1,4,"Pencil First Games LLC",2020
"The One Hundred Torii","29A",1,4,"Pencil First Games LLC",2020
"The Oracle of Delphi","3C",2,4,"Hall Games",2016
"The Oracle of Delphi: Seafarer Expansion","100",Frosted Games,70,"2016",Available
"The Other Side of the Hill","3A",1,4,"NAC Wargames",2025
"The Others","23D",2,5,"Cool Mini Or Not",2016
"The Palace of Mad King Ludwig","1A",2,4,"Bézier Games",2017
"The Palaces of Carrara (Second Edition)","6C",2,4,"Game Brewer",2022
"The Peach Festival","55C",1,5,"Thundergryph Games",2024
"The Peak Team","55D",1,5,"Matagot",2025
"The Penguin Ultimatum","51D",2,4,"Eight Foot Llama",2003
"The Perfect Wave","12C",2,4,"The Op Games",2023
"The Phantom Society","13C",2,4,"Asterion Press",2013
"The Pillars of the Earth","8C",2,4,"KOSMOS",2006
"The Pillars of the Earth: Builders Duel","51B",2,2,"Filosofia Éditions",2009
"The Pillars of the Earth: Expansion Set","120",KOSMOS,120,"2007",Available
"The Plan","6E",2,6,"R&R Games",2021
"The Prince: The Struggle of House Borgia","40A",3,5,"Mayfair Games",2003
"The Princes of Florence","6C",1,5,"alea",2000
"The Princes of Florence: The Muse and the Princess","90",Quined White Goblin Games,90,"2009",Available
"The Princes of Machu Picchu","39C",2,5,"PD-Verlag",2008
"The Prodigals Club","57B",2,5,"Czech Games Edition",2015
"The Pursuit of Happiness","30E",1,4,"Artipia Games",2015
"The Quacks of Quedlinburg","43A",2,4,"CMYK",2018
"The Queen of Hansa","30C",2,4,"Hobby Japan",2019
"The Quest for El Dorado","10C",2,4,"Ravensburger",2017
"The Quick and the Undead","24D",1,6,"Inside Up Games",2020
"The Reckoners","55E",1,6,"Nauvoo Games",2018
"The Red Cathedral","8D",1,4,"Devir",2020
"The Red Cathedral","8D",1,4,"Devir",2020
"The Reef","47A",2,2,"KOSMOS",2000
"The Resistance","54O",5,10,"Indie Boards & Cards",2009
"The Resistance: Avalon","54O",5,10,"Indie Boards & Cards",2012
"The River","10C",2,4,"Days of Wonder",2018
"The Road to Canterbury","29B",2,3,"Eagle-Gryphon Games",2011
"The Romans","47A",1,4,"Ragnar Brothers",2019
"The Rose King","47B",2,2,"KOSMOS",1999
"The Ruhr: A Story of Coal Trade","47B",2,4,"Capstone Games",2017
"The Sandcastles of Burgundy","57A",2,4,"Ravensburger",2025
"The Scepter of Zavandor","30C",2,6,"DiceTree Games",2004
"The Search for Lost Species","13D",1,4,"Renegade Game Studios",2023
"The Search for Planet X","13D",1,4,"Foxtrot Games",2020
"The Search for Planet X","13D",1,4,"Foxtrot Games",2020
"The Search for UAPs","13D",1,5,"Bézier Games; Renegade Game Studios",2024
"The Secret Neighbor Party Game","60B",5,10,"Arcane Wonders",2020
"The Secret of Monte Cristo","44B",2,4,"asmodee",2011
"The Settlers of the Stone Age","46B",3,4,"Mayfair Games",2002
"The Sherlock Files: Vol III – Puzzling Plots","51F",1,8,"Indie Boards & Cards; Indie Game Studios",2020
"The Shipwreck Arcana","53F",2,5,"Meromorph Games",2017
"The Shores of Tripoli","40C",1,2,"Fort Circle Games",2020
"The Siege of Runedar","37C",1,4,"Ludonova",2021
"The Silver River","16E",1,4,"Robert Burke Games",2020
"The Sims Board Game","57B",2,5,"Goliath Games",2025
"The Specialists","44C",1,4,"Explor8",2021
"The Speicherstadt","44A",2,5,"eggertspiele",2010
"The Spill","22A",1,4,"Smirk & Dagger Games",2022
"The Staufer Dynasty","30C",2,5,"Arclight Games",2014
"The Taverns of Tiefenthal","10E",2,4,"North Star Games, LLC",2019
"The Transcontinental","14A",1,4,"Wheelhouse Games",2022
"The Vale of Eternity","2A",2,4,"Renegade Game Studios",2024
"The Vale of Eternity","2A",2,4,"Renegade Game Studios",2024
"The Voyages of Marco Polo","7A",2,4,"Hans im Glück",2015
"The Voyages of Marco Polo","7A",2,4,"Hans im Glück",2015
"The Voynich Puzzle","Hot Games",1,4,"Salt & Pepper Games",2025
"The White Castle","43A",1,4,"Devir",2023
"The White Castle","43A",1,4,"Devir",2023
"The Witcher: Old World","18C",1,5,"CD Projekt RED; Go On Board",2023
"The Wolves","11B",2,5,"Pandasaurus Games",2022
"The Wondrous Museum","55A",1,5,"Broadway Toys LTD",2025
"The World of Smog: On Her Majesty's Service","9E",2,4,"Cool Mini Or Not",2015
"The Yeti Slalom","33B",3,5,"AMIGO",2001
"Thebai","55B",1,4,"Board&Dice",2025
"Thebes","7C",2,4,"Queen Games",2007
"Thebes: The Tomb Raiders","7C",2,4,"Queen Games",2013
"Theophrastus","30D",2,5,"Mayfair Games",2001
"Theseus: The Dark Orbit","34D",2,4,"Portal Games",2013
"Thiefdom","55B",1,4,"Karma Games",2025
"Things in Rings","59C",2,6,"Allplay",2024
"This War of Mine: The Board Game","18C",1,6,"Awaken Realms",2017
"Thorgal: The Board Game","21D",1,4,"Portal Games",2024
"Thornwatch","34C",3,6,"Lone Shark Games",2018
"Three Cheers for Master","53I",2,6,"Atlas Games",2015
"Three Kingdoms Redux","40C",3,3,"Starting Player",2014
"Three Sisters","20A",1,4,"Motor City Gameworks",2022
"Thrive","35B",2,2,"Adam's Apple Games LLC",2020
"Throne of Allegoria","39C",2,4,"Spielworxx",2019
"Through Ice & Snow","24E",1,4,"2Tomatoes Games",2024
"Through the Ages: A New Story of Civilization","16B",2,4,"Czech Games Edition",2015
"Through the Ages: A New Story of Civilization","41B",2,4,"Czech Games Edition",2015
"Through the Desert","7C",2,5,"Fantasy Flight Games",2009
"Through the Desert","59E",2,5,"Fantasy Flight Games",2009
"Through the Desert","59E",2,5,"Fantasy Flight Games",2009
"Thunder & Lightning","35A",2,2,"Filosofia Éditions",2016
"Thunder Alley","17C",2,7,"GMT Games",2014
"Thunder Alley: Crew Chief Expansion","17C",2,8,"Nothing Now Games",2016
"Thunder Alley: Expansion Tracks","17C",2,7,"GMT Games",2015
"Thunder Road: Vendetta","17B",2,4,"Restoration Games",2023
"Thunder Road: Vendetta","17B",2,4,"Restoration Games",2023
"Thunderstone Advance: Towers of Ruin","47D",1,5,"Alderac Entertainment Group",2012
"Thunderstone Quest","47D",2,4,"Alderac Entertainment Group",2018
"Thunderstone Quest","47D",2,4,"Alderac Entertainment Group",2018
"Thurn and Taxis","14E",2,4,"Hans im Glück",2006
"Tianxia","1D",1,4,"Board&Dice",2025
"Tichu","54D",4,4,"Rio Grande Games",2007
"Ticket to Ride","14B",2,5,"Days of Wonder",2004
"Ticket to Ride","14B",2,5,"Days of Wonder",2004
"Ticket to Ride: 10th Anniversary","14B",2,5,"Days of Wonder",2014
"Ticket to Ride: Alvin & Dexter","50",Days of Wonder,30,"2011",Available
"Ticket to Ride: Amsterdam","14B",2,4,"Days of Wonder",2020
"Ticket To Ride: Berlin","14B",2,4,"Days of Wonder",2023
"Ticket to Ride: Europe","50D",2,5,"Days of Wonder",2005
"Ticket to Ride: Europe","14B",2,5,"Days of Wonder",2005
"Ticket to Ride: London","14B",2,4,"Days of Wonder",2019
"Ticket to Ride: Märklin","14B",2,5,"Days of Wonder",2006
"Ticket to Ride: New York","14B",2,4,"Days of Wonder",2018
"Ticket to Ride: Nordic Countries","14B",2,3,"Days of Wonder",2007
"Ticket to Ride: Northern Lights","14B",2,5,"Days of Wonder",2025
"Ticket to Ride: Rails & Sails","50E",2,5,"Days of Wonder",2016
"Ticket to Ride: Rails & Sails","14B",2,5,"Days of Wonder",2016
"Ticket to Ride: San Francisco","14B",2,4,"Days of Wonder",2022
"Ticket to Ride: The Card Game","14B",2,4,"Days of Wonder",2008
"Ticket to Ride: USA 1910","60",Days of Wonder,30,"2006",Available
"Tidal Blades: Banner Festival","2D",2,5,"Druid City Games",2022
"Tidal Blades: Heroes of the Reef","2D",1,4,"Druid City Games; Skybound Tabletop",2020
"Tides of Madness","52I",2,2,"Edge Entertainment",2016
"Tides of Time","53K",2,2,"Portal Games",2015
"Tiger & Dragon","51E",2,5,"Arclight Games; Oink Games",2023
"Tigris & Euphrates","16B",2,4,"Hans im Glück",1997
"Tigris & Euphrates","16B",2,4,"Hans im Glück",1997
"Tikal","6C",2,4,"Ravensburger",1999
"Tikal II: The Lost Temple","6C",2,4,"GameWorks SŕRL",2010
"Tiletum","8B",1,4,"Board&Dice",2022
"Timber Town","3E",2,2,"Alley Cat Games; Seabrook Studios",2025
"Timbuktu","34C",3,5,"Queen Games",2005
"Time Division","45A",2,2,"HeidelBÄR Games",2024
"Time Management: The Time Management Game","45B",1,4,"Dice Hate Me Games",2016
"Time of Empires","17A",2,4,"Pearl Games",2022
"TIME Stories Revolution: A Midsummer Night","13A",1,4,"Space Cowboys",2020
"TIME Stories Revolution: The Hadal Project","13A",1,4,"Space Cowboys",2020
"Time's Up!","31A",4,18,"R&R Games",1999
"Time's Up! Title Recall!","31A",4,18,"R&R Games",2017
"Timeline: Historical Events","52B",2,8,"asmodee",2013
"Timeline: Inventions","52B",2,8,"asmodee",2017
"Times Square","35A",2,2,"KOSMOS; Rio Grande Games",2006
"Tinners' Trail","1C",1,5,"Alley Cat Games",2021
"Tiny Epic Cthulhu","53M",1,4,"Gamelyn Games",2024
"Tiny Epic Defenders","53M",1,4,"Gamelyn Games",2015
"Tiny Epic Defenders: The Dark War","53M",1,4,"Gamelyn Games",2018
"Tiny Epic Dinosaurs","53M",1,4,"Gamelyn Games",2020
"Tiny Epic Dungeons","53M",1,4,"Gamelyn Games",2021
"Tiny Epic Galaxies","53M",1,5,"Gamelyn Games",2015
"Tiny Epic Galaxies: Beyond the Black","53M",1,5,"Gamelyn Games",2017
"Tiny Epic Kingdoms","53M",2,5,"Gamelyn Games",2014
"Tiny Epic Kingdoms","107E",2,5,"Gamelyn Games",2014
"Tiny Epic Kingdoms: Heroes' Call","53M",1,5,"Gamelyn Games",2016
"Tiny Epic Quest","53M",1,4,"Gamelyn Games",2017
"Tiny Epic Tactics","53M",1,4,"Gamelyn Games",2019
"Tiny Epic Western","53M",1,4,"Gamelyn Games",2016
"Tiny Epic Zombies","53M",1,5,"Gamelyn Games",2018
"Tiny Epic Zombies: Deluxe Edition","53M",1,5,"Gamelyn Games",2018
"Tiny Towns","1E",1,6,"Alderac Entertainment Group",2019
"Tiny Trees","40E",2,4,"(Self-Published)",2018
"Tír na nÓg","17D",1,5,"Grand Gamers Guild",2024
"Titan","33E",2,6,"The Avalon Hill Game Co",1980
"Titanium Wars","29E",3,4,"Euphoria Games; IELLO",2013
"To Court the King","53H",2,5,"AMIGO",2006
"Tobago","10B",2,4,"Rio Grande Games; Zoch Verlag",2009
"Tokaido","2C",2,5,"Funforge",2012
"Tokaido Collector's Edition","2C",2,5,"Funforge",2015
"Tokaido: Crossroads","45",Funforge,45,"2013",Available
"Tokaido: Matsuri","45",Funforge,45,"2016",Available
"Tokyo Highway","15D",2,2,"itten",2017
"TOKYO JIDOHANBAIKI","45B",1,12,"Jordan Draper Games",2018
"TOKYO JUTAKU","45B",1,8,"Jordan Draper Games",2018
"TOKYO METRO","45B",1,5,"Jordan Draper Games",2018
"Toledo","1C",2,4,"Mayfair Games",2008
"Tom Clancy's Politika","34C",2,8,"Red Storm Entertainment",1997
"Tongiaki: Journey into the Unknown","40A",2,6,"PS-Games",2004
"Too Many Bones","41E",1,4,"Chip Theory Games",2017
"Too Many Bones: Unbreakable","21A",1,4,"Chip Theory Games",2023
"Too Many Bones: Undertow","21A",1,2,"Chip Theory Games",2018
"Too Many Mayors","110A",n/a,n/a,"n/a",n/a
"Top Tier","n/a",4,10,"Indie Boards & Cards",2025
"Toppo","31A",2,4,"ABACUSSPIELE",2006
"Torchlit","59B",2,5,"Allplay",2025
"Toriki: The Castaway Island","22B",1,4,"Lucky Duck Games",2024
"Torres","6C",2,4,"Rio Grande Games",1999
"Toscana","45A",2,2,"Philos",2001
"Tough Calls: Dystopia","34A",3,5,"Fractal Juegos",2020
"Touria","5D",2,4,"HUCH!",2016
"Tournay","45D",2,4,"Pearl Games",2011
"Tower of Babel","7C",3,5,"Hans im Glück",2005
"Tower of Madness","31E",3,5,"Smirk & Dagger Games",2018
"Town 66","54U",1,4,"Oink Games",2022
"Town Center","15E",2,4,"Ludibay",2013
"Toy Battle","56A",2,2,"Repos Production",2025
"Toy Battle","56A",2,2,"Repos Production",2025
"Traders of Carthage","51B",2,4,"Z-Man Games",2008
"Traders of Osaka","51D",2,4,"Z-Man Games",2008
"Tragedy Looper","13D",2,4,"BakaFire Party",2011
"Trail Story: America","12E",2,4,"WizKids (I)",2024
"Trailblazer: The John Muir Trail","12E",1,4,"Mariposa Games",2023
"Trailblazers","12E",1,8,"Bitewing Games",2023
"Trails of Tucana","51F",1,8,"Aporta Games",2019
"Trains","14E",2,4,"OKAZU Brand",2012
"Trains: Gen Con 2013","45",Alderac Entertainment Group,45,"2013",Available
"Trains: Map Pack 1 – Germany/Northeastern USA","45",(Web published),45,"2012",Available
"Trains: Nagoya Map","45",(Web published),45,"2012",Available
"Traintopia","14A",2,4,"Board&Dice",2020
"Trajan","3C",2,4,"Ammonit Spiele",2011
"Trambahn","35C",2,2,"Lookout Games",2015
"Tranquility","54I",1,5,"Board Game Hub",2020
"Tranquility: The Ascent","52P",1,5,"Lucky Duck Games",2024
"Tranquility: The Descent","55C",1,5,"Wayfarer Games",2026
"Trans Europa","14D",2,6,"Rio Grande Games",2005
"TransAmerica","14D",2,6,"Winning Moves Germany",2001
"Transatlantic","14E",2,4,"PD-Verlag",2017
"Transformers Deck-Building Game","19A",1,5,"Renegade Game Studios",2021
"Transgalactica","15A",2,5,"Devir",2025
"Trapwords","56A",30,8,"Czech Games Edition",2018
"Treasure Goblins","51D",1,4,"Lodus Games",2024
"Treasure Hunter","5D",2,6,"Queen Games",2015
"Treasure Hunter: Expansion 1 – Goblin's Loot","35",Queen Games,20,"2015",Available
"Treasure Hunter: Queenie 1 – Band of Goblins","35",Queen Games,20,"2015",4938 results
"Treasure Island","10A",2,5,"Matagot",2018
"Tree Society","11C",2,4,"Next Move Games",2024
"Treelings","52N",2,5,"Edition Spielwiese; Pegasus Spiele",2020
"Trek 12: Himalaya","20A",1,50,"Lumberjacks Studio",2020
"Trek 12+1: A travel diary through the Himalayas","53S",1,50,"Lumberjacks Studio",2021
"Trekking the National Parks","12E",2,6,"Bink Ink LLC",2014
"Trekking the World","12E",2,5,"Underdog Games (I)",2020
"Trekking Through History","12E",2,4,"Underdog Games (I)",2022
"TREOS","5C",2,4,"Lookout Games",2024
"Trial of the Century","35E",2,4,"Companion Games",1996
"Trial of the Temples","39E",2,4,"EmperorS4",2019
"Trias","33A",2,5,"Gecko Games (I)",2002
"Tribes: Dawn of Humanity","34E",2,4,"KOSMOS",2019
"Tribune: Expansion","90",Edge Entertainment,60,"2008",Available
"Tribune: Primus Inter Pares","8D",2,5,"Edge Entertainment",2007
"Trick Shot","39B",2,4,"Wolff Designa",2021
"Trickdraw","52P",2,5,"Good Games Publishing; House Fish Balloon, LLC",2023
"Trickerion: Collector's Edition","37D",1,4,"Mindclash Games",2019
"Tricky Badger","54E",3,5,"Jolly Dutch Productions",2023
"Trio","53L",2,2,"(Self-Published)",n/a
"Trio","PLAY TO WIN",3,6,"Happy Camper Games",2021
"Trio","PLAY TO WIN",3,6,"Happy Camper Games",2021
"Triplock","53S",1,2,"Chip Theory Games",2017
"Trismegistus: The Ultimate Formula","1D",1,4,"Board&Dice",2019
"Triumph & Tragedy: European Balance of Power 1936-1945","48B",2,3,"GMT Games",2016
"Triumvirate","54E",2,2,"Indie Boards & Cards",2010
"Trivial Pursuit: 20th Anniversary Edition","28C",2,6,"Hasbro; Horn Abbot Ltd.",2002
"Trolls and Princesses","4A",2,4,"Game Brewer",2023
"TROLLympics","39B",3,6,"Trick or Treat Studios",2025
"Trophies","54O",2,30,"The Bored Game Company",2019
"Tropicalia","56C",2,4,"Mojito Studios",2025
"Trouble","28A",2,4,"Hasbro",2020
"Troyes","8C",1,4,"Pearl Games",2010
"Troyes Dice","30C",1,10,"Pearl Games",2020
"Trudvang Legends","23D",1,4,"CMON Global Limited",2022
"Truffle Shuffle","52U",2,4,"Alderac Entertainment Group",2020
"Tsuro","15E",2,8,"Calliope Games",2005
"Tsuro","PLAY TO WIN",2,8,"Calliope Games",2005
"Tsuro","PLAY TO WIN",2,8,"Calliope Games",2005
"Tsuro of the Seas","15E",2,8,"Calliope Games",2012
"Tucana Builders","12A",1,5,"Aporta Games",2023
"Tuchulcha","30B",2,4,"DV Games",2004
"Tulpenfieber","32D",1,4,"AMIGO",2021
"Tumblin-Dice","38B",1,6,"Eagle-Gryphon Games",2004
"Tumblin' Dice","Hot Games",1,6,"Eagle-Gryphon Games",2022
"tummple!","31C",2,10,"Baxbo LLC",0
"Tumult Royale","29D",2,4,"KOSMOS",2015
"Turandot","53O",2,5,"ABACUSSPIELE",2009
"Turbo Taxi","29C",2,4,"Queen Games",2000
"Turing Machine","13A",1,4,"Scorpion Masqué",2022
"Tutankhamen","45C",2,6,"AMIGO",1993
"Tutankhamun","7C",2,6,"25th Century Games",2021
"Twice as Clever!","54M",1,4,"Schmidt Spiele",2019
"Twilight Imperium: Fourth Edition","41A",3,6,"Fantasy Flight Games",2017
"Twilight Inscription","20A",1,8,"Fantasy Flight Games",2022
"Twilight Squabble","53B",2,2,"Alderac Entertainment Group",2016
"Twilight Struggle","49A",2,2,"GMT Games",2009
"Twilight Struggle","41B",2,2,"GMT Games",2009
"Twilight Struggle: Red Sea – Conflict in the Horn of Africa","49A",1,2,"GMT Games",2023
"Twinkle Twinkle","59E",1,4,"Allplay",2025
"TwinStar Valley","56C",1,4,"Jumping Turtle Games",2025
"Twist of Fate","53N",2,4,"Mayday Games",2016
"Twisted Trumpets","57A",2,4,"Play to Z",2025
"Two Rooms and a Boom","54E",6,30,"17wanzy (Yihu BG)",2013
"Tybor the Builder","54U",2,4,"Lookout Games; Mayfair Games",2017
"Tyrants of the Underdark","9D",2,4,"Gale Force Nine LLC",2016
"Tyrus","47B",2,2,"Eurogames",2004
"TZAAR","15D",2,2,"Don & Co.",2007
"Tzolk'in: The Mayan Calendar","42E",2,4,"Czech Games Edition",2012
"Tzolk'in: The Mayan Calendar","42E",2,4,"Czech Games Edition",2012
"Tzolk'in: The Mayan Calendar – Mini Expansion 1","90",Czech Games Edition,90,"2012",Available
"Tzolk'in: The Mayan Calendar – Mini Expansion 2","90",Czech Games Edition,90,"2013",4938 results
"Uchronia","2D",2,5,"IELLO",2012
"Ulm","34C",2,4,"DV Games",2016
"Ultimatch","PLAY TO WIN",1,5,"Fireside Games",2024
"Ultimatch","PLAY TO WIN",1,5,"Fireside Games",2024
"Ultimatch","52R",1,5,"Fireside Games",2024
"Ultimate Railroads","14C",1,4,"Hans im Glück",2021
"Ultimate Stratego","48E",2,4,"Winning Moves Games (USA)",1997
"Ultimate Werewolf: Deluxe Edition For Kickstarter","54L",5,75,"Bézier Games",2014
"Um, Actually…","31E",3,8,"Wiggles 3D",2022
"Unboxed","54J",1,4,"WizKids (I)",2023
"Unconscious Mind","20C",1,4,"Fantasia Games",2024
"Unconscious Mind","20C",1,4,"Fantasia Games",2024
"Undaunted 2200: Callisto","35D",1,4,"Osprey Games",2024
"Undaunted: Battle of Britain","35D",2,2,"Osprey Games",2023
"Undaunted: Normandy","35D",2,2,"Osprey Games",2019
"Undaunted: North Africa","35D",2,2,"Osprey Games",2020
"Undaunted: Reinforcements","Base Box",1,4,"Osprey Games",2023
"Undaunted: Stalingrad","35D",2,2,"Osprey Games",2022
"Under the Leaves","57A",2,4,"Fractal Juegos",2025
"Undergrove","12A",1,4,"Alderac Entertainment Group",2024
"Underwater Cities","42C",1,4,"Delicious Games",2018
"Underwater Cities","42C",1,4,"Delicious Games",2018
"Underwater Cities: New Discoveries","180",Delicious Games,100,"2019",Available
"Unearth","9D",2,4,"Brotherwise Games",2017
"Unfair","4B",2,5,"Good Games Publishing",2017
"Unfathomable","23B",3,6,"Fantasy Flight Games",2021
"Unforgiven: The Lincoln Assassination Trial","51F",2,2,"Green Feet Games",2021
"Unlock!: Epic Adventures","13C",1,6,"Space Cowboys",2019
"Unlock!: Escape Adventures","13C",2,6,"Space Cowboys",2017
"Unlock!: Escape Adventures – Squeek & Sausage","75",Space Cowboys,45,"2017",Available
"Unlock!: Exotic Adventures","13C",1,6,"Space Cowboys",2018
"Unlock!: Extraordinary Adventures","13C",1,6,"Space Cowboys",2024
"Unlock!: Game Adventures","13C",1,6,"Space Cowboys",2022
"Unlock!: Heroic Adventures","13C",1,6,"Space Cowboys",2018
"Unlock!: Mystery Adventures","13C",1,6,"Space Cowboys",2017
"Unlock!: Mythic Adventures","13C",1,6,"Space Cowboys",2020
"Unlock!: Secret Adventures","13C",1,6,"Space Cowboys",2017
"Unlock!: Timeless Adventures","13C",1,6,"Space Cowboys",2020
"Unlocking Insanity: Dice Vermiis Mysteriis","20B",2,5,"Petersen Games",2020
"Unmatched Adventures: Tales to Amaze","35B",1,4,"Restoration Games",2023
"Unmatched Adventures: Teenage Mutant Ninja Turtles","56D",1,4,"Restoration Games",2025
"Unmatched: Battle of Legends, Volume One","35B",2,4,"Mondo Games",2019
"Unmatched: Battle of Legends, Volume Three","35B",2,4,"Restoration Games",2025
"Unmatched: Battle of Legends, Volume Two","35B",2,4,"Mondo Games; Restoration Games",2022
"Unmatched: Brains and Brawn","35B",2,3,"Restoration Games",2023
"Unmatched: Cobble & Fog","35B",2,4,"Mondo Games",2020
"Unmatched: For King and Country","35B",2,3,"Restoration Games",2023
"Unmatched: Hell's Kitchen","35B",2,3,"Mondo Games; Restoration Games",2022
"Unmatched: Houdini vs. The Genie","35B",2,2,"Restoration Games",2022
"Unmatched: Jurassic Park – InGen vs Raptors","35B",2,2,"Mondo Games; Restoration Games",2020
"Unmatched: Little Red Riding Hood vs. Beowulf","35B",2,2,"Mondo Games; Restoration Games",2020
"Unmatched: Muhammad Ali vs Bruce Lee","56B",2,2,"Restoration Games",2025
"Unmatched: Redemption Row","35B",2,3,"Mondo Games; Restoration Games",2022
"Unmatched: Robin Hood vs. Bigfoot","35B",2,2,"Mondo Games",2019
"Unmatched: Sun's Origin","35B",2,2,"Restoration Games",2024
"Unmatched: Teen Spirit","35B",2,3,"Restoration Games",2023
"Unmatched: The Witcher Steel & Silver","35B",2,3,"Restoration Games",2025
"Unsettled","22E",2,4,"Orange Nebula, LLC",2023
"Unstable Unicorns","53O",2,8,"Breaking Games",2017
"Unstoppable","56D",1,2,"Renegade Game Studios",2025
"Untamed: Feral Factions","51E",2,3,"Grumpy Owl Games",2019
"Up or Down?","52G",2,6,"ABACUSSPIELE; Capstone Games",2025
"Up or Down?","PLAY TO WIN",2,6,"Capstone Games",2024
"Up or Down?","52G",2,6,"ABACUSSPIELE; Capstone Games",2025
"Upon a Fable","39A",1,6,"Dyskami Publishing Company",2013
"Upon a Salty Ocean","33A",2,4,"Giochix.it",2011
"Ur","30C",3,4,"Rio Grande Games",2006
"Urban Sketchers","56C",2,4,"DMZ Games",2025
"Urbanization","44E",2,4,"Queen Games",2012
"Urbion (Second Edition)","52M",1,2,"inPatience",2024
"Utopia","39E",2,5,"Matagot",2007
"V-Wars","19E",3,5,"IDW Games",2015
"Vaalbara","52L",2,5,"Studio H",2023
"Vadoran Gardens","53S",1,4,"The City of Games",2019
"Vagrantsong","23C",2,4,"Wyrd Games",2022
"Valdora","40D",3,5,"ABACUSSPIELE",2009
"Valencia","56E",2,5,"Queen Games",2025
"Valeria: Card Kingdoms","2A",1,5,"Daily Magic Games",2016
"Valeria: Card Kingdoms - Expansion Pack #04: Peasants & Knights","45",Daily Magic Games,30,"2018",Available
"Valeria: Card Kingdoms - Shadowvale","45",Daily Magic Games,30,"2019",Available
"Valkyries","20A",2,4,"Tranjis Games",2024
"Valley of the Kings: Premium Edition","7E",1,6,"Alderac Entertainment Group",2019
"Valley of the Pharaohs","46C",3,6,"Front Porch Classics",2006
"Valparaíso","10C",2,5,"dlp games",2018
"Vampire: The Masquerade – Blood Feud","38A",4,32,"Everything Epic Games",2021
"Vampire: The Masquerade – Rivals Expandable Card Game","18B",2,4,"Renegade Game Studios",2021
"Vantage","53G",2,4,"International Games",1985
"Vantage","22E",1,6,"Stonemaier Games",2025
"Vantage","22E",1,6,"Stonemaier Games",2025
"Vanuatu (Second Edition)","33A",2,5,"Quined Games",2016
"Vasco da Gama","7B",2,4,"Rio Grande Games",2009
"Vast: The Crystal Caverns","23C",1,5,"Leder Games",2017
"Vast: The Mysterious Manor","23C",1,5,"Leder Games",2019
"Vegas Showdown","24A",3,5,"Avalon Hill",2005
"Vegas Showdown","24A",3,5,"Avalon Hill",2005
"Vegas Strip","59B",2,6,"Allplay",2025
"Vegetable Stock","60B",2,6,"Good Game Studio",2022
"Vegetable Stock","52K",2,6,"Good Game Studio",2022
"Veggies","54Q",2,4,"Devir",2019
"Veiled Fate","57C",2,8,"IV Studio",2022
"Velonimo","54C",2,5,"Studio Stratosphčres",2020
"Vengeance: Roll & Fight – Episode 1","PLAY TO WIN",1,4,"Mighty Boards",2022
"Vengeance: Roll & Fight – Episode 1","PLAY TO WIN",1,4,"Mighty Boards",2022
"Venn","31B",2,99,"The Op Games",2022
"Ventura","33B",2,4,"Stratelibri",2011
"Venture Forth","39C",2,4,"Minion Games",2012
"Verdant","11B",1,5,"Flatout Games",2022
"Verdant Arizona","PLAY TO WIN",1,2,"Galen's Games",2025
"Verdant Arizona","PLAY TO WIN",1,2,"Galen's Games",2025
"Versailles","33A",2,5,"NSKN Games",2014
"Very Bad Lands: Brachio","52D",3,6,"Randolph",2024
"Very Bad Lands: T-Rex","52D",3,6,"Randolph",2024
"Via Nebula","1B",2,4,"Space Cowboys",2016
"Viceroy","6E",1,4,"Hobby World",2014
"Vicious Gardens","11E",1,6,"Pops & Bejou Games",2025
"Victorian Masterminds","9E",2,4,"CMON Global Limited",2019
"Video Game Champion","18B",2,5,"Arcane Wonders",2024
"Video Game Champion","60D",2,5,"Arcane Wonders",2024
"Vienna Connection","40A",1,5,"Portal Games",2021
"Vikings","17E",2,4,"Hans im Glück",2007
"Vikings Gone Wild","17D",2,4,"Corax Games",2017
"Vikings: Raid & Conquer","17D",2,5,"High Roller Games",2016
"Village","8A",2,4,"eggertspiele",2011
"Village Green","53U",1,5,"Osprey Games",2020
"Village Rails","54Q",2,4,"Osprey Games",2022
"Village: Customer Expansion","90",eggertspiele,90,"2012",Available
"Village: Customer Expansion 2","75",eggertspiele,75,"2014",Available
"Village: Inn","120",eggertspiele,60,"2013",Available
"Village: Port","90",eggertspiele,90,"2014",Available
"Villagers","4A",1,5,"Sinister Fish Games",2019
"Villages of Valeria","54S",1,5,"Daily Magic Games",2017
"Vinci","16D",3,6,"Descartes Editeur",1999
"Vindication","4E",2,5,"Orange Nebula LLC",2018
"Vinhos: Deluxe Edition","9C",1,4,"Eagle-Gryphon Games",2016
"Viral","12C",2,5,"Arcane Wonders; MESAboardgames",2017
"Viral: The Hive","12C",2,5,"Arcane Wonders",2021
"Virgin Queen","48A",2,6,"GMT Games",2012
"Virtù","8A",2,5,"Super Meeple",2022
"Virulence: An Infectious Card Game","45C",2,5,"Genius Games",2016
"Viscounts of the West Kingdom","9A",1,4,"Garphill Games",2020
"VITA MORS","45B",3,6,"Play With Us Design (玩聚設計)",2024
"Viticulture","42B",2,6,"Stonemaier Games",2014
"Viticulture Essential Edition","90",Stonemaier Games,45,"2015",Available
"Viticulture: Moor Visitors Expansion","Base Box",1,6,"Stonemaier Games",2016
"Viticulture: Tuscany","42B",1,6,"Stonemaier Games",2014
"Viticulture: Visit from the Rhine Valley","Base Box",1,6,"Stonemaier Games",2018
"Viva Catrina","57A",2,6,"The Flying Games",2025
"Vivaldi","54G",5,5,"XVgames",2019
"Vivarium","46E",2,5,"Tanemaki Designs",2017
"Vivarium","11A",2,4,"Studio H",2023
"Vivid Memories","24B",2,4,"Floodgate Games",2022
"VIVO","59A",3,4,"Allplay",2025
"VIVO","n/a",3,4,"Allplay",2025
"Voidfall","43C",1,4,"Mindclash Games",2023
"Volltreffer","54E",3,5,"Berliner Spielkarten",1999
"Volto","35A",2,2,"Blue Orange (EU)",2022
"Völuspá","44A",2,5,"Stronghold Games",2012
"Votes for Women","5A",1,4,"Fort Circle Games",2022
"Vox Populi","39E",3,6,"Clash of Arms Games; Tilsit",2000
"Wabash Cannonball","14C",2,6,"Queen Games",2007
"Wacky Wacky West","24D",2,4,"Mayfair Games",2010
"Waddle","59B",2,5,"Allplay",2025
"Waka Tanka","54F",3,6,"Cool Mini Or Not; Sweet Games",2016
"Walk the Plank: Deluxe Edition","52Q",3,5,"Mayday Games",2017
"Walkie Talkie","54Q",2,8,"Devir",2022
"Walking in Osaka","57C",1,4,"EmperorS4",2025
"Wallenstein Big Box","8D",3,5,"Queen Games",2016
"Walnut Grove","24D",1,4,"Lookout Games",2011
"Wandering Galaxy: A Crossroads Game","56D",1,6,"Plaid Hat Games",2025
"Wandering Towers","56B",1,6,"ABACUSSPIELE; Capstone Games",2023
"Wangle","31C",n/a,n/a,"n/a",n/a
"Wanted Wombat","n/a",2,5,"Mob Plus",2025
"War & Sheep","45A",2,2,"Descartes Editeur",2002
"War Chest","35E",2,4,"Alderac Entertainment Group",2018
"War of 1812","48C",2,2,"Columbia Games",1985
"War of Civilizations","16A",3,6,"BluEncore",2024
"War of Kings","39A",2,6,"RAINN Studios",2014
"War of the Ring","32B",2,3,"SPI (Simulations Publications, Inc.)",1977
"War of the Ring: Second Edition","41A",2,4,"Ares Games; Sophisticated Games",2016
"War of the Ring: Second Edition","32B",2,4,"Ares Games; Sophisticated Games",2016
"War of the Ring: The Card Game","32B",2,4,"Ares Games",2022
"War Story: Occupied France","21A",1,6,"Osprey Games",2024
"Warhammer 40,000: Heroes of Black Reach","35D",2,2,"Devil Pig Games",2018
"Warhammer Quest: The Adventure Card Game","19A",1,4,"Fantasy Flight Games",2015
"Warhammer Underworlds: Shadespire","44D",2,2,"Games Workshop Ltd.",2017
"Warhammer: Diskwars","40B",2,4,"Fantasy Flight Games",2013
"Warhammer: Invasion","19A",2,2,"Fantasy Flight Games",2009
"Warp & Weft","51C",2,5,"Fractal Juegos",2024
"Warp's Edge","26A",1,1,"Renegade Game Studios",2020
"Warp's Edge: Viren Invasion","45",Gen-X Games,30,"2020",Available
"Warrior Knights","46E",2,6,"Fantasy Flight Games",2006
"Warrior Knights: Crown and Glory","240",Fantasy Flight Games,120,"2007",4938 results
"Wars of the Roses: Lancaster vs. York","45D",n/a,n/a,"Z-Man Games",n/a
"Warsaw: City of Ruins","44A",2,4,"Granna",2016
"Wartime: The Battle of Valyance Vale","49D",2,2,"WizKids (I)",2017
"Washington's War","48A",2,2,"GMT Games",2010
"Waste Knights: Second Edition","57B",1,4,"Galakta",2021
"Wasteland Express Delivery Service","19E",2,5,"asmodee",2017
"Watch","29D",1,4,"PD-Verlag",2021
"Waterfall Park","4B",3,5,"Repos Production",2023
"Watergate","36B",2,2,"Frosted Games",2019
"Waterloo","1C",2,2,"Treefrog Games",2009
"Waterloo: Napoleon's Last Battle","30D",2,3,"Mayfair Games",2002
"Watson & Holmes","13B",2,7,"Ludonova",2015
"Wavelength","31A",2,12,"Palm Court",2019
"Wavelength","50B",2,12,"Palm Court",2019
"Way of the Panda","34C",2,4,"CMON Global Limited; Pendragon Game Studio",2018
"Way Out West","24D",3,5,"Warfrog Games",2000
"Wayfarers of the South Tigris","9A",1,4,"Garphill Games",2022
"Wayfarers of the South Tigris","9A",1,4,"Garphill Games",2022
"We Care: A Grizzled Game","53F",2,5,"BoardM Factory",2021
"We Will Wok You","53O",2,4,"Pegasus Spiele",2012
"We're Doomed!","31C",4,10,"Breaking Games",2019
"We're Sinking!","10B",3,6,"Ludamus Games",2024
"Wealth of Nations","40E",3,6,"TableStar Games",2008
"Weather Machine","9C",2,4,"Eagle-Gryphon Games",2022
"Welcome Back to the Dungeon","53O",2,4,"IELLO",2016
"Welcome to Centerville","49D",2,4,"GMT Games",2017
"Welcome to Everdell","3E",1,4,"Starling Games (II)",2022
"Welcome to the Dungeon","53O",2,4,"IELLO; Oink Games",2016
"Welcome to the Moon","20A",1,6,"Blue Cocker Games",2021
"Welcome To...","51A",1,100,"Deep Water Games",2020
"Wendake","10C",1,4,"Placentia Games; Renegade Game Studios",2018
"Werewords","54L",4,10,"Bézier Games",2017
"Werewords Deluxe Edition","54L",2,20,"Bézier Games",2018
"West of Africa","33C",2,5,"ADC Blackfire Entertainment GmbH",2016
"West of Africa Extra","120",ADC Blackfire Entertainment GmbH,60,"2016",Available
"Western Legends","24C",2,6,"Kolossal Games",2018
"Western Legends: Fistful of Extras","90",Board Game Box,60,"2018",Available
"Western Legends: Man in Black Promo Card","90",Kolossal Games,60,"2019",Available
"Western Legends: The Good, the Bad, and the Handsome","90",Board Game Box,60,"2018",Available
"Western Town","24C",2,4,"Whyme",2005
"What Next?","30A",1,4,"Big Potato Games",2021
"What's The Best Thing?","n/a",2,10,"Big Potato Games",2025
"When I Dream","31D",4,10,"Repos Production",2017
"Where is That: Europe","55C",2,4,"Fractal Games",2025
"Whispering Woods","51D",1,4,"Fractal Juegos",2024
"Whistle Mountain","14C",2,4,"Bézier Games",2020
"Whistle Stop","14C",2,5,"Bézier Games",2017
"Whitehall Mystery","23A",2,4,"asmodee; Giochi Uniti; Sir Chester Cobblepot",2020
"Who Killed Mia?","13D",1,99,"What Do You Meme?",2023
"Wicked & Wise","51A",2,6,"Weird Giraffe Games",2022
"Wicked Witches Way","51E",2,6,"asmodee",2006
"Widget's Workshop","n/a",2,5,"Phase Shift Games",2025
"Wild Blue Yonder","48B",1,8,"GMT Games",2017
"Wild Flowers","11C",1,4,"Moose Games",2024
"Wild Space","40B",1,5,"Catch Up Games",2020
"Wild Tiled West","24D",1,5,"Dire Wolf",2023
"Wild Tiled West","24D",1,5,"Dire Wolf",2023
"Wild: Serengeti","11E",1,4,"Bad Comet",2022
"Wildcatters","40E",2,4,"RASS Games",2013
"Wilderness War","49A",1,2,"GMT Games",2010
"Wildlands","1B",2,4,"Osprey Games",2018
"Wildlands: The Unquiet Dead","60",Osprey Games,30,"2018",Available
"WildLife","6C",2,6,"Clementoni",2002
"Wildlife Safari","11E",2,5,"Eagle-Gryphon Games",2010
"Wildstyle","9B",2,5,"Pandasaurus Games",2022
"Windmill Valley","11E",1,4,"Board&Dice",2024
"Wine Cellar","10D",1,8,"25th Century Games",2025
"Wing Leader: Supremacy 1943-1945","48C",2,2,"GMT Games",2017
"Wingspan","42A",1,5,"Stonemaier Games",2019
"Wingspan","42A",1,5,"Stonemaier Games",2019
"Winner's Circle","17C",2,6,"alea",2001
"Winter","53C",2,2,"Devir",2022
"Winter Court","36B",2,2,"Rio Grande Games",2024
"Winter Kingdom","16C",2,4,"Queen Games",2020
"Wir sind das Volk!","35A",n/a,n/a,"n/a",n/a
"Wiraqocha","44C",2,4,"Arclight Games",2011
"Wiraqocha: Scrolls of Quezacoatl","0",Sit Down!,0,"2013",Available
"Wiraqocha: The Way of the Feathered Serpent","0",Sit Down!,0,"2012",Available
"Wisdom of Solomon","29B",1,5,"Funhill Games",2018
"Wishland","4B",1,4,"Lost Games Entertainment Ltd.",2021
"Wispwood","56C",1,4,"Czech Games Edition",2025
"Witch's Brew","6D",3,5,"alea",2008
"Witchcraft!","6D",1,1,"Salt & Pepper Games",2023
"Witchdom","6E",1,5,"Albi",2024
"Witchstone","6D",2,4,"HUCH!",2021
"With a Smile & a Gun","36D",1,2,"Subsurface Games",2021
"Wits & Wagers","31B",3,7,"North Star Games, LLC",2013
"Wiz-War (Eighth Edition)","6E",2,4,"Fantasy Flight Games",2012
"Wizard","54B",3,6,"U.S. Games Systems, Inc.",1984
"Wizard Kings","48C",2,7,"Columbia Games",2000
"Wizard Kings: Wildryn (Barbarian) Army","Base Box",2,7,"Columbia Games",2000
"Wonder Woods","11B",2,5,"Blue Orange (EU)",2022
"Wonderland's War","6E",2,5,"Druid City Games; Skybound Tabletop",2022
"Wondrous Creatures","11B",1,4,"Bad Comet",2024
"Wondrous Creatures","11B",1,4,"Bad Comet",2024
"Woodcraft","2A",1,4,"Delicious Games",2022
"Wooly Bully","52E",2,4,"asmodee",2003
"Word Jam","53C",5,12,"Mayfair Games",2004
"Word Slam Family","53J",3,99,"KOSMOS",2018
"Wordsy","59B",1,6,"Allplay",2025
"World at War: Blood and Bridges","47B",2,2,"Lock 'n Load Publishing, LLC.",2008
"World at War: Eisenbach Gap","47B",2,2,"Lock 'n Load Publishing, LLC.",2013
"World at War: Gamer's Guide","Base Box",2,2,"Lock 'n Load Publishing, LLC.",2008
"World Auto Racing","52S",2,5,"(Self-Published)",2022
"World Monuments","44E",2,4,"Queen Games",2016
"World of Warcraft: Wrath of the Lich King","22C",1,5,"Z-Man Games",2021
"World of Yo-Ho","10B",2,4,"IELLO",2016
"World Wonders","60D",1,5,"Arcane Wonders; MeepleBR; MUNDUS",2023
"World Wonders","2C",1,5,"Arcane Wonders; MeepleBR; MUNDUS",2023
"World Wonders: Mundo Wonders Pack","60D",1,5,"Arcane Wonders",2024
"World's Fair 1893","4B",2,4,"Renegade Game Studios",2016
"Wormholes","15A",1,5,"Alderac Entertainment Group",2022
"Wrath of Dragons","39C",2,6,"Catalyst Game Labs",2015
"Wrath of Fire Mountain","51C",2,4,"Gamewright",2024
"Wroth","n/a",1,4,"Chip Theory Games",2025
"Wyrmspan","12A",1,5,"Stonemaier Games",2024
"Wyrmspan","12A",1,5,"Stonemaier Games",2024
"X-Men: Mutant Insurrection","18A",1,6,"Fantasy Flight Games",2021
"X-ODUS: Rise of the Corruption","40D",1,4,"Bored Game Ink",2020
"XCOM: The Board Game","21D",1,4,"Fantasy Flight Games",2015
"Xenology","57B",1,4,"Play to Z",2025
"Xi'an","7B",2,4,"Matagot",2017
"Xia: Legends of a Drift System","25C",3,5,"Far Off Games",2014
"XIG 4E: Air Pathway","30B",2,4,"GT˛ Fun & Games",2005
"Xylotar","PLAY TO WIN",2,5,"Bezier Games",2024
"Xylotar","PLAY TO WIN",2,5,"Bezier Games",2024
"Yahtzee","28A",2,10,"E. S. Lowe Company Inc.",1956
"Yamatai","1E",2,4,"Days of Wonder",2017
"Yardmaster Express","53B",2,5,"Crash Games",2014
"Yedo: Deluxe Master Set","8E",1,5,"Board&Dice",2020
"Yellow & Yangtze","16C",2,4,"Grail Games",2018
"Yeti in my Spaghetti","28B",2,99,"Patch Products",2015
"Yggdrasil","17D",1,6,"Ludonaute",2011
"Yggdrasil Chronicles","17D",1,5,"Ludonaute",2019
"Ying Yang","53G",2,2,"T. K. Wildthing Inc.",1975
"YINSH","15D",2,2,"Don & Co.",2003
"Yinzi","29A",2,4,"Spielworxx",2019
"Yōkai","54I",2,4,"Bankiiiz Editions",2019
"Yōkaï no Mori","35C",2,2,"Ferti",2013
"Yokai Septet","54C",3,4,"Ninja Star Games",2022
"Yokai Septet","PLAY TO WIN",2,4,"Ninja Star Games",2018
"Yokai Septet","PLAY TO WIN",2,4,"Ninja Star Games",2018
"Yokai Sketch","54I",2,2,"Devir",2023
"Yokohama","20D",2,4,"OKAZU Brand",2016
"Yokohama Duel","36E",2,2,"Arclight Games; OKAZU Brand",2020
"Yokohama: Achievements & Free Agents Promo","0",Tasty Minstrel Games,0,"2017",Available
"Yomi","35C",2,2,"Sirlin Games",2011
"You've Been Sentenced! Add-On Deck: Gourmet Cuisine","53A",3,10,"McNeill Designs",2008
"You've Been Sentenced! Add-On Deck: Pop Culture","53A",3,10,"McNeill Designs",2008
"You've Been Sentenced! Add-On Deck: Sci-Fi/Fantasy","53A",3,10,"McNeill Designs",2008
"You've Been Sentenced! Add-On Deck: Sports Highlights","53A",3,10,"McNeill Designs",2008
"Your Best Life","34C",1,8,"GravitiX Games; WizKids (I)",2023
"YRO","24B",1,5,"Play to Z",2024
"Ys","33B",2,4,"Ystari Games",2004
"Yspahan","7C",2,4,"Ystari Games",2006
"Yspahan: The Souks","0",HUCH!,0,"2009",Available
"Yummy Yummy Monster Tummy","52L",2,4,"Lucky Duck Games",2021
"Yunnan","29B",2,5,"Argentum Verlag",2013
"Zen Garden","29A",2,4,"Queen Games",2020
"Zendo","15C",2,6,"Looney Labs",2001
"Zenith","56A",2,4,"PlayPunk",2025
"ZERTZ","15D",2,2,"HUCH!",2017
"ZhanGuo","8E",2,4,"What's Your Game?",2014
"ZhanGuo: Brettspiel Adventskalender 2015 Promo","120",asmodee,60,"2015",Available
"Zombicide","21C",1,6,"CMON Global Limited",2012
"Zombicide Season 2: Prison Outbreak","21C",1,6,"Cool Mini Or Not; Guillotine Games",2013
"Zombicide: 2nd Edition","21C",1,6,"CMON Global Limited",2021
"Zombicide: Black Plague","21C",1,6,"Cool Mini Or Not; Guillotine Games",2015
"Zombicide: Green Horde","21C",1,6,"CMON Global Limited",2018
"Zombicide: Invader","21C",1,6,"CMON Global Limited; Guillotine Games",2019
"Zombie Kidz Evolution","55A",2,4,"Scorpion Masqué",2019
"Zombie Kittens","52O",2,5,"Exploding Kittens",2022
"Zombie State: Diplomacy of the Dead","32C",2,5,"Zombie State Games",2010
"Zombies!!!","51A",2,6,"Journeyman Press",2001
"Zoned Out","1E",2,4,"Grey Fox Games",2020
"Zong Shi","40C",3,5,"Eagle-Gryphon Games",2012
"Zoo Tycoon: The Board Game","11D",1,4,"Treecer (Treeceratops)",2023
"Zoo Vadis","24E",3,7,"Bitewing Games",2023
"Zoo-ography","11A",1,4,"Doomsday Robots",2021
"Zoology","57A",2,6,"ICE Makes",2025
"Zooloretto","11E",2,5,"ABACUSSPIELE",2007
"Zooloretto Junior","11E",2,5,"ABACUSSPIELE",2010
"Zooloretto: The Dice Game","52P",2,4,"ABACUSSPIELE",2012
"Zoomies","PLAY TO WIN",2,4,"Fireside Games",2024
"Zoomies","PLAY TO WIN",2,4,"Fireside Games",2024
"卡卡城","n/a",2,5,"Z-Man Games",2014
