"Game Name","Shelf Location"
"10 Days in Africa","12E"
"10 Days in Asia","12E"
"10 Days in Europe","12E"
"10 Days in the Americas","12E"
"10 days in the National Parks","12E"
"10 Days in the USA","12E"
"12 Chip Trick","54D"
"12 Thieves","32D"
"13 Clues","13A"
"13 Dead End Drive","28E"
"13 Words","31B"
"14 Frantic Minutes","51D"
"14 Frantic Minutes","48D"
"1775: Rebellion","48D"
"18 India","49A"
"1812: The Invasion of Canada","48D"
"1830: Railways & Robber Barons","14A"
"1835","45D"
"1846: The Race for the Midwest","49A"
"1848: Australia","49A"
"1862: Railway Mania in the Eastern Counties","49A"
"18CZ","45D"
"18Lilliput","40D"
"1941: Race to Moscow","47C"
"1944: Race to the Rhine","49D"
"1960: The Making of the President","45E"
"1960: The Making of the President","49A"
"1980 Sixtina","52M"
"1989: Dawn of Freedom","49A"
"1st & Goal","39B"
"2 de Mayo","36E"
"20 Strong","53C"
"20th Century","45E"
"3 Ring Circus","4B"
"3-2-1 Countdown","52N"
"3000 Scoundrels","24D"
"5 Towers","45B"
"5-Minute Dungeon","22A"
"5-Minute Mystery","13B"
"51st State: Master Set","1E"
"6 Castelos","29E"
"7 Ages","17A"
"7 Days of Westerplatte","40E"
"7 Empires","8C"
"7 Wonders","2C"
"7 Wonders","2C"
"7 Wonders","2C"
"7 Wonders","50A"
"7 Wonders Dice","2C"
"7 Wonders Dice","50A"
"7 Wonders Duel","41C"
"7 Wonders Duel","41C"
"7 Wonders: Architects","2C"
"7 Wonders: Architects","2C"
"7 Wonders: Architects","50A"
"878 Vikings: Invasions of England","48D"
"878 Vikings: Invasions of England","48D"
"878 Vikings: Invasions of England","31E"
"9 Lives","54F"
"A Brief History of the World","30C"
"A Castle for All Seasons","30C"
"A Distant Plain","49B"
"A Fake Artist Goes to New York","54U"
"A Feast for Odin","41D"
"A Feast for Odin","41D"
"A Fistful of Meeples","24C"
"A Fistful of Meeples","19C"
"A Fistful of Meeples","44A"
"A Gentle Rain","54J"
"A Gest of Robin Hood","35E"
"A Handful of Stars","1C"
"A House Divided: The American Civil War, 1861-1865","36E"
"A Message From The Stars","31A"
"A Midsummer Night's Fayre","5A"
"A Sargasso Sea of Space","52O"
"A Sargasso Sea of Space","1C"
"A Universal Truth","32D"
"A War of Whispers","3D"
"Abaddon","33E"
"Abandon All Artichokes","54I"
"Abomination: The Heir of Frankenstein","9E"
"Above and Below","4C"
"Above and Below: Haunted","4C"
"Abracadabra","53G"
"Abyss","5D"
"Acquire","20D"
"Acquire","20D"
"Adrenaline","3A"
"Adulthood","9B"
"Advanced Persistent Threat","19E"
"Advanced Squad Leader: Starter Kit #1","49C"
"Advanced Squad Leader: Starter Kit #2","49C"
"Adventure Games: The Volcanic Island","52N"
"Adventure Land","6B"
"Adventure of D","54I"
"Adventure Tactics: Domianne's Tower","21E"
"Aelderman","8A"
"Aeon Trespass: Odyssey","38B"
"Aeon's End","43D"
"Aeon's End: Legacy","22C"
"Aeon's End: War Eternal","22C"
"Aeroplanes: Aviation Ascendant","1C"
"Æterna","1B"
"Africa","28E"
"Africa 1880","40E"
"Africana","7E"
"After the Empire","5D"
"After the Flood","1C"
"After Us","19E"
"Aftermath","39D"
"Afternova","52A"
"Aftershock: San Francisco & Venice","34D"
"Agamemnon","45D"
"Age of Angra","36E"
"Age of Automaton","5E"
"Age of Comics: The Golden Years","18A"
"Age of Discovery","30B"
"Age of Galaxy","53T"
"Age of Industry","1B"
"Age of Innovation","42C"
"Age of Mythology: The Boardgame","18B"
"Age of Napoleon","45E"
"Age of Steam","14A"
"Age of War","52A"
"Agility","35A"
"Agra","7A"
"Agricola","42D"
"Agricola","42D"
"Agricola: All Creatures Big and Small","36A"
"Águeda: City of Umbrellas","28D"
"Ahau: Rulers of Yucatán","45D"
"Ahoy! Kitten","53P"
"AI Space Puzzle","26A"
"AI: 100% Human","1A"
"Air Mail","14D"
"Airborne Commander","52A"
"Airborne In Your Pocket","39C"
"Airlines Europe","14D"
"Airlines Europe","14D"
"Airships","14D"
"Àiyé","26B"
"Akropolis","7E"
"Akrotiri","45A"
"Al Rashid","32C"
"Aladdin's Dragons","26E"
"Alba Longa","32E"
"Alcatraz","30D"
"Alchemist","6D"
"Alchemists","13D"
"Aldarra","47D"
"Aldebaran Duel","35E"
"Alea Iacta Est","34B"
"Alexander the Great","30D"
"Alexandros","40B"
"Algae, Inc.","12C"
"Algae, Inc.","7A"
"Alhambra: Roll & Write","51A"
"Alhambra: The Card Game","7B"
"Alhambra: The Dice Game","7B"
"Alhambra: The Red Palace","32D"
"Alibi","51D"
"Alice","51D"
"Alien Artifacts","46E"
"Alien Frontiers","26B"
"ALIEN: Fate of the Nostromo","19B"
"All Bridges Burning: Red Revolt and White Guard in Finland, 1917-1918","49B"
"Alma Mater","9B"
"Alpenglow","44D"
"Alpujarras","46D"
"Altar Quest","46E"
"Altay: Dawn of Civilization","16A"
"Altay: Dawn of Civilization","16A"
"Altiplano","2B"
"Alubari: A Nice Cup of Tea","7B"
"Amalfi: Renaissance","8B"
"Amasser Dragons","39D"
"Amazonas","34D"
"American Bookshop","54E"
"Amerigo","3B"
"Among Cultists: A Social Deduction Thriller","23B"
"Among the Stars","46D"
"Among the Stars: Revival","46D"
"Amritsar: The Golden Temple","7A"
"Amsterdam","3C"
"Amun-Re","7D"
"Amun-Re: The Card Game","7D"
"Amygdala","6C"
"Amyitis","30A"
"An Infamous Traffic","40A"
"Anachrony","42D"
"Anachrony","42D"
"Anansi","54D"
"Anasazi","30E"
"Ancestree","2B"
"Ancient Civilizations of the Inner Sea","48B"
"Ancient Knowledge","16D"
"Ancient Terrible Things","29D"
"Andean Abyss","49B"
"Android: Netrunner","43A"
"Andromeda's Edge","25B"
"Andromeda's Edge","25B"
"Animal Upon Animal","15D"
"Animalia: Preventing Extinction","54D"
"Ankh: Gods of Egypt","7D"
"Ankh'or","45C"
"Anno 1503","44C"
"Anno 1800: The Board Game","1C"
"Anno 1800: The Board Game","1C"
"Another Man's Treasure","52N"
"Antike","47C"
"Antike Duellum","36C"
"Antike II","47C"
"Antinomy","53A"
"Antiques Roadshow: The Game","51B"
"Antiquity","2E"
"Antiquity Quest","45B"
"Antwerpen","32E"
"Anunnaki: Dawn of the Gods","16D"
"Apiary","26A"
"Apocalypse Road","48A"
"Apollo: A Game Inspired by NASA Moon Missions","25D"
"Applejack","5B"
"Apples to Apples","28B"
"Aqua","52A"
"Aqua Romana","32E"
"Aquädukt","8C"
"Aqualin","36A"
"Aquaretto","12A"
"AquaSphere","3B"
"Arborea","11A"
"Arboretum","52C"
"Arcadia Quest","23E"
"Arcadia Quest: Inferno","46D"
"Arcana Rising","6E"
"Arcane Academy","6D"
"Archaeology: The Card Game","54S"
"ArcheOlogic","13D"
"Archipelago","44D"
"Architects of the West Kingdom","9A"
"Architekton","45C"
"Archon: Glory & Machination","32D"
"Arcs","25B"
"Arcs","25B"
"Are You the Traitor?","53C"
"Area 1851","30E"
"Arena Maximus","33E"
"Arena: For the Gods!","46E"
"Arena: Roma II","36A"
"Argent: The Consortium","5D"
"Ark Nova","41A"
"Ark Nova","41A"
"Ark Nova","41A"
"Ark Nova: Marine Worlds","41A"
"Arkadia","34D"
"Arkham Horror","21B"
"Arkham Horror","21B"
"Arkham Horror","50A"
"Arkham Horror: Lovecraft Letter","52M"
"Arkham Horror: Lovecraft Letter","52M"
"Arkham Horror: The Card Game","41D"
"Arkham Horror: The Card Game","21B"
"Arkham Ritual","54U"
"Arkwright","44C"
"Armada 3","10B"
"Armory","53A"
"Around the World in 80 Days","15A"
"Around the World in 80 Days","52N"
"Arraial","46C"
"Arrakis: Dawn of the Fremen","18D"
"Art Decko","44C"
"Artificium","32E"
"Artisans of Splendent Vale","22E"
"ArtSee","45C"
"Asante","35C"
"Asara","6C"
"Ascending Empires","47C"
"Ascension: Dawn of Champions","35C"
"Ascension: Dreamscape","35C"
"Ascension: Skulls & Sails","35C"
"Ashes Reborn: Rise of the Phoenixborn","44B"
"Asian Tigers: A Story of Prosperity","20C"
"Asian Tigers: A Story of Prosperity","20C"
"Assault on Doomrock","29A"
"Assembly","52A"
"Astro Knights","25A"
"Astro Knights: Eternity","22B"
"At the Gates of Loyang","5B"
"Atheneum: Mystic Library","6E"
"Atiwa","5C"
"Atlantic Star","14E"
"Atlantis Exodus","1E"
"Atlantis Rising","22A"
"Atlantis Rising","22A"
"Atoll","12B"
"Aton","36A"
"Attack on Titan: The Last Stand","19B"
"Attika","8B"
"Augsburg 1520","30B"
"Aura","15B"
"Aurum","54G"
"Australia","6C"
"Australis","12B"
"Autobahn","14D"
"Automania","9B"
"Automobile","1B"
"Automobiles","14E"
"AuZtralia","1D"
"Avant Carde","53K"
"Avatar: The Last Airbender – Fire Nation Rising","19A"
"Ave Caesar","8C"
"Ave Roma","47C"
"Awimbawé","53C"
"Awkward Guests: The Walton Case","31C"
"Axis & Allies: Guadalcanal","49E"
"Axis & Allies: 1942","49E"
"Axis & Allies: Battle of the Bulge","49E"
"Axis & Allies: D-Day","49E"
"Axis & Allies: Europe","49E"
"Axis & Allies: Pacific","49E"
"Azteca","32E"
"Azul","43C"
"Azul","43C"
"Azul","50A"
"Azul Duel","50A"
"Azul Duel","35A"
"Azul Duel","35A"
"Azul: Master Chocolatier","15C"
"Azul: Queen's Garden","15C"
"Azul: Stained Glass of Sintra","15C"
"Azul: Summer Pavilion","15C"
"Babel","36A"
"Babel","36A"
"Babylon","7D"
"Babylon","7D"
"Babylonia","7C"
"Back to the Future: Dice Through Time","19B"
"Backgammon","28C"
"Backstories: Alone Under the Ice","53U"
"Bacon","54F"
"Bad Company","3A"
"Bad Company","3A"
"Balada","32D"
"Balconia","35C"
"Balloon Cup","45A"
"Bamboo","4A"
"Bamboo Bash","31D"
"Band of Brothers: Screaming Eagles","49C"
"BANG! Dodge City","54N"
"BANG! The Dice Game","54N"
"BANG! The Dice Game: Old Saloon","54N"
"BANG! The Duel","54N"
"Bangkok Klongs","33A"
"Barcelona","20E"
"Bärenpark","11D"
"Bargain Hunter","28A"
"Bargain Quest","51B"
"Bargain Quest","51B"
"BaristaCat","53S"
"Barrage","42A"
"Barrage","42A"
"Basari","30B"
"Basari","39B"
"Basilica","36C"
"Basketball Highlights: Crunch Time","51A"
"Basketboss","39B"
"Batavia","8C"
"Batman: Everybody Lies","18A"
"Battalion: War of the Ancients","48E"
"Battalion: War of the Ancients","48E"
"Battle for Rokugan","47A"
"Battle Line","35E"
"Battle Line: Medieval","48C"
"Battle of Britain","49D"
"BattleCON: Devastation of Indines","4E"
"BattleCON: War of Indines","45C"
"Battleground Fantasy Warfare: Undead Army","48E"
"Battleship","28B"
"Battlestar Galactica: The Board Game","23B"
"Battue: Storm of the Horse Lords","32E"
"Bazaar","5C"
"Bazaars of Ubar","44E"
"Bean Trader","5B"
"Beast","23A"
"Bebop","2B"
"Beer & Bread","36A"
"Bees: The Secret Kingdom","51F"
"Beez","11C"
"Before the Wind","30E"
"Behext","46E"
"Behind the Throne","53Q"
"Belfort","47A"
"Belle of the Ball","52B"
"Belratti","52L"
"Beowulf: A Board Game","34B"
"Beowulf: The Legend","17E"
"Beowulf: The Movie Board Game","34B"
"Bequest","13A"
"Berried Treasure","5A"
"Berserk: War of the Realms","39A"
"Betrayal at House on the Hill","27B"
"Better Letters","51F"
"Between Two Castles of Mad King Ludwig","1A"
"Between Two Cities","16B"
"Beyond Humanity: Colonies","21C"
"Beyond the Horizon","16C"
"Beyond the Sun","25C"
"Biblios","52F"
"Big Top","54O"
"Bigfoot: Roll & Smash","28C"
"Biome","11C"
"Bios: Genesis","52C"
"Bios: Genesis","47A"
"Bios: Genesis","47A"
"BIOTIX","53S"
"Bison: Thunder on the Prairie","6C"
"Bites","51C"
"Bites: New Recipes","54Q"
"Bitoku","2D"
"Black Angel","25D"
"Black Fleet","10A"
"Black Forest","5B"
"Black Forest","5B"
"Black Gold","24C"
"Black Hat","34E"
"Black Orchestra","21B"
"Black Rose Wars: Rebirth","38E"
"Black Sheep","28B"
"Blackout: Hong Kong","6A"
"Blank Slate: Challenge","31B"
"Blazon","8C"
"Blazon","39B"
"Blitzkrieg!: World War Two in 20 Minutes","35D"
"Blockers!","32D"
"Blokus","38C"
"Blokus","36E"
"Blood Bowl: Team Manager – The Card Game","39B"
"Blood of the Northmen","46E"
"Blood on the Clocktower","42E"
"Blood on the Clocktower","42E"
"Blood Rage","42D"
"Bloodborne: The Board Game","18C"
"Bloodsuckers","33E"
"Blue Lagoon","24E"
"Blue Moon","36A"
"Blue Moon City","3D"
"Blue Moon Legends","36C"
"Blue Skies","40C"
"Blue vs. Gray","48B"
"Blueprints","51B"
"Blueprints of Mad King Ludwig","1A"
"BoardGameGeek: The Card Game","53A"
"Bobby Lee: The Civil War in Virginia 1861-1865","48C"
"Boblin's Rebellion","53T"
"Boggle","28E"
"Bohemian Villages","51A"
"Bohnanza","5B"
"Bohnaparte","54U"
"Bomb Busters","13A"
"Bomb Busters","13A"
"Bomb Busters","13A"
"Bombay","30C"
"Bone Wars","9B"
"Bonfire","3B"
"Bonnie and Clyde","45B"
"Bonsai","11B"
"Books of Time","5A"
"Boomerang","53K"
"Boomerang: Europe","53J"
"Boomerang: USA","52U"
"Boomtown","47A"
"Boomtown Bandits","24C"
"Boonlake","6A"
"Boonlake","6A"
"BOOoop.","36A"
"boop the Halls!","36A"
"boop.","36A"
"Bootleggers","19C"
"Bora Bora","3B"
"Boss Battle","23D"
"Boss Monster: Rise of the Minibosses","53L"
"Boss Monster: The Dungeon Building Card Game","53L"
"Bot Factory","5E"
"Botswana","51F"
"Bottlecap Vikings","53C"
"Brass: Birmingham","41A"
"Brass: Birmingham","41A"
"Brass: Lancashire","41C"
"Brass: Lancashire","41C"
"BraveRats","52A"
"Bravest Warriors Co-operative Dice Game","46A"
"Bravo!","52J"
"Brazil: Imperial","16C"
"Bremerhaven","47B"
"Brew","6D"
"Brew Crafters","10D"
"Brian Boru: High King of Ireland","17D"
"Brick Like This!","15E"
"Briefcase","40B"
"Brigands","26E"
"Bristol 1350","53H"
"Britannia","17A"
"Broadhorns: Early Trade on the Mississippi","32C"
"Broken and Beautiful: A Game About Kintsugi","52Q"
"Broom Service","6A"
"Broom Service: The Card Game","53R"
"Bruges","3B"
"Brutal Kingdom","53Q"
"Bruxelles 1893: Belle Époque","44A"
"Buccaneer","52G"
"Buffet Boss","31D"
"Buffy the Vampire Slayer: The Game","19A"
"Bug Off!","52K"
"Builders of Blankenburg","5C"
"Bukiet","52T"
"Bullet♥︎","35D"
"Bumúntú","30D"
"Bunny Kingdom","16E"
"Burano","7B"
"Burger Joint","36B"
"Burgle Bros.","52O"
"burncycle","37B"
"Burning Rome: Rome's Nightmare","52T"
"Buru","7B"
"Bus","2E"
"Butterfly Garden","11B"
"Byzantium","1C"
"Byzantium","31C"
"Byzantium","50A"
"Cabanga!","54I"
"Cabanga!","54I"
"Cabo","52R"
"Cabo","52R"
"Cacao","10E"
"Caesar & Cleopatra","36A"
"Caesar!: Seize Rome in 20 Minutes!","35D"
"Caesar's Empire","7E"
"Café Baras","51B"
"Cafe Expresso","54P"
"Café International","24B"
"Calico","27C"
"Calimala","8D"
"Call to Adventure","21E"
"Call to Adventure: Epic Origins","21E"
"Callisto: The Game","15B"
"Callisto: The Game","17B"
"Camelot","34A"
"Camlyn's Destiny","39C"
"Camp Pinetop","12E"
"Can't Stop","31E"
"Can't Stop Express","52O"
"Canal Mania","40D"
"Canalis","34C"
"Canalis","27A"
"Candy Land","28A"
"Candy Land","28A"
"Canopy","52R"
"Canopy: Evergreen","11A"
"Cantaloop: Book 1 – Breaking into Prison","39B"
"Canterbury","40E"
"Canvas","15E"
"Caper","52M"
"Caper: Europe","36A"
"Capo Dei Capi","19C"
"Captain Carcass","54U"
"Captain Flip","10B"
"Captain Sonar","21B"
"Captain Sonar","21B"
"Captains of Industry","45E"
"Caravans of Ahldarahd","45D"
"Caravanserai","7B"
"Caravelas","46C"
"Carcassonne","27A"
"Carcassonne","27A"
"Carcassonne","50A"
"Carcassonne","38C"
"Carcassonne: Amazonas","27A"
"Carcassonne: Gold Rush","27A"
"Carcassonne: Hunters and Gatherers","27A"
"Carcassonne: Over Hill and Dale","46B"
"Carcassonne: Safari","27A"
"Carcassonne: Star Wars","26C"
"Carcassonne: The Castle","27A"
"Carcassonne: The City","27B"
"Carcassonne: The Discovery","46B"
"Carcassonne: Wheel of Fortune","46B"
"Carcassonne: Wheel of Fortune","27A"
"Card Game: The Card Game","52P"
"Cargo Empire","15A"
"Cargo Noir","46D"
"Carnegie","20C"
"Carolus Magnus","40E"
"Carpe Diem","3B"
"Carson City","24D"
"Carson City: The Card Game","53U"
"Cartagena","44A"
"Carthago: Merchants & Guilds","32D"
"Cartographers","53E"
"Cartographers Heroes","53E"
"Cascadero","34E"
"Cascadia","42C"
"Cascadia","42C"
"casefile: Truth & Deception Game","13A"
"Cassiopeia","34A"
"Castell","15B"
"Castellans","2A"
"Castellers!","53J"
"Castellion","53R"
"Castle","51E"
"Castle Combo","52L"
"Castle Dice","4D"
"Castle Merchants","32E"
"Castle of Magic","30B"
"Castle Panic","22C"
"Castle Party","52D"
"Castle Risk","49E"
"Castles of Mad King Ludwig","1A"
"Castles of Mad King Ludwig","37C"
"Cat Blues: The Big Gig","54P"
"Cat Blues: The Big Gig","52B"
"Cat Lady","51B"
"Cat Says Moo","48B"
"Cat Says Moo","23C"
"CATAN","27A"
"CATAN","27A"
"Catan Card Game","36A"
"Catan Dice Game","46B"
"Catan Dice Game","46B"
"Catan Histories: Merchants of Europe","27A"
"Catan Histories: Rise of the Inkas","46B"
"Catan Histories: Settlers of America – Trails to Rails","46B"
"Catan Histories: Struggle for Rome","46B"
"Catan Histories: Struggle for Rome","50A"
"Catan: Ancient Egypt","27A"
"Catan: Cities & Knights","50A"
"CATAN: Dawn of Humankind","46B"
"Catan: Junior","50A"
"CATAN: Starfarers","27A"
"CATAN: Starfarers","46B"
"Catapult Castle","28D"
"Catch Sketch","31D"
"Cathedral","36D"
"Catherine: The Cities of the Tsarina","8C"
"Catstronauts","52O"
"Catz, Ratz & Batz","53G"
"Cave Troll","34A"
"Caverna: Cave vs Cave","35C"
"Caverna: The Cave Farmers","42C"
"Caverna: The Cave Farmers","42C"
"Caylus 1303","8B"
"Caylus Magna Carta","44A"
"Celestia","28C"
"Cellar des Triplettes","45C"
"Cellulose: A Plant Cell Biology Game","12C"
"Celtae","17D"
"Celtica","6C"
"Century: A New World","27B"
"Century: Eastern Wonders","27B"
"Century: Eastern Wonders","27B"
"Century: Eastern Wonders","27B"
"Century: Eastern Wonders","27B"
"Century: Spice Road","27B"
"Century: Spice Road","6E"
"Ceylon","7A"
"Chai","10D"
"Chai Garam","51A"
"Chai: Tea for 2","35D"
"CHAINS Disc Golf Board Game","39B"
"Challengers!","39B"
"Champions of Midgard","17D"
"Chandigarh","2B"
"Change of Heart","54E"
"Chants for the Old Ones","4E"
"Chaos Cove","10A"
"Chaos in the Old World","4E"
"Charcuterie: The Board Game","10D"
"Chariot Race","17B"
"Charioteer","48B"
"Charms","54E"
"Charon Inc.","25A"
"Cheating Moth","52A"
"Chef Alfredo","10D"
"Chess & Checkers & Chinese Checkers","27D"
"Chicago Poker","19C"
"Chimera Station","25E"
"China","29E"
"Chinatown","20E"
"Chit Chat","50A"
"Chocolate Factory","10E"
"Chocolatiers","10D"
"Chomp","54J"
"Christmas Tree","52K"
"Chroma Mix","54I"
"Chronicle","54D"
"Chronicles of Crime","13B"
"Chronicles of Crime: 1400","13B"
"Chronicles of Crime: 1900","13B"
"Chronicles of Crime: 2400","13B"
"Chronicles of Frost","52S"
"Chrono Corsairs","10C"
"Chu Han","35C"
"Chucky","19B"
"Churchill","48A"
"Chutes and Ladders","28A"
"Cinque Terre","8B"
"Circadians: Chaos Order","25B"
"Circadians: Chaos Order","26A"
"Circle the Wagons","52C"
"Circle the Wagons","4B"
"Citadels","47A"
"Citadels","31C"
"Citadels","50A"
"Cities","20D"
"Cities (2024)","20E"
"Citizens of the Spark","3E"
"City Hall","44A"
"City of Gears","9E"
"City of Iron","4C"
"City of Remnants","34A"
"City of Spies: Estoril 1942","40B"
"City of the Big Shoulders","14D"
"City of the Great Machine","23A"
"Civility","33C"
"Civilization: A New Dawn","16B"
"Civolution","3C"
"Civolution","3C"
"Clades Prehistoric","53P"
"Claim 2","54D"
"Clan War","36D"
"Clank! In! Space!: A Deck-Building Adventure","43C"
"Clank!: A Deck-Building Adventure","43C"
"Clank!: A Deck-Building Adventure","43C"
"Clank!: Catacombs","42C"
"Clans of Caledonia","43A"
"Clans of Caledonia: Industria","16A"
"Clash of the Gladiators","40C"
"Clash of Wills: Shiloh 1862","36C"
"Classic Art","30B"
"Claustrophobia","36D"
"Claustrophobia: De Profundis","36D"
"Claustrophobia: Furor Sanguinis","36D"
"Claw Machine","53P"
"Claw Machine","37C"
"Cleopatra's Caboose","30C"
"Clever 4Ever","54M"
"Clever 4Ever","9B"
"Clippers","14E"
"Clockwork Kingdom","34B"
"Cloudspire","16E"
"Clue","28B"
"Clue: The Card Game","52J"
"Clue: The Card Game","9C"
"Coal Baron","6B"
"Coal Baron: The Great Card Game","6B"
"Cóatl","10C"
"Cockroach Poker","52A"
"Coconuts","28D"
"Codenames","38C"
"Codenames: Duet","35A"
"Codenames: Pictures","51B"
"Coffee Rush","10D"
"Coffee Traders","10D"
"Cogs and Commissars","51C"
"Coimbra","8A"
"CoLab","37D"
"Cold War: CIA vs KGB","52B"
"Coloma","24C"
"Colonia","8A"
"Colonia","49B"
"Colonial: Europe's Empires Overseas","33C"
"Color Field","39A"
"Coloretto","54S"
"Colors of Paris","9B"
"Colossal Arena","33A"
"Colossal Cave: The Board Game","51E"
"Colosseum","6B"
"Colourbrain","54K"
"Colt Express","24D"
"Combat Commander: Europe","35E"
"Combat Commander: Pacific","35E"
"Comet","12A"
"Comic Hunters","18A"
"Comic Hunters","18A"
"Commands & Colors Tricorne: The American Revolution","49D"
"Commands & Colors: Ancients","48C"
"Commands & Colors: Ancients","48C"
"Commands & Colors: Ancients","48C"
"Commands & Colors: Ancients","48C"
"Commands & Colors: Ancients","48C"
"Commands & Colors: Ancients","48C"
"Commands & Colors: Ancients","48C"
"Commands & Colors: Medieval","48C"
"Commands & Colors: Napoleonics","45E"
"Commands & Colors: Samurai Battles","48C"
"Commissioned","29B"
"Common Ground","28D"
"Compile: Main 1","52G"
"Compile: Main 2","52G"
"Composition","52H"
"Compounded","51E"
"Conan","17E"
"Concept","50A"
"Concept","31C"
"Concept Kids: Animals","31C"
"Concilium Urbis","5A"
"Concilium Urbis","5A"
"Concordia","41D"
"Concordia","41D"
"Concordia Venus","8B"
"Condottiere","2E"
"Condottiere","48D"
"Conflict of Heroes: Guadalcanal – The Pacific 1942","48D"
"Conflict of Heroes: Price of Honour – Poland 1939","48D"
"Conflict of Heroes: Price of Honour – Poland 1939","48D"
"Confusing Lands","52K"
"Confusion: Espionage and Deception in the Cold War","36D"
"Connect 4","28A"
"Conquest of Pangea","32C"
"Conquest of Paradise","48B"
"Conquest of the Empire","48E"
"Conquest Princess: Fashion Is Power","22D"
"Constantinopolis","34D"
"Constantinopolis","14E"
"Convert","15C"
"Cooper Island","10A"
"Copenhagen","15E"
"Copenhagen: Roll & Write","20A"
"Copper Country","29A"
"Coralia","12B"
"Coraxis & Co.","28D"
"Core Worlds","40C"
"Core Worlds: Galactic Orders","40C"
"Core Worlds: Revolution","40C"
"Corinth","20A"
"Corporate America","35E"
"Corsari","53C"
"COSCA: Take Over the Mafia","19C"
"Cosmic Colonies","29D"
"Cosmic Encounter","25D"
"Cosmic Encounter Duel","36B"
"Cosmic Encounter Duel","25D"
"Cosmic Run: Rapid Fire","45A"
"Cosmic Run: Regeneration","26A"
"Cosmoctopus","24B"
"Cosmogenesis","45D"
"Cosmolancer","2B"
"Costa Ruana","30D"
"Cottage Garden","5B"
"Council of 4","2B"
"Council of Shadows","44E"
"Council of Shadows","53P"
"Counterfeiters","52F"
"Coup","54O"
"Coup: Reformation","54S"
"Courtier","34C"
"Couture","54J"
"Cover Your Assets","53T"
"Cover Your Cookies","52O"
"Cover Your Kingdom","53T"
"Covert","3A"
"Coyote","52K"
"Crash the Party","31C"
"Crazy Karts","28D"
"Creature Caravan","4C"
"Creature Caravan","4C"
"Creature Comforts","3E"
"Creepshow: The Suspense-Building Game","54N"
"Crescent Moon","29D"
"Cribbage","27D"
"Crimson Company","52D"
"Crisis at Steamfall","39D"
"Critical Mass: Patriot vs Iron Curtain","45A"
"Critter Kitchen","10E"
"Crocodile Pool Party","36A"
"Crossing Oceans","14E"
"Crossroll Hong Kong","20A"
"Crown of Emara","24E"
"Crusaders: Thy Will Be Done","8B"
"Cry Havoc","9C"
"Cryo","25C"
"Cryptic Nature","11A"
"Cryptid","13D"
"Crystal Clans","36C"
"Crystal Palace","4B"
"Cthulhu in the House","53S"
"Cthulhu Realms","53C"
"Cthulhu Wars","16E"
"Cthulhu: Death May Die","42C"
"Ctrl","15D"
"Cuba","10C"
"Cuba Libre","49B"
"Cube Monster","9D"
"Cubitos","17B"
"Cubo","28B"
"Cupcake Empire","10E"
"Cuphead: Fast Rolling Dice Game","18B"
"Curio: The Lost Temple","47B"
"Curious Cargo","36A"
"Cursed Court","31E"
"Curses & Covens","53P"
"Custom Heroes","54A"
"Cutthroat Caverns","30B"
"Cuzco","3C"
"CVlizations","16A"
"Cyberion","54T"
"Cyberpunk 2077: Gangs of Night City","18C"
"Cyclades","17A"
"Cytosis: A Cell Biology Board Game","12C"
"Cytress","19E"
"Cytress","49C"
"Cytress","49C"
"Cytress","49C"
"D.E.I.: Divide et Impera","19E"
"Da Yunhe: Der Grosse Kaiserkanal","44B"
"Dabba Walla","10E"
"Dados","31D"
"Daitoshi","9D"
"Dale of Merchants","53L"
"Dale of Merchants 2","53L"
"Dale of Merchants 3","53L"
"Dale of Merchants 3","4A"
"Dante's Inferno","29B"
"Darjeeling","29A"
"Dark Darker Darkest","39C"
"Dark Horse","24D"
"Dark Seas","45A"
"Dark Souls: The Board Game","18C"
"Dark Souls: The Card Game","18C"
"Dark Souls: The Card Game","18C"
"Darkest Doom","39E"
"Darkest Doom","43B"
"Darwinning!","51B"
"Das letzte Paradies","39C"
"Dash! A whimsical race through Singapore","17B"
"David & Goliath","52B"
"Dawn of Madness","38B"
"Dawn of Madness","46E"
"Dawn of Ulos","1A"
"Dawn Under","30D"
"Daybreak","22C"
"Days of Ire: Budapest 1956","33B"
"DC Deck-Building Game","18A"
"De Stijl","53D"
"De Vulgari Eloquentia","44B"
"De Vulgari Eloquentia","29E"
"Dead Cells: The Rogue-Lite Board Game","21D"
"Dead Drop","53U"
"Dead Last","31B"
"Dead Man's Cabal","34B"
"Dead Man's Chest","53A"
"Dead Man's Treasure","10A"
"Dead Money","53A"
"Dead of Winter: A Crossroads Game","21B"
"Dead of Winter: The Long Night","21B"
"Dead Reckoning","10B"
"Deadly Dowagers","51F"
"Deadwood","24C"
"Deadwood 1876","53H"
"Deal with the Devil","22C"
"Dealt!","54D"
"Deception: Murder in Hong Kong","23B"
"Deception: Undercover Allies","23B"
"Decktective: Bloody-Red Roses","54H"
"Décorum","21B"
"Decrypto","51A"
"Deep Dive","51F"
"Deep Sea Adventure","54U"
"Defenders of the Last Stand","34E"
"Defenders of the Realm","40C"
"Defenders of the Wild","21A"
"Delicious","53Q"
"Deliverance","44D"
"Demonslayer: Siege of Mt. Kunlun","39B"
"Der weiße Lotus","1C"
"Der weiße Lotus","23D"
"Descent: Legends of the Dark","23D"
"Desperados of Dice Town","51B"
"Destination: Neptune","25A"
"Destinies","3D"
"Detective Club","31D"
"Detective Rummy","13A"
"Detective: A Modern Crime Board Game","13B"
"Detective: City of Angels","23A"
"Deus","16B"
"Devil May Cry: The Bloody Palace","18C"
"Di Renjie","53A"
"Diamonds","54B"
"Diatoms","15C"
"Dice City","4D"
"Dice Colony","20A"
"Dice Conquest","53L"
"Dice Forge","50A"
"Dice Forge","4D"
"Dice Hospital","4D"
"Dice Miner","4D"
"Dice Realms","4D"
"Dice Settlers","1E"
"Dice Throne: Santa v. Krampus","4D"
"Dice Throne: Season One ReRolled","4D"
"Dice Throne: Season Two – Battle Chest","4D"
"Dice Town","24C"
"Dicenstein","4D"
"Dicey Peaks","40B"
"Die Macher","46C"
"Die Säulen von Venedig","47B"
"Dimension","15D"
"Dino Dig: Risky Sites","54P"
"Dino Hunt","44A"
"DinoGenics","4B"
"Dinosaur Island","4B"
"Dinosaur Island: Rawr 'n Write","20A"
"Dinosaur Tea Party","51B"
"Dinosaur World","4B"
"Diplomacy","48E"
"Dirt & Dust","17B"
"Dirt and Glory","52I"
"Disciple Detective","45C"
"Disco Island Escape","2B"
"Discordia","7C"
"Discoveries: The Journals of Lewis & Clark","29E"
"Discovery","40D"
"Discovery: The Era of Voyage","45C"
"Discworld: Ankh-Morpork","1B"
"Disney Hocus Pocus: Tricks & Wits","53J"
"Disney Sorcerer's Arena: Epic Alliances Core Set","19A"
"Disney Villainous: Perfectly Wretched","19A"
"Disney Villainous: The Worst Takes it All","19A"
"Distilled","10D"
"Divinity Original Sin: The Board Game","18D"
"Divvy Dice","54M"
"Dixit","50A"
"Dixit","31A"
"Dixit: Odyssey","31A"
"Djinn","6D"
"Dodos Riding Dinos","26E"
"Dog Park","11C"
"Dog Tag Trick","54E"
"Doge","32E"
"Doggerland","1A"
"Dogs of War","4E"
"Dohdles!","31A"
"Dojo Kun","24E"
"Dom Pierre","39C"
"Domaine","16E"
"Dominant Species","12A"
"Dominant Species: Marine","12B"
"Dominant Species: The Card Game","12A"
"Dominare","34C"
"Dominations: Road to Civilization","44E"
"Dominion","27B"
"Dominion","27B"
"Don Quixote","8C"
"Don't Break the Ice","28A"
"Don't Get Got!","54J"
"Don't Get Got!","52L"
"Don't Press That Mine Turtle","31B"
"Donut Shop","10E"
"Doodle Dungeon","20B"
"Doodle Heist","31C"
"Doodle Quest","31B"
"Doodle Rush","31A"
"Doomtown: Reloaded","45D"
"Doomworks","53O"
"Dorfromantik: The Board Game","21A"
"Dos Rios","30E"
"Double 12 Dominoes","27D"
"Downforce","17C"
"Draco Magi","53K"
"Draco Mundis","51D"
"Dracula","36A"
"Draft & Write Records","20A"
"Draftosaurus","2D"
"Dragon Castle","26E"
"Dragon Valley","28D"
"Dragon's Gold","40A"
"Dragon's Hoard","53G"
"Dragonbond: Lords of Vaala","23B"
"Dragonfire","26E"
"Dragonheart","36A"
"Dragonkeepers","26E"
"Dragonland","26E"
"Dragonland","26E"
"Drawn to Adventure","46A"
"DRCongo","32E"
"Dread Curse","51C"
"Dream Home","30D"
"Dream On!","51D"
"Dreaming Spires","3A"
"Dreamscape","33C"
"Dreamworld: An Unconscious Mind Card Game","52N"
"Drop It","15D"
"Duck & Cover","50A"
"Duel for Cardia","50A"
"Duel in the Dark","48E"
"Duel of Ages II","44B"
"Duel of Ages II: Master Set","44B"
"Duel of the Giants: Eastern Front","48E"
"Duelosaur Island","35C"
"Dulce","10D"
"Dune","18D"
"Dune","28A"
"Dune CCG","53A"
"Dune: Imperium","41A"
"Dune: Imperium","41A"
"Dune: Imperium","41A"
"Dune: Imperium – Rise of Ix","41A"
"Dune: Imperium – Uprising","41A"
"Dune: Imperium – Uprising","41A"
"Dune: War for Arrakis","18D"
"Dungeon Academy","28B"
"Dungeon Alliance","46E"
"Dungeon Cup","46A"
"Dungeon Degenerates: Hand of Doom","22C"
"Dungeon Drop","53D"
"Dungeon Dwellers","33E"
"Dungeon Fighter","15E"
"Dungeon Legends","23D"
"Dungeon Lords","4E"
"Dungeon Petz","4E"
"Dungeon Roll","52S"
"Dungeon Rush","53R"
"Dungeon Twister","40A"
"Dungeon Twister 2: Prison","36D"
"Dungeon Twister: The Card Game","45C"
"Dungeon Universalis","23E"
"Dungeoneer: Tomb of the Lich Lord","52C"
"Dungeons & Dragons: Castle Ravenloft Board Game","23E"
"Dungeons & Dragons: Onslaught","36D"
"Dungeons & Dragons: Wrath of Ashardalon Board Game","23E"
"Dungeons and Dragons: The Legend of Drizzt Board Game","23E"
"DVONN","15D"
"Dwar7s Winter","34B"
"Dwarf","53E"
"Dwarven Dig!","46E"
"Dwellings of Eldervale","37A"
"Dwergar","39E"
"Eagle Kingdoms","29A"
"Earth","11D"
"Earth","11D"
"Earth","11D"
"Earth Gambit: Light","52O"
"Earth Reborn","47E"
"East India Companies","7A"
"Easy Money","28E"
"eBay Buy It Now","30E"
"Echidna Shuffle","12A"
"Echoes of Time","41C"
"Echoes of Time","11D"
"Edge of Darkness","38D"
"Edison & Co.","44C"
"Egizia","7D"
"Egizia","7D"
"Eight-Minute Empire","4C"
"Eight-Minute Empire: Legends","4C"
"Eight-Minute: Lost Lands","4C"
"Eila and Something Shiny","21D"
"Eketorp","44E"
"El Caballero","6B"
"El Capitán","6B"
"El Grande","43D"
"El Grande","43D"
"El Grande","46B"
"Elder Sign","31A"
"Eldritch Horror","21B"
"Eldritch Horror","50A"
"Eleven: Football Manager Board Game","39B"
"Elk Fest","36B"
"Elysium","7E"
"Embarcadero","20D"
"Emberleaf","3E"
"Embers of Memory: A Throne of Glass Game","36B"
"Eminent Domain","25D"
"Emira","30D"
"Empire Express","45E"
"Empire of the Sun: The Pacific War 1941-1945","48A"
"Empire's End","34C"
"Empire's End","16D"
"Empires of the Void","44C"
"Empires of the Void II","4C"
"Empires: Age of Discovery","16D"
"En Garde!","52I"
"En Route","20A"
"Enchanters","51A"
"Enchanters: Overlords","39C"
"Encyclopedia","11B"
"Endangered","11D"
"Endeavor","10B"
"Endeavor: Age of Sail","10B"
"Endeavor: Deep Sea","12B"
"Endeavor: Deep Sea","12B"
"Endless Pass: A Viking Saga","51D"
"Endless Winter: Paleoamericans","16B"
"Endless Winter: Paleoamericans","16B"
"Enemy Anemone","54G"
"Engine Thieves: The Andrews Railroad Raid of 1862","24D"
"Enola Holmes: Finder of Lost Souls","13B"
"Entdecker: Exploring New Horizons","34E"
"Epic Card Game","45B"
"Epic Card Game: Duels","52M"
"Epic Resort","47A"
"Epochs: Course of Cultures","16C"
"Equations","53B"
"Equinox","3E"
"Eriantys","44C"
"Eruption","33A"
"Escape Deathrace 2182 Micro","54I"
"Escape Plan","9C"
"Escape Room Tycoon","9B"
"Escape Room: The Game","13C"
"Escape Tales: Children of Wyrmwoods","13C"
"Escape Tales: Low Memory","13C"
"Escape: The Curse of the Temple","22B"
"Escape: Zombie City","22B"
"España 1936","49D"
"Eternal Dynasty","39D"
"Ether Wars","34E"
"Etherfields","47E"
"Ethnos","9D"
"Ethnos","9D"
"Ethnos","0"
"Ethnos","9D"
"Euchre","54C"
"Euphoria: Build a Better Dystopia","1E"
"Europa Universalis: The Price of Power","18D"
"Evacuation","25C"
"Evenfall","4E"
"Everbloom","11B"
"Everdell","42B"
"Everdell Duo","35A"
"Everdell Duo","36E"
"Everdell Farshore","3E"
"Everdell Silverfrost","42B"
"Evergreen","11D"
"Everstone: Discovering Ignis","2A"
"Evil Corp.","4E"
"Evo","33C"
"Evolution","11D"
"Evolution: Flight","51E"
"Evolution: The Beginning","11D"
"Ex Libris","2B"
"Excavation Earth","25A"
"Exhibition: 20th Century","32D"
"Exodus Fleet","26B"
"Exodus: Event Horizon","40D"
"Exodus: Paris Nouveau","54O"
"Exodus: Proxima Centauri","26B"
"Exoworld Survival","25D"
"Exoworld Survival","30D"
"Exoworld Survival","6B"
"Exoworld Survival","14E"
"Exoworld Survival","3D"
"Exploding Kittens","53U"
"Exploding Kittens","53U"
"Exploding Kittens: The Board Game","50A"
"Explorers","20B"
"Explorers of Navoria","29E"
"Explorium: A High Stakes Mining Extravaganza","32E"
"Exposed","13A"
"Express Route","22A"
"Expressions","54M"
"Extra! Extra!","2B"
"Ezra and Nehemiah","9A"
"FAB: The Bulge","48B"
"Fabled Fruit","29C"
"Factory 42","5E"
"Fairy Ring","5A"
"Fairy Ring","5A"
"Fairy Tale","52I"
"Fairy Tale Inn","36D"
"Fairy Tile","24E"
"Fairy Trails","53F"
"Faiyum","29C"
"Fall of Rome","22C"
"Falling Sky: The Gallic Revolt Against Caesar","49B"
"Falling Sky: The Gallic Revolt Against Caesar – Ariovistus","49B"
"Fallout","18E"
"Fallout Shelter: The Board Game","18E"
"Fancy Feathers","54Q"
"Fantastic Factories","5E"
"Fantasy Business","51E"
"Fantasy Realms","52R"
"Fantasy Realms","51F"
"Faraway","53R"
"Farm Fuss","54S"
"Fast & Furious: Highway Heist","19B"
"Fast Forward: FLEE","52J"
"Fast Sloths","29C"
"Fate: Defenders of Grimheim","17E"
"FateFlip: Washed Ashore","52K"
"Fateforge: Chronicles of Kaan","22E"
"Favor of the Pharaoh","7E"
"FBI","53C"
"Fearsome Floors","29C"
"Featherlight","52P"
"Federation","25D"
"Feed the Kraken","23B"
"Feierabend","29C"
"Ferret Out","31D"
"Fertility","39D"
"Feudo","45E"
"Feudum","8D"
"Fibonachos","54F"
"Fiction","53K"
"Fief: England","8D"
"Fief: France 1429","8D"
"Fields of Arle","43C"
"Fields of Green","5A"
"Fields of Green","46D"
"Fight for Olympus","45A"
"Fika","52A"
"Fill in the Game","52R"
"Finca","2B"
"Finca","2B"
"Findorff","29C"
"Finspan","12A"
"Finspan","12A"
"Finspan","12A"
"Fire & Axe: A Viking Saga","45E"
"Fire In The Hole","10B"
"Fire in the Lake","49B"
"Fire in the Sky: The Great Pacific War 1941-1945","61D"
"Fire of Eidolon","54J"
"Fire Tower","24E"
"Fireball Island: The Curse of Vul-Kar","28D"
"Firefly: Misbehavin'","19B"
"Firefly: The Game","19B"
"Firenze","8C"
"Firenze: Joker Bricks","14C"
"Firenze: Joker Bricks","7C"
"Firenze: Joker Bricks","34D"
"Firenze: Joker Bricks","25A"
"Firenze: Joker Bricks","48D"
"Firenze: Joker Bricks","1C"
"Fish Eat Fish","51E"
"Fisheries of Gloucester","51A"
"Fishing","52C"
"Fist of Dragonstones","45B"
"Fist of Dragonstones","34B"
"Fit to Print","2D"
"Five Crowns","52R"
"Five Points: Gangs of New York","19C"
"Five Tribes: The Djinns of Naqala","43C"
"FIXER","52M"
"Fjords","52F"
"Flamecraft","26E"
"Flamecraft","26E"
"Flamme Rouge","17C"
"Flash Point: Fire Rescue","47E"
"Flash Point: Fire Rescue – 2nd Story","47E"
"Flash Point: Fire Rescue – Dangerous Waters","47E"
"Flash Point: Fire Rescue – Extreme Danger","47E"
"Flash Point: Fire Rescue – Honor & Duty","47E"
"Flash Point: Fire Rescue – Urban Structures","47E"
"Flatiron","47B"
"Flatline","13A"
"Fleet","54R"
"Fleet Wharfside","54R"
"Fleet: The Dice Game","51F"
"Flick 'em Up!","15E"
"Flight of Icarus","34B"
"Flip 7","52R"
"Flip City","53C"
"Fliptoons","52G"
"Fliptoons","52G"
"Floats McGoats","12A"
"Flock Together","11E"
"Florenza","8B"
"Florenza Dice Game","20B"
"Floriferous","52D"
"Floriferous","52D"
"Flourish","11B"
"Flower Fields","11C"
"Flutter","11E"
"Fluxx","54I"
"Fluxx Remixx","52K"
"Fluxx: The Board Game","52K"
"Flying Circus: Aerial Combat in WWI","53P"
"Flying Colors","48B"
"Fog of Love","36D"
"Food Chain Magnate","42C"
"Football Highlights 2052","39B"
"Foothills","36E"
"Footprints","1A"
"For All Mankind","25B"
"For Sale","51C"
"For the People","48A"
"Foragers","40A"
"Forbidden Desert","22A"
"Forbidden Island","22A"
"Forbidden Sky","22A"
"Forbidden Stars","16E"
"Forest","53A"
"Forest Shuffle","50A"
"Forest Shuffle","11C"
"Forever Home","3E"
"Forge War","29D"
"Forges of Ravenshire","2D"
"Forgotten Waters","21E"
"Formosa Tea","34D"
"Formula D","17B"
"Formula Dé","17B"
"Formula Dé Mini","17B"
"Formula Motor Racing","17B"
"Fort","52U"
"Fort Sumter: The Secession Crisis, 1860-61","48A"
"Fortify","36E"
"Fortress America","48E"
"Fortuna","40E"
"Fortune and Glory: The Cliffhanger Game","37E"
"Forum Trajanum","6B"
"Foundations of Rome","37C"
"Founders of Gloomhaven","33A"
"Fountains","30B"
"Four Gardens","29A"
"Francis Drake","10B"
"Frank's Zoo","54D"
"Free Ride USA","29C"
"Freedom: The Underground Railroad","22A"
"Freelancers: A Crossroads Game","21E"
"Freelancers: A Crossroads Game","51B"
"Fresco","8A"
"Fresco: Card & Dice Game","8A"
"Fresh Fish","29C"
"Freya's Folly","32E"
"Fried Potatoes","50A"
"Fromage","10D"
"Fromage","10D"
"Front Line No Komrades","53D"
"Frontier: Enchanted Land","30A"
"Frosthaven","38D"
"Frostpunk: The Board Game","18C"
"Fruit Picking","29A"
"Fruitoplay","45C"
"FTW?!","54D"
"Fuego","52O"
"Fugitive","53F"
"Fujian Trader","32D"
"Fürstenfeld","29C"
"Fürstenfeld","23A"
"FUSE","22B"
"Futuropia","29C"
"FYFE","2B"
"Fzzzt!","53C"
"G.I. JOE Deck-Building Game","19B"
"Gaia Project","41B"
"Gaia Project","41B"
"Gaia Project: The Lost Fleet","41B"
"Galactic Cruise","25B"
"Galactic Cruise","25B"
"Galactic Era","25D"
"Galaxy Defenders","23C"
"Galaxy Trucker","25A"
"Galaxy Trucker","25A"
"Galileo Galilei","26B"
"Galileo Project","26A"
"Galloping Pigs","53C"
"Gandhi: The Decolonization of British India, 1917 – 1947","49B"
"Ganesha","15C"
"Gang of Four","54A"
"Garden Guests","11E"
"Gardlings","4A"
"Gardlings","4A"
"Gargon","53C"
"Gartenbau","11D"
"Garum","29D"
"Gasha","54R"
"Gates of Delirium","29E"
"Gateway: Uprising","33E"
"Gavitt's Stock Exchange","54R"
"Gears of War: The Board Game","18B"
"Genoa","44D"
"Genotype: A Mendelian Genetics Game","24E"
"Gentes","16D"
"Get on Board: New York & London","15A"
"Get the MacGuffin","52B"
"Gettysburg","36D"
"Gettysburg","48A"
"Gheos","33A"
"Ghost Chase","39D"
"Ghost Stories","21A"
"Ghosts of Christmas","54F"
"Giant UNO","28E"
"Giants","40D"
"Gift of Tulips","53P"
"Gingerbread House","10E"
"Ginkgopolis","19E"
"Gizmos","5E"
"Gladius","52R"
"Glasgow","36B"
"Glass Road","5B"
"Glen More","17E"
"Glen More II: Chronicles","17E"
"Globe Twister","39A"
"Gloom in Space","52C"
"Gloom of Thrones","52C"
"Gloomhaven: Jaws of the Lion","41B"
"Gloomies","11C"
"Gloomy Graves","52N"
"Gloria Mundi","39E"
"Glory Islands","10A"
"Glory to Rome","20E"
"Gnome Hollow","4A"
"Gnomopolis","30D"
"Go to the Head of the Class","28A"
"Go West!","24C"
"Go West!","8B"
"Goblin Vaults","51A"
"Goblivion","21A"
"God's Playground","1C"
"Gods Love Dinosaurs","2D"
"Gold Ahoy!","36B"
"Gold Fever","51B"
"Gold Raiders","51B"
"Gold West","24C"
"Goldbräu","33C"
"Golden Cup","47B"
"Golem","9D"
"Gone Fishing!","45A"
"Gone Fishing!","31A"
"Good Dog, Bad Zombie","30A"
"Gorus Maximus","54A"
"Goryō","29A"
"GPS","45C"
"Granada","44E"
"Grand Austria Hotel","42E"
"Grand Central Skyport","9E"
"Grand Prix","17B"
"Grand Prix","25C"
"Great Plains","36B"
"Great Wall of China","53J"
"Great War Commander","49D"
"Great Western Trail","41C"
"Great Western Trail: Argentina","6A"
"Great Western Trail: Argentina","6A"
"Great Western Trail: El Paso","6A"
"Great Western Trail: New Zealand","43B"
"Great Western Trail: New Zealand","41C"
"Great Western Trail: New Zealand","41C"
"Greece Lightning","17B"
"Green Team Wins","45C"
"Grifters: Nexus","46A"
"Grimoire","51C"
"Grimslingers","52R"
"Ground Floor","20D"
"Gruff","45C"
"Guardians of Graxia","39E"
"Guards of Atlantis II","37A"
"Guatemala Café","30C"
"Guess Who?","28A"
"Guess Who?","8E"
"Guild Academies of Valeria","2A"
"Guildhall","24E"
"Guilds of London","4B"
"Guillotine","53R"
"Gun It","51A"
"Gunkimono","32E"
"Gunkimono","34E"
"Gutenberg","2B"
"Gwent: The Legendary Card Game","18C"
"Habitats","11B"
"Hacienda","6C"
"Hack Trick","53C"
"Hadara","16D"
"Hadrian's Wall","9A"
"Haggis","54D"
"Hagoth: Builder of Ships","39A"
"Haithabu","34C"
"Hallertau","5C"
"Halloween","19B"
"Hamburgum","32D"
"Hammer of the Scots","48C"
"Hanabi","52K"
"Hanamikoji","52O"
"Hands in the Sea","45E"
"Hangman","28E"
"Hannibal & Hamilcar","49C"
"Hansa","29E"
"Hansa Teutonica","8C"
"Happy City","53E"
"Happy Home","51D"
"Happy Mochi","52N"
"Happy Mochi","50A"
"Happy Pigs","28C"
"Harbour","52K"
"Hardback","52O"
"Harmonies","50A"
"Harmonies","42D"
"Harmonies","42D"
"Harmonies","42D"
"Harmony","52G"
"Harry Hopper","28B"
"Harry Potter: Hogwarts Battle","22B"
"Harry Potter: House Cup Competition","19A"
"Harry Potter: Unmask The Death Eaters","23B"
"Harvest","3E"
"Harvest","51B"
"Haspelknecht: The Story of Early Coal Mining","47B"
"Havalandi","26E"
"Havoc: The Hundred Years War","52E"
"Hawaii","10C"
"Head Trip","31B"
"Healthy Heart Hospital","22B"
"Heart of Africa","30E"
"Heart of Africa","49D"
"Heat: Pedal to the Metal","42B"
"Heat: Pedal to the Metal","42B"
"Heat: Pedal to the Metal","50A"
"Heaven & Ale","6B"
"Heaven, Here I Come!","54R"
"Hegemonic","34E"
"Hegemony: Lead Your Class to Victory","42A"
"Helionox: Chronicles","21D"
"Helionox: Chronicles","39B"
"Helionox: The Last Sunset","52P"
"Helios Expanse","26B"
"Hellas","45A"
"Hellenica: Story of Greece","37D"
"Hellenica: Story of Greece","37D"
"Helvetia","33C"
"Hera and Zeus","36A"
"Herbaceous","54I"
"Herbaceous Sprouts","11B"
"Herbalism","53T"
"Herd Mentality","54K"
"Herd Mentality","48A"
"Hero Brigade","45E"
"Hero Realms","52M"
"Heroes of Land, Air & Sea","16E"
"Heroes of Normandie: The Tactical Card Game","45D"
"Heroes of Tenefyr","22D"
"Heroscape: Master Set – Age of Annihilation","37B"
"Herrlof","54D"
"HerStory","30E"
"Hey, That's My Fish!","28D"
"Hey! That's My Fish!","52A"
"Hickory Dickory","24E"
"Hidden Conflict","34A"
"Hidden Leaders","2A"
"Hierarchy","53A"
"HiFi","34E"
"High Bohn Plus","54U"
"High Frontier","39D"
"High Frontier 4 All","25C"
"High Heavens","29B"
"High Noon Saloon","52F"
"High Score","52Q"
"High Society","51D"
"Hippocrates","5A"
"Historia","16D"
"Hit Z Road","1D"
"Hitler's Reich: WW2 in Europe","48A"
"Hive","36B"
"Hive Carbon","36B"
"HMS Dolores","53S"
"Hoity Toity","31D"
"Hoity Toity","45D"
"Hokkaido","45C"
"Hold the Line: The American Revolution","49D"
"Holding On: The Troubled Life of Billy Kerr","21A"
"Holly Jolly","54Q"
"Hollywood 1947","53H"
"Holmes: Sherlock & Mycroft","36B"
"Holotype: Mesozoic North America","12A"
"Home Sweet Home (or Not)","30D"
"Homeland: The Game","19B"
"Homesteaders","24C"
"Honey Buzz","11E"
"Honshū","53R"
"Hooky","13A"
"Hoplomachus: Remastered","38C"
"Horizons of Spirit Island","22A"
"Horrified","21A"
"Horrified: Dungeons & Dragons","21A"
"Horrified: Greek Monsters","21A"
"Horse Fever","17B"
"Horseless Carriage","2E"
"Horseless Carriage","2E"
"Horus","30C"
"Hostage Negotiator: Crime Wave","13A"
"Hot Seat","31E"
"Hotel Samoa","33A"
"Hotel Tycoon","20D"
"Hotshots","22A"
"House of Cats","51A"
"How Dare You?","53G"
"How to Save a World","25E"
"Hoyuk","33B"
"HUANG","7B"
"Humblebrag","31D"
"HUND","54B"
"Hunt for the Ring","32A"
"HUTAN: Life in the Rainforest","12A"
"Hyperborea","16E"
"I, Spy","46D"
"Iberia","22C"
"Iberian Rails","45E"
"ICE","5D"
"Ice Flow","33A"
"ICECOOL","15C"
"ICECOOL2","15C"
"Ierusalem: Anno Domini","29B"
"Ikusa","48E"
"Il Vecchio","44D"
"Iliad","53J"
"Ilium","30A"
"Illiterati","22B"
"Illusion","52C"
"Imaginarium","9E"
"Imagine","31A"
"Imhotep","7E"
"Imhotep: The Duel","36B"
"Imperial","47C"
"Imperial 2030","20E"
"Imperial Miners","1E"
"Imperial Settlers","1E"
"Imperial Settlers: Empires of the North","1E"
"Imperial Steam","14A"
"Imperial Struggle","45E"
"Imperium: Classics","16D"
"Imperium: Horizons","16D"
"Imperium: Legends","16D"
"Imperium: Legends","52E"
"Impulse","54P"
"In a Nut Shell","50A"
"In a Pickle","53D"
"In the Footsteps of Marie Curie","5A"
"In the Hall of the Mountain King","4A"
"In the Name of Odin","17D"
"In the Shadow of the Emperor","40A"
"In the Year of the Dragon: 10th Anniversary","3B"
"Inca Empire","44C"
"Incan Gold","28C"
"Incantris","45D"
"Indigo","34D"
"Indonesia","2E"
"Indulgence","51E"
"Indus 2500 BCE","20A"
"Industrial Waste","39C"
"Infamy","19C"
"Infected","45B"
"Inferno","5E"
"Infinite City","20E"
"Influentia","40B"
"Ingenious","15E"
"Inheritors","45B"
"Inis","17E"
"Inis","17E"
"Ink","50A"
"Inkognito","44E"
"Inkognito: The Card Game","13C"
"Inn-Fighting","53G"
"Inner Compass","29D"
"Innovation","53T"
"Innovation Ultimate","17A"
"Insectarium","11D"
"Inside Job","54B"
"Inside Job","54B"
"Insider","54U"
"Intarsia","15B"
"Intent to Kill","13B"
"Intrepid","22E"
"Invasion from Outer Space: The Martian Game","33E"
"Inventions: Evolution of Ideas","9C"
"Invincible: Escape from Mars","19B"
"Invincible: The Hero-Building Game","19B"
"Irish Gauge","14C"
"Iron Curtain","53E"
"Ironwood","36C"
"Isla Dorada","47B"
"Island Fortress","32C"
"Island Siege","45B"
"Islands in the Mist","33A"
"Islas Canarias","39D"
"Isle of Skye: From Chieftain to King","6A"
"Islebound","4C"
"ISS Vanguard","37B"
"ISS Vanguard: Personal Files","37B"
"Istanbul","7A"
"Istanbul","7A"
"Istanbul: The Dice Game","7A"
"It's a Wonderful Kingdom","5A"
"It's a Wonderful World","5A"
"ito","52E"
"ito","1E"
"Jaipur","50A"
"Jaipur","53H"
"Jamaica","10B"
"Jamaica","50A"
"Jambo","36B"
"Japanime Tactics: Granblue Fantasy – Gran Starter Set","45A"
"Java","6C"
"Jaws","19A"
"Jekyll & Hyde vs Scotland Yard","54N"
"Jekyll vs. Hyde","52H"
"Jet Set","14D"
"Jigūan: The Eastern Mechanist","29E"
"Jitters","28E"
"Joan of Arc","32C"
"Joan of Arc: Orléans Draw & Write","20A"
"Johari","51F"
"Johari","7B"
"Jolly Roger: Treasure Islands","10A"
"Joraku","54C"
"Jórvík","44E"
"Journey to the Center of the Earth","44D"
"Juicy Fruits","2B"
"Julius Caesar: Caesar, Pompey, and the Roman Civil War","48C"
"Jumanji","28A"
"Jump Gate","51E"
"Jungle Party","28C"
"Junk Art","15C"
"Junk Drawer","15E"
"Junta","45A"
"Junta: Las Cartas","45A"
"Junta: Viva el Presidente!","45A"
"Jupiter Rescue","26B"
"Jurassic Parts","52F"
"Just One","51F"
"Just One","50A"
"Justinian","30E"
"K2","33B"
"Kahuna","36A"
"Kaigan","40B"
"Kaiju Crush","27C"
"Kami-sama","44D"
"Kanagawa","9B"
"Kanal","5C"
"Kanban EV","42B"
"Kanban EV","9C"
"Karak","23D"
"Karak II","3D"
"Kardinal & König: Das Kartenspiel","40B"
"Karuba","3D"
"Kashgar: Merchants of the Silk Road","40B"
"Kathmandu","3C"
"Kavango","11C"
"KAWA: A Game About Flow","53D"
"Keep the Heroes Out!","22A"
"Kelp: Shark vs Octopus","36C"
"Keltis","17E"
"Kemet","44D"
"Kemet: Blood and Sand","7D"
"Kenjin","45C"
"Key Enigma: Calling Card","47A"
"Key Enigma: Hack Forward","47A"
"Key Flow","33D"
"Key Harvest","33D"
"Key Harvest","33D"
"Key to the City: London","33D"
"Keyflower","33D"
"Keyflower: The Farmers","33D"
"Keyflower: The Merchants","33D"
"KeyForge: Call of the Archons","36A"
"Keyframes","52R"
"Keyper","33D"
"Keythedral","33D"
"Khan","46E"
"Khôra: Rise of an Empire","16B"
"Khronos","34B"
"Kick-Ass: The Board Game","19B"
"Kids Chronicles: Quest for the Moon Stones","28B"
"Kill Doctor Lucky","13D"
"Killer Bunnies and the Journey to Jupiter","30A"
"Killer Bunnies and the Quest for the Magic Carrot","32F"
"Killer Bunnies and the Quest for the Magic Carrot: GREEN Booster","32F"
"Killer Bunnies and the Quest for the Magic Carrot: Ominous Onyx Booster","32F"
"Killer Bunnies and the Quest for the Magic Carrot: ORANGE Booster","32F"
"Killer Bunnies and the Quest for the Magic Carrot: Perfectly PINK Booster","32F"
"Killer Bunnies and the Quest for the Magic Carrot: RED Booster","32F"
"Killer Bunnies and the Quest for the Magic Carrot: Remix","30A"
"Killer Bunnies and the Quest for the Magic Carrot: Stainless STEEL Booster","32F"
"Killer Bunnies and the Quest for the Magic Carrot: Twilight WHITE Booster","32F"
"Killer Bunnies and the Quest for the Magic Carrot: VIOLET Booster","32F"
"Killer Bunnies and the Quest for the Magic Carrot: Wacky KHAKI Booster","32F"
"Kinfire Council","4E"
"Kinfire Council","4E"
"Kinfire Delve: Callous' Lab","52J"
"Kinfire Delve: Scorn's Stockade","52J"
"Kinfire Delve: Vainglory's Grotto","52J"
"King of 12","32D"
"King of Monster Island","27C"
"King of New York","27C"
"King of the Elves","53J"
"King of Tokyo","27C"
"King of Tokyo","27C"
"King of Tokyo","27C"
"King of Tokyo: Duel","35B"
"King of Tokyo: Origins","27C"
"King's Coalition","53D"
"King's Forge","5D"
"King's Gate","33A"
"King's Road","44A"
"King's Vineyard","30B"
"King's Vineyard","16C"
"King's Vineyard","16C"
"Kingdomino","27B"
"Kingdomino Duel","36E"
"Kings of Israel","29B"
"Kings' Struggle","54C"
"Kings' Struggle","9C"
"Kingsport Festival","34E"
"Kingswood","29E"
"Kingz","45C"
"Kitchen Rush","10E"
"Kites","32D"
"KLASK","37E"
"Klondike Rush","4C"
"Knarr","54S"
"Knight Fall","22C"
"Knitting Circle","27C"
"Knuckle Sammich: A Kobolds Ate My Baby! Card Game","53O"
"Kobayakawa","53O"
"Kodama Duo","52T"
"Kodama Forest","24E"
"Kodama: The Tree Spirits","45C"
"Kōhaku","12D"
"Koinobori","52H"
"König von Siam","40A"
"Kooky Kalooki","53O"
"Kraftwagen","3A"
"Kraków 1325 AD","30C"
"Kraków 1325 AD","49A"
"Kreus","53S"
"Krone & Schwert","46D"
"Kronia","53P"
"Kronologic: Paris 1920","51D"
"Krosmaster: Arena","2A"
"Kutna Hora: The City of Silver","5A"
"Kyoto no Neko","5E"
"Kyoto no Neko","5E"
"La Città","8B"
"La Famiglia: The Great Mafia War","19C"
"La Famiglia: The Great Mafia War","37A"
"La Granja: No Siesta","52R"
"La Habana","10C"
"La Isla","3B"
"La Stanza","34C"
"La Strada","1C"
"Labyrinth: The Card Game","53C"
"Labyrinth: The War on Terror, 2001 – ?","49A"
"Lacrimosa","3D"
"Lady Alice","13B"
"Lagoon: Land of Druids","34A"
"Lancaster","8A"
"Landmarks","51E"
"Lanterns: The Harvest Festival","7B"
"Las Vegas","24A"
"Las Vegas Royale","24A"
"Lascaux","30E"
"Last Bastion","21A"
"Last Days of Athobrae","46C"
"Last Defense!","39A"
"Last Light","25C"
"Last Light: Infinity","25C"
"Last Message","51B"
"Last Night on Earth: The Zombie Game","22D"
"Last Train to Wensleydale","1C"
"Last Will","3A"
"Lata","53R"
"Latte Throwdown","10E"
"Le Fantôme de l'Opéra","36C"
"Le Havre","43A"
"Le Havre: The Inland Port","36B"
"Leaders of Euphoria: Choose a Better Oppressor","51C"
"Leaf","11B"
"Leaving Earth","51A"
"Legacies","1E"
"Legacy of Dragonholt","46C"
"Legacy: Gears of Time","34A"
"Legacy: The Testament of Duke de Crecy","32D"
"Legendary Encounters: An Alien Deck Building Game","21B"
"Legendary Forests","11D"
"Legendary: A James Bond Deck Building Game","21B"
"Legendary: A Marvel Deck Building Game","18A"
"Legends of Andor","47C"
"Legends of Andor: Eternal Frost","47C"
"Legends of Andor: The Last Hope","47C"
"Legion: The Siberian Story","19E"
"Lemuria","34A"
"Leonardo da Vinci","34A"
"Let Them Eat Shrimp!","12C"
"Let's Go Fishin'","28A"
"Let's Go! To Japan","24B"
"Let's Go! To Japan","24B"
"Let's Kill!","52C"
"Let's Make a Bus Route: The Dice Game","35E"
"Letter Jam","31C"
"Letters from Whitechapel","23A"
"LetterTricks","54E"
"Level 7 [Omega Protocol]","34E"
"Leviathan Wilds","21B"
"Leviathan Wilds","10C"
"Liars Dice","31E"
"Libertalia","10A"
"Libertalia: Winds of Galecrest","10A"
"Liberté","1C"
"Liberty or Death: The American Insurrection","49B"
"Lie Detector: The Crime Solving Card Game","53A"
"Life of the Amazonia","11C"
"Life of the Amazonia","11C"
"Lift Off","46E"
"Lift Off","26A"
"Lightning Train","14A"
"Liguria","34D"
"Limes","36B"
"Lincoln","36D"
"Linkee!","54K"
"Linkto Travel","45B"
"Linx","54K"
"Lions of Lydia","33C"
"Lisboa","42E"
"Living Forest","11B"
"Livingstone","40A"
"Lizard Wizard","3E"
"Loch Ness","40B"
"Logistico","15A"
"Logistico","1B"
"Lone Wolves","54H"
"Long Shot: The Dice Game","54R"
"Long Shot: The Dice Game","54R"
"Longboard","53Q"
"Longhorn","45B"
"Loony Quest","28B"
"Looot","17D"
"Loopin' Chewie","26C"
"Loopin' Louie","27C"
"Loot of Lima","51A"
"Looterz","53S"
"Looterz","36D"
"Lord of the Rings: The Search","36B"
"Lords of Hellas","34B"
"Lords of Ragnarok","17D"
"Lords of Vegas","24A"
"Lords of Vegas","24A"
"Lords of Waterdeep","43D"
"Lords of Waterdeep","43D"
"Lords of Xidit","5D"
"Lorenzo il Magnifico","8B"
"Lost Cities","35A"
"Lost Cities: Roll & Write","52S"
"Lost Cities: The Board Game","15D"
"Lost Explorers","30B"
"Lost in R'lyeh","53P"
"Lost Legends","6E"
"Lost Ruins of Arnak","41D"
"Lost Ruins of Arnak","41D"
"Lost Valley: The Yukon Goldrush 1896","10C"
"Lotus","51D"
"Louis XIV","40B"
"Love Letter","54M"
"Love Letter","54M"
"Love Letter","54M"
"Love Letter","52M"
"Love Letter: Batman","54M"
"Love Letter: Bridgerton","54M"
"Love Letter: Bridgerton","54M"
"Love Letter: Bridgerton","54M"
"Lovecraft Letter","54M"
"Löwenherz","8C"
"Lowlands","45E"
"Lucky Loop","33A"
"Lucky's Misadventures: Episode 42 – Lost in Oddtopia","29E"
"Lumicora","12C"
"Luna","3C"
"Lunar","54F"
"Lunar Rush","26A"
"Lunaris 45","26A"
"Luxor","7E"
"luz","54E"
"LUZ","52I"
"Lynx","12A"
"Macao","3B"
"Machi Koro: Bright Lights, Big City","27C"
"Mad Scientist University","45B"
"Madame Ching","44B"
"Madeira","46C"
"Maelstrom","33E"
"Maeshowe: an Orkney Saga","17D"
"Mafia","53C"
"Magdar","30A"
"Magdar","42A"
"Mage Wars Academy","45A"
"Mage Wars Arena","37E"
"Magic Maze","22B"
"Magic Mountain","27C"
"Magic Trick","54E"
"Maglev Metro","14D"
"Magna Grecia","29B"
"Magnastorm","44B"
"Magnastorm","38B"
"Magnum Sal","40E"
"Maharaja","6B"
"Maharani","30C"
"Mai-Star","52K"
"Maiden's Quest","53R"
"Majesty: For the Realm","6D"
"Majesty: For the Realm","15C"
"Maki Master","10E"
"Mammoth Hunters","1A"
"Mammut","11D"
"Mamoonia","39E"
"Mancala","27D"
"Mandala","36B"
"Mandala Stones","15D"
"Manitoba","29B"
"Manoeuvre","48A"
"Manoeuvre","42E"
"Manoeuvre","50A"
"Maple Valley","2D"
"Maps of Misterra","24B"
"Maracaibo","43B"
"Marajoara","15B"
"Marbleous","28C"
"Marco Polo II: In the Service of the Khan","7A"
"Mare Nostrum: Empires","48D"
"Mare Nostrum: Empires","48D"
"Mare Nostrum: Empires Kickstarter Exclusives","48D"
"Margraves of Valeria","2A"
"Maria","32C"
"Mariposas","11A"
"Marrakech","7E"
"Marrakesh","3C"
"Marrying Mr. Darcy","52T"
"Marrying Mr. Darcy","54U"
"Marshmallow Test","39A"
"Martinique","36E"
"Marvel Champions: The Card Game","42B"
"Marvel Champions: The Card Game","50A"
"Marvel D.A.G.G.E.R.","18A"
"Marvel D.A.G.G.E.R.","18A"
"Marvel Dice Masters: Avengers vs. X-Men","45B"
"Marvel Dice Throne: Battle Chest","18A"
"Marvel Dice Throne: Deadpool","18A"
"Marvel United","18A"
"Marvel United: X-Men","18A"
"Marvel Zombies: A Zombicide Game","21C"
"Marvel: Damage Control","18A"
"Marvel: Remix","53T"
"Mascarade","53K"
"Masmorra: Dungeons of Arcadia","22B"
"Masons","33B"
"Masque of the Red Death","31A"
"Masques","53S"
"Massive Darkness","23E"
"Massive Darkness 2: Hellscape","23E"
"Master Builder","6B"
"Mastermind 44","28C"
"Match Madness","31C"
"Match of the Century","35A"
"Maya Madness","45B"
"Mazescape Kids: Hipnos","53B"
"Mazescape XP: Cryo-C","53B"
"Meadow","11C"
"Meadow","11C"
"Meadow","50A"
"Mechanica","5E"
"Mechs vs. Minions","43B"
"Mechs vs. Minions","43B"
"Medici","8B"
"Medici vs Strozzi","36B"
"Medici: The Card Game","52S"
"Medici: The Dice Game","52S"
"Medieval","29B"
"Medieval Academy","2B"
"Medina","7B"
"Meenakshi Temple","7B"
"Meeple Circus","4B"
"Mega Civilization","47E"
"Mega Empires: The West","47E"
"MEGAcquire GOLD","38B"
"Megaland","4C"
"Megalomania Card Game","32D"
"Melee","34A"
"Meltwater: A Game of Tactical Starvation","35E"
"Memoir '44","50A"
"Memoir '44","35D"
"Memoir '44","49D"
"Men at Work","15B"
"Men-Nefer","7D"
"Men-Nefer","7D"
"Menara","22B"
"Mercado de Lisboa","9C"
"Mercante","34C"
"Mercatores","54S"
"Mercatores","47C"
"Merchants & Marauders","10B"
"Merchants & Marauders: Broadsides","10B"
"Merchants Cove","10A"
"Merchants of Amsterdam","40B"
"Merchants of the Dark Road","6E"
"Meridian","44C"
"Merkator","5B"
"Merkator","3B"
"Mermaid Rain","40C"
"Merv: The Heart of the Silk Road","7E"
"Mesopotamia","30D"
"MESOS","1A"
"Mesozooic","52D"
"Messina 1347","8D"
"Metro","14D"
"Metro Runner","19E"
"Metro X","51C"
"Metropolys","33B"
"Mexica","6C"
"Mice and Mystics","22D"
"Michael Strogoff","8D"
"MicroMacro: Crime City","13A"
"MicroMacro: Crime City – All In","13A"
"Micropolis","11C"
"Middara: Unintentional Malum – Act 1","38A"
"Middle Ages","24E"
"Middle Kingdom","45C"
"Middle-Earth Quest","32B"
"Mighty Monsters","39A"
"MIL (1049)","33C"
"Milito","47B"
"Mille Bornes","52B"
"Mille Fiori","15B"
"Mille Fiori","15B"
"Millennium Blades","5D"
"Mind MGMT: The Psychic Espionage “Game.”","21D"
"Mind MGMT: The Psychic Espionage “Game.”","21D"
"Mind Space","52O"
"Mind Space","52P"
"Mindburners","52K"
"Minecraft: Builders & Biomes","18B"
"Ming Dynasty","29A"
"Minos: Dawn of the Bronze Age","16B"
"Minotaur Lords","45A"
"Mint Delivery","53A"
"Mint Works","53A"
"Mission Zero","25D"
"Mississippi Queen","32C"
"Mistborn: The Deckbuilding Game","18B"
"Mistborn: The Deckbuilding Game","18B"
"Mists over Carcassonne","27A"
"Mistwind","14E"
"Mixture Mischief","54S"
"MLEM: Space Agency","25C"
"Moby Dick, or, The Card Game","53O"
"Modern Art","51C"
"Moesteiro","8A"
"Mombasa","6A"
"Momiji","11E"
"Monastery","39C"
"Money!","54S"
"Monikers","52O"
"Monkey Mayhem","30A"
"Monkey Palace","50A"
"Monkey Palace","28B"
"Monolyth","15D"
"Monopoly","28C"
"monsdrawsity: Cute Creatures","52Q"
"Monsters Menace America","40B"
"Monsters Menace The World","4A"
"Montana","24C"
"Moon Bunny","5E"
"Moon Colony Bloodbath","25C"
"Moonflight","29B"
"MoonQuake Escape","26A"
"Moonrakers","25C"
"Moonshine Empire","10D"
"Morels","36B"
"Mori","54F"
"Mosaic: A Story of Civilization","38C"
"Motor City","51F"
"Mottainai","52L"
"Mottainai: Wutai Mountain","54U"
"Mountain Goats","52U"
"Mountains of Madness","21B"
"Mountains out of Molehills","2D"
"Mouse Trap","28E"
"Mouse Trap","28A"
"Moving Wild","54U"
"Mr. Card Game","33B"
"Mr. Jack","36C"
"Mr. Jack in New York","36C"
"Mr. Jack Pocket","52A"
"Munchkin","51F"
"Munchkin Dungeon","39C"
"Mundus Novus","51D"
"Municipium","8B"
"Murano","34C"
"Murder Mystery Party: The Night Hunter Game","13B"
"Murder of Crows","53U"
"Murder on the Cosmic Express","53U"
"Muse","31A"
"Museum","9D"
"Museum: Pictura","9D"
"Mush! Mush!: Snow Tails 2","40D"
"My City","20D"
"My City: Roll & Build","53I"
"My Farm Shop","28C"
"My Father's Work","9E"
"My Little Pony: Adventures in Equestria Deck-Building Game","19A"
"My Little Scythe","28D"
"My Village","8A"
"My Word!","54R"
"Mycelia","11E"
"Mykerinos","34A"
"Myrmes","46C"
"Myst","46D"
"Mysterium","23A"
"Mysterium","23A"
"Mysterium Park","51D"
"Mystery Express","2C"
"Mystery of the Abbey","13B"
"Mystery on the Nile","7C"
"Mystery Rummy: Al Capone and the Chicago Underworld","53N"
"Mystery Rummy: Escape from Alcatraz","53N"
"Mystery Rummy: Jack the Ripper","53N"
"Mystery Rummy: Jekyll & Hyde","53N"
"Mystery Rummy: Murders in the Rue Morgue","53N"
"Mystic Paths","4E"
"Mystic Vale","26E"
"Mystic Vale: Conclave","26E"
"Mythalix","4E"
"Mythic Battles: Pantheon","38E"
"Mythic Mischief","2A"
"Mythic Mischief Vol. II","2A"
"Mythical Dice","51D"
"Mythotopia","1C"
"Mythwind","21E"
"Namiji","2C"
"Nanty Narking","1D"
"Narabi","52H"
"Nassau","3C"
"Nations","16B"
"Nations: The Dice Game","16B"
"Nautilion","54T"
"Nautilus","32C"
"Navegador","32D"
"Neanderthal","45C"
"Near and Far","4C"
"Nebula","26A"
"Nefarious","13D"
"Neko Harbour: The Card Game","12D"
"Neko Syndicate","52M"
"Neko Syndicate","52M"
"Nekojima","15E"
"Nemesis","41C"
"Nemesis: Lockdown","21C"
"Nemesis: Lockdown","12C"
"Neon Reign","36C"
"Neon Reign","36C"
"Nero: Legacy of a Despot","30E"
"Nessos","52C"
"Nestlings","11D"
"Nestlings","39E"
"Netrunner","53G"
"Neuland","16D"
"Neuroshima Hex: Battle","35E"
"Neuroshima Hex! 3.0","3A"
"Neuroshima Hex! Duel","36E"
"Nevada City","24A"
"Nevermore","31D"
"Nevsky: Teutons and Rus in Collision 1240-1242","49A"
"New Amsterdam","33A"
"New England","39E"
"New Frontiers","25E"
"New World: A Carcassonne Game","46B"
"New York","44E"
"New York 1901","20E"
"New York City","3C"
"New York Slice","10D"
"New York Zoo","5B"
"Newton","8A"
"Next Station: London","52R"
"Nexus Ops","33E"
"Niagara","33A"
"Nice Buns","54J"
"Nidavellir","17E"
"Nidavellir","17E"
"Night of the Grand Octopus","34A"
"Night of the Living Dead: A Zombicide Game","21C"
"Nightmare Forest: Alien Invasion","45C"
"Nightmare Forest: Dead Run","45C"
"Nightmare Productions","4A"
"Nightmare Productions","4A"
"Nimalia","53R"
"Nimble","45C"
"Niña & Pinta","10C"
"Nine Tiles Panic","54U"
"Nine-minute Kingdom","54S"
"Ninjato","8E"
"Nippon","8E"
"NMBR 9","15C"
"No Loose Ends","52I"
"No Retreat! The Russian Front","48B"
"No Thanks!","53C"
"Noblemen","44E"
"Noctiluca","15E"
"Nocturion","33E"
"Nocturne","11C"
"Nokosu Dice","54A"
"Noobs in Space","53H"
"Noria","44C"
"Northgard: Uncharted Lands","17E"
"Not Alone","53J"
"Not Alone: Sanctuary","54S"
"Nothing Personal","19C"
"Notre Dame: 10th Anniversary","3C"
"Nova Era","16C"
"Nova Luna","5B"
"Nova Luna","5B"
"Nova Roma","9A"
"Nucleum","20C"
"Nucleum","20C"
"Nucleum: Australia","20C"
"Nunatak: Temple of Ice","1A"
"Nusfjord","5C"
"Nut Hunt","2D"
"Nut So Fast","31B"
"Nyakuza","3E"
"Nyctophobia","47B"
"Nyet!","54G"
"O Zoo le Mio","46A"
"Oasis","39D"
"Oath","23A"
"Oathsworn: Into the Deepwood","42D"
"Obelus","53F"
"Obscurio","23A"
"Obsession","42E"
"Oceania","36A"
"Oceanos","2D"
"Oceans","12B"
"OctoDice","52L"
"Oddland","36B"
"Ofrenda","5A"
"Ogre Bash","53A"
"Oh My Goods!","54U"
"Oh My Goods!: Flucht nach Canyon Brook","54U"
"Oh My Goods!: Longsdale in Revolt","54U"
"Ohanami","52K"
"Okko Chronicles: Cycle of Water – Quest into Darkness","23B"
"Okko: Era of the Asagiri","29A"
"Oltre Mare","30B"
"Omen: A Reign of War","54P"
"Omen: Edge of the Aegean","54P"
"Omen: Fires in the East","54P"
"Omicron Protocol","45D"
"On Mars","42C"
"On the Underground","14D"
"On the Underground: London / Berlin","14D"
"On Tour","20A"
"On-sets","53B"
"Once Upon a Time: The Storytelling Card Game","51C"
"One Card Dungeon","52I"
"One Deck Dungeon","54I"
"One Night Revolution","54O"
"One Night Ultimate Alien","54L"
"One Night Ultimate Vampire","54L"
"One Night Ultimate Werewolf","54L"
"One Night Ultimate Werewolf: Daybreak","54L"
"One-Hit Heroes","54T"
"Onitama","35A"
"Onward to Venus","1C"
"Operation Barclay","35C"
"Ora et Labora","5B"
"Oranienburger Kanal","5C"
"Orc-lympics","53Q"
"Orcs Orcs Orcs","33E"
"Orcz","30A"
"Order of the Gilded Compass","47C"
"Oregon","24C"
"Orichalcum","19E"
"Origin","47A"
"Orion Duel","25A"
"Orléans","42A"
"Orléans: Christmas Market","42A"
"Oros","9A"
"Oshi","15B"
"Ostia","20C"
"Ostia","20C"
"Ostrakon","53C"
"Ouch!","54Q"
"Outback","6B"
"Outlive","19E"
"Outpost: Amazon","53P"
"Outpost: Siberia","53P"
"Outrage! Steal the Crown Jewels","39D"
"Ovation","51E"
"Overboss Duel","35C"
"Overboss: A Boss Monster Adventure","46E"
"Overboss: A Boss Monster Adventure","53A"
"Overparked","15D"
"Overseers","51C"
"P for Pizza","54K"
"P.I.","1B"
"P.I.","24B"
"Pagan: Fate of Roanoke","36D"
"Paint the Roses","22A"
"Palaces","51C"
"Paladins of the West Kingdom","43A"
"Palazzo","33B"
"Palenque","30C"
"Paleo","21A"
"Palm Island","53O"
"Pampero","37C"
"Pan Am","14D"
"Panamax","14E"
"Panda Spin","54H"
"Pandemic","22C"
"Pandemic: Hot Zone – Europe","22C"
"Pandemic: Rapid Response","22C"
"Pandemic: Rising Tide","22C"
"Pandemic: The Cure","22C"
"Panzer: The Game of Small Unit Actions and Combined Arms Operations on the Eastern Front 1943-45","48B"
"Paper Dungeons: A Dungeon Scrawler Game","51F"
"Paper Tales","5D"
"Paper Trail","9B"
"Paperback","52U"
"Papertown","44A"
"Parade","52D"
"Paris","6B"
"Paris: La Cité de la Lumière","36B"
"Paris: New Eden","30B"
"Park Life: Hedgehog","54I"
"Park Life: People","54I"
"PARKS","12E"
"PARKS","12E"
"Parthenon: Rise of the Aegean","34E"
"PASS","54C"
"Pastiche","40E"
"Patchwork","36B"
"Patchwork","36B"
"Path of Civilization","16A"
"Path of Civilization","16A"
"Path of Civilization","16A"
"Path of Light and Shadow","33B"
"Pathfinder Adventure Card Game: Rise of the Runelords – Base Set","47E"
"Pathfinder Adventure Card Game: Skull & Shackles – Base Set","47E"
"Paths of Glory","48B"
"Patrician","8A"
"Patterns","35C"
"Pavlov's Dogs","54Q"
"PAX","45C"
"PAX","42C"
"Pax Porfiriana","5C"
"Pax Porfiriana","44C"
"Pax Transhumanity","52P"
"Pay Dirt","47A"
"Payday","28E"
"Peacemakers: Horrors of War","22B"
"Pecking Order","36C"
"Peloponnes","16C"
"Pendragon: The Fall of Roman Britain","49B"
"Penguin Party","52K"
"People Power: Insurgency in the Philippines, 1981-1986","49B"
"Perch","11A"
"Perdition's Mouth: Abyssal Rift","22D"
"Perfection","28B"
"Pergamemnon","53R"
"Pergamon","7C"
"Pergola","11B"
"Pergola","50A"
"Pericles: The Peloponnesian Wars","48A"
"Perikles","1B"
"Perseverance: Castaway Chronicles – Episodes 1 & 2","37A"
"Perspectives","21A"
"Perudo","28B"
"Phalanxx","30C"
"Phantom Ink","31C"
"Phantom Ink: Arcana","31C"
"Pharaon","7C"
"Phoenicia","30C"
"Phoenix New Horizon","16A"
"Photograph","52J"
"Photosynthesis","12C"
"Photosynthesis","36A"
"Pick Your Poison","31E"
"Pick-a-Pepper","51F"
"Pick-a-Pepper","28A"
"Pictomania","31B"
"Pieces of Eight: The Maiden's Vengeance","51C"
"Piepmatz","53F"
"Pies","54C"
"Pikoko","15B"
"Pinochle","54C"
"Pioneer Rails","20A"
"Pipeline","20C"
"Pirate Den","10A"
"Pirate Dice: Voyage on the Rolling Seas","10A"
"Pirate's Cove","10A"
"Pirates of Maracaibo","6A"
"Pitch Fleet","44A"
"Pitch Six","54E"
"Pitch Six","18B"
"Pixels and Polygons","15B"
"Pixies","53A"
"Pizarro & Co.","8C"
"Plague Inc.: The Board Game","3A"
"Planes","14E"
"Planet Apocalypse","38C"
"Planet B","25B"
"Planet Defenders","26A"
"Planet Steam","9E"
"Planet Unknown","25E"
"Planet Unknown","25E"
"Planta Nubo","5B"
"Planted: A Game of Nature & Nurture","45E"
"Plantopia: The Card Game","52C"
"Plate It Up","31B"
"Play 5","31D"
"Play Me: Alice in Wonderdice","54U"
"Please Don't Burn My Village!","28C"
"Plotters, Inc.","54E"
"Plums","54G"
"Pocket Detective","54I"
"Pocket Farm","54I"
"Pocket Imperium","53R"
"Pocket Landship","45C"
"Pocket Pharma","53I"
"Poetry for Neanderthals","50A"
"Point City","52P"
"Point Galaxy","52P"
"Point Salad","52P"
"Poison","47A"
"Polaris","26B"
"Polis: Fight for the Hegemony","45A"
"Pollen","11C"
"Polynesia","29E"
"Pompiers!","54E"
"Port Royal","54U"
"Port Royal","10B"
"Porta Nigra","6C"
"Portmanteau: A Cooperative Game of Linguistic Fusion","52Q"
"Portobello Market","40C"
"Poseidon","34B"
"Posthuman Saga","19E"
"Potato Man","54G"
"Potion Explosion","6D"
"Potions of Azerland","6D"
"Potions of Azerland","6D"
"Power Grid","42E"
"Power Grid","42E"
"Power Grid: Factory Manager","29C"
"Power Grid: The Card Game","29C"
"Power Grid: The Card Game","29C"
"Power Hungry Pets","53U"
"Power Plants","6D"
"Power Rangers: Deck-Building Game","19A"
"Power Struggle","44B"
"Praetor","44D"
"Praga Caput Regni","8D"
"Precognition","3A"
"Prehistories","46D"
"Prêt-à-Porter","9B"
"Priests of Ra","7C"
"Princes of the Renaissance","1D"
"Princess Jing","36D"
"Principato","47A"
"Principato","2B"
"Progress: Evolution of Technology","34D"
"Project L","15D"
"Project: ELITE","23C"
"Prophecy","54H"
"Propolis","52U"
"Proteus","53A"
"Provincia Romana","44C"
"Prowler's Passage","35A"
"Puerto Rico","42C"
"Pulsar 2849","25D"
"Purrrlock Holmes: Furriarty's Trail","13D"
"Push a Monster","30E"
"Puzzle Strike","28C"
"Pyramidice","7E"
"Pyramids","52E"
"QE","31B"
"Qin","8E"
"Quacks","43A"
"Quacks","43A"
"Quad-Ominos","30F"
"Quadropolis","20E"
"Quantum","25C"
"Quarriors!","5D"
"Quarriors! Light vs. Dark","5D"
"Quartermaster General","49D"
"Quartermaster General: 1914","49D"
"Quartermaster General: Alternate Histories","49D"
"Quarto","15D"
"Quartz: The Dice Game","53P"
"Quatermain","11A"
"Québec","5C"
"Quebec 1759","48C"
"Queen by Midnight","9E"
"Queen by Midnight: Quarter Past","9E"
"Queen's Necklace","47A"
"Queen's Necklace","52U"
"Queendomino","27B"
"Queenz: To Bee or Not to Bee","11A"
"Quest","54O"
"Quests of the Round Table","51F"
"Quests of Valeria","54S"
"Quiddler","45B"
"Quirky Circuits","5E"
"Qwingo","52J"
"Qwirkle","15C"
"Qwixx","52R"
"Ra","7C"
"Ra","7C"
"RA and Write","20A"
"Ra: The Dice Game","7C"
"Raccoon Tycoon","3E"
"Race for the Chinese Zodiac","11E"
"Race for the Galaxy","43B"
"Race for the Summit","52J"
"Race to the Ark","29B"
"Race to the New Found Land","10C"
"Race to the New Found Land","22A"
"Rack-O","28E"
"Radiant: Offline Battle Arena","35C"
"Radlands","54P"
"Ragnarocks","45D"
"Ragusa","8C"
"Raiatea","33B"
"Raiders of Scythia","9A"
"Raiders of the North Sea","9A"
"Raiding Parties: Golden Age of Piracy","53G"
"Raids","17D"
"Raids","52H"
"Raids","52H"
"Raids","52H"
"Railroad Revolution","45D"
"Railroad Tiles","14A"
"Railroad Tycoon: The Boardgame","14C"
"Rails of New England","45D"
"Railways of Nippon","14C"
"Railways of the World","14C"
"Railways of the World: The Card Game","51A"
"Raise Your Goblets","9D"
"Raising Chicago","20D"
"Rajas of the Ganges","7A"
"Rajas of the Ganges: The Dice Charmers","20A"
"Rallyman: GT","17B"
"Rap Godz","9B"
"Raptor","35D"
"Ratjack","52H"
"Rats of Wistar","3E"
"Rattus","30A"
"Rattus Cartus","30A"
"Rattus: Africanus","30A"
"Raxxon","22D"
"Rayguns and Rocketships","25A"
"Ready Set Bet","17B"
"Reavers of Midgard","17D"
"Rebel Princess","54G"
"Rebirth","3D"
"Rebirth","3D"
"Reclamation Opoly","46A"
"Red Alert: Space Fleet Warfare","48E"
"Red Dust Rebellion","49B"
"Red Empire","53B"
"Red Flags","53D"
"Red November","53L"
"Red Rising","18B"
"Red7","54U"
"Reef","12B"
"Reef Encounter","12B"
"Reef Project","12B"
"Regicide","54K"
"Reign of Cthulhu","22C"
"Relationship Tightrope","51D"
"Relics of Rajavihara","44E"
"Remember Our Trip","24B"
"Ren Faire","52C"
"Renaissance Man","30B"
"RENREN","54K"
"Reputation","51A"
"Res Arcana","6E"
"Res Arcana Duo","36B"
"Resafa","7D"
"Resident Evil: The Board Game","21D"
"Resurgence","16C"
"Revive","43B"
"Revive","43B"
"Revolution: The Dutch Revolt 1568-1648","30E"
"Revolution!","44B"
"Revolver Noir","53A"
"Rewind","54E"
"Rheinländer","8A"
"Rhino Hero","53F"
"Rhino Hero","31B"
"Rhino Hero: Super Battle","31B"
"Rhymes with Duck","50A"
"Rialto","3B"
"Richard III: The Wars of the Roses","48C"
"Richard the Lionheart","40D"
"Ride The Outlaw Trail","24C"
"Riftforce","35A"
"Río de la Plata","32E"
"Rise","20D"
"Rise of Augustus","5A"
"Rise of Tribes","16A"
"Rise to Nobility","9A"
"Rising Sun","8E"
"Risk 2210 A.D.","28E"
"Risk 2210 A.D.","28E"
"Risk: Battlefield Rogue","49E"
"Risk: Europe","49E"
"Risk: Godstorm","49E"
"Risk: Godstorm","26C"
"Risk: Godstorm","26C"
"Risk: Godstorm","26C"
"Risk: The Lord of the Rings","32B"
"Risk: The Lord of the Rings","19A"
"Risky Adventure","40D"
"Rivages","51B"
"Rival Cities","35A"
"Rival Realms","52K"
"Rival Restaurants","10E"
"Rival Restaurants","35D"
"River of Gold","7B"
"Riverboat","6B"
"Riverside","20B"
"Roads & Boats","2E"
"Roam","4C"
"Robin Hood","35D"
"Robin of Locksley","5B"
"Robin of Locksley","22E"
"Robinson Crusoe: Adventures on the Cursed Island – The Book of Adventures","22E"
"ROBiTs","53B"
"Robo Rally Transformers","38A"
"Robo Rally: 30th Anniversary","38A"
"Robot Quest Arena","5E"
"Robot Quest Arena","5E"
"Robotrick","54D"
"Rock Hard: 1977","9B"
"Rock Hard: 1977","9B"
"Rocketmen","1B"
"Rocketmen","8C"
"Roket Raket","52C"
"Roll Camera!: The Filmmaking Board Game","28C"
"Roll for Adventure","5D"
"Roll for the Galaxy","25A"
"Roll Player","5D"
"Roll Player Adventures","38D"
"Roll Player Adventures: Gulpax's Secret","38D"
"Roll Through the Ages: The Bronze Age","51C"
"Roll Through the Ages: The Bronze Age","16B"
"Journeys","51E"
"Journeys","24A"
"Rolling Freight","14A"
"Rolling Heights","20D"
"Rolling Ranch","52J"
"Rolling Realms Redux","51C"
"Roma","35A"
"Romance of the Three Kingdoms Card Game","51C"
"Romans Go Home!","53A"
"Romi Rami","54I"
"Rook","54D"
"Root","41E"
"Root","41E"
"Rorschach","15E"
"Rossio","29A"
"Rotterdam","32E"
"Round the World","53Q"
"Royal Palace","40C"
"Rum & Pirates","3B"
"Rummikub","28B"
"Run Fight or Die: Reloaded","9D"
"Run Fight or Die: Reloaded","22B"
"Rune Stones","4E"
"Rune Stones","44B"
"Runemasters","51C"
"RuneScape Kingdoms: Shadow of Elvarg","21E"
"Runewars","37E"
"Runir","17E"
"Rurik: Dawn of Kiev","17E"
"Ruse and Bruise","52E"
"Rush M.D.","21D"
"Sabika","7D"
"Sabotage","29D"
"Saboteur","53G"
"Saboteur","53G"
"Sacred Valley","33B"
"Saga","45B"
"Saga of the Northmen","39D"
"Sagani","5B"
"Sagrada","27C"
"Sail to India","53B"
"Sailing Toward Osiris","40D"
"Sailing Toward Osiris","8D"
"Salmon Run","12C"
"Saloon Tycoon","24C"
"Saltfjord","12C"
"Salton Sea","12C"
"Samara","51C"
"Samarkand: Routes to Riches","32D"
"Samsara","30B"
"Samurai","34D"
"San Francisco","20D"
"San Juan","51D"
"San Juan","10C"
"San Marco","34D"
"Sanctum","44A"
"Sand","15A"
"Sandbag","54E"
"Sangoku","46D"
"Sankoré: The Pride of Mansa Musa","7D"
"Sankoré: The Pride of Mansa Musa","7D"
"Sanssouci","6C"
"Santa Maria","10C"
"Santa Monica","20D"
"Santa Monica","30D"
"Santiago","34D"
"Santiago de Cuba","10C"
"Santorini","36C"
"Santorini","36C"
"Santorini: New York","36C"
"Santorini: New York","36C"
"Sapiens","1A"
"Savage: A Game of Survival","22D"
"Savannah Park","6B"
"Save Doctor Lucky","34D"
"Savernake Forest","53B"
"Say Anything","31D"
"ScandalOh!","13D"
"Scarab Lords","35C"
"Schneeble","54D"
"Scholars of the South Tigris","9A"
"Scholars of the South Tigris","9A"
"School of Sorcery","47B"
"Schotten Totten","53O"
"Schrödinger's Cats","54Q"
"Schrödinger's Cats","52K"
"Schrödinger's Cats","51F"
"Scorpius Freighter","34E"
"SCOUT","54D"
"SCOUT","54D"
"Scoville","10E"
"Scoville","10E"
"Scrabble","28C"
"Scripts and Scribes: The Dice Game","51B"
"scum: The Food Chain Game","31E"
"Scythe","41D"
"Scythe","41D"
"Sea Dragons","6E"
"Sea of Clouds","51B"
"Sea Salt & Paper","54I"
"Sea Salt & Paper","54I"
"Seas of Havoc","10A"
"Seaside","34D"
"Seasons","2A"
"Seastead","36A"
"Seastead","53T"
"Secrets of the Lost Tomb","23C"
"Secrets of the Tombs","1B"
"Seikatsu","51A"
"Sekigahara: The Unification of Japan","35E"
"Sellswords","52C"
"Senator","33A"
"Senjutsu: Battle For Japan","8E"
"Senseï","35C"
"Senshi","51F"
"Sentinels of the Multiverse","13E"
"Septima","6D"
"Sequoia","52U"
"Serenissima","29A"
"SET","53K"
"SETI: Search for Extraterrestrial Intelligence","41C"
"SETI: Search for Extraterrestrial Intelligence","41C"
"SETUP","15C"
"Seven Bridges","20A"
"Seven7s","53U"
"Sfynx","51D"
"Shackleton Base: A Journey to the Moon","25B"
"Shadow Hunters","13B"
"Shadowfist","30A"
"Shadowgate: The Living Castle","18B"
"Shadowgate: The Living Castle","19E"
"Shadows of Brimstone: City of the Ancients","23D"
"Shadows of Brimstone: Swamps of Death","23D"
"Shadows over Camelot","23B"
"Shadows over Camelot: The Card Game","53K"
"Shadows Over the Empire","47A"
"Shadows: Amsterdam","13D"
"Shadowscape","45B"
"Shake That City","20E"
"Shakespeare","3D"
"Shallow Sea","12B"
"Shanghai Trader","39D"
"Shapers of Gaia","30B"
"Shards of Infinity","46C"
"Shear Panic","28D"
"Sheepy Time","28B"
"Sheepy Time","31C"
"Sherlock Holmes Consulting Detective: Carlton House & Queen's Park","13B"
"Sherlock Holmes Consulting Detective: Jack the Ripper & West End Adventures","13B"
"Sherlock Holmes Consulting Detective: Jack the Ripper & West End Adventures","50A"
"Sherlock Holmes Consulting Detective: The Baker Street Irregulars","13B"
"Sherlock Holmes Consulting Detective: The Thames Murders & Other Cases","13B"
"Sherlock: The Game Is Afoot","13B"
"Shifting Stones","15E"
"Shikoku 1889","14A"
"Shinkansen: Zero-Kei","14A"
"Ships","1B"
"Ships","14E"
"SHŌBU","35A"
"SHŌBU","45E"
"Shogunate","51F"
"Show Manager","4A"
"Shuffle and Swing","3E"
"Siam","35C"
"Siberia: The Card Game","45B"
"Side Quest: 7th Sea","45B"
"Side Quest: Nemesis","45B"
"Sidekick Saga","22B"
"Sidereal Confluence","25D"
"Sides","53S"
"Siege Storm","52A"
"SiegeStones","34A"
"Siena","30C"
"Signorie","44D"
"Silicon Valley","44D"
"Silver & Gold","53R"
"Silver Bullet","53I"
"Silver Coin","53I"
"Similo: Board Games 2023","53G"
"Simply Cosmic","46A"
"Singapore","32E"
"Singapore","52K"
"Sixteen Thirty Something","1D"
"Skate Summer","9B"
"Skies Above the Reich","48C"
"Skoventyr","54R"
"Skull","52R"
"Skull","50A"
"Skull King","54C"
"Sky Team","41E"
"Sky Team","41E"
"Sky Team: Turbulence","41E"
"Skymines","6A"
"Skyrise","3D"
"Skyrockets","51B"
"Slay the Spire: The Board Game","41C"
"Sleeping Gods","42E"
"Sleeping Gods","42E"
"Sleeping Gods: Primeval Peril","4C"
"Slip It In","50A"
"Small City","39E"
"Small Islands","29A"
"Small World","16C"
"Small World","50A"
"Small World of Warcraft","16C"
"Small World Underground","16C"
"Smart10","15E"
"Smash Up: Science Fiction Double Feature","37B"
"Smear","53B"
"Snakesss","54J"
"Snap Ships Tactics","46C"
"Snap Ships Tactics","44E"
"Snow Tails","40D"
"Snow White and the Seven Dwarfs: A Gemstone Mining Game","19A"
"Snowcrest","3E"
"Snowcrest","14C"
"Snowfall Over Mountains","52R"
"So Clover!","50A"
"So Clover!","31B"
"So Clover!","31B"
"Sobek: 2 Players","35A"
"Sola Fide: The Reformation","35E"
"Solar Sphere","26B"
"Solar Storm","52D"
"Sold! The Antique Dealer Game","35E"
"Solomon Kane","47C"
"Solstis","52R"
"Sonora","11A"
"Sons of Anarchy: Men of Mayhem","19C"
"Sorry!","28A"
"SOS Titanic","51C"
"Soul of the Empire","33E"
"Soundtrack Trivia","31D"
"Sovereign Skies","26B"
"Space Alert","23C"
"Space Base","25B"
"Space Base: Command Station","25B"
"Space Craft","25E"
"Space Empires 4X","49C"
"Space Empires: Close Encounters","49C"
"Space Empires: Close Encounters","23C"
"Space Hulk: Death Angel – The Card Game","53L"
"Space Marine Adventures: Labyrinth of the Necrons","23C"
"Space Sheep!","25D"
"Space Station Phoenix","25E"
"SpaceCorp: 2025-2300AD","49A"
"SpaceCorp: Ventures","49A"
"Sparks","24E"
"Spartacus: A Game of Blood and Treachery","19A"
"Spectacular","11B"
"Spectacular","11B"
"Specter Ops","23A"
"Spectral","13A"
"Speculaas","52Q"
"Speculation","34A"
"Speechless","31D"
"Spell Smashers","39B"
"SpellBook","6D"
"Spicy","52I"
"Spike","14A"
"Spirit Island","41B"
"Spirits of the Rice Paddy","29A"
"Splendor","27B"
"Splendor","27B"
"Splendor","50A"
"Splendor Duel","50A"
"Splendor Duel","54R"
"Splendor Duel","54R"
"Splendor Duel","54R"
"Splendor Kids","50A"
"Splendor: Marvel","27B"
"Split","53G"
"Splito","53U"
"Spoils of War","46C"
"Spooky Castle","28D"
"Spot it Jr.! Animals","53D"
"Spot it!","53D"
"Spots","48B"
"Sprawlopolis","53A"
"Spurs: A Tale in the Old West","24C"
"Sputnik","25A"
"Spy","54O"
"Spy Connection","13A"
"Spyfall","31C"
"Spyrium","9E"
"Squadron Scramble","45B"
"Squaring Circleville","33C"
"Squishmallows Take 4","51E"
"Sriracha","28B"
"St Patrick","54E"
"Stack'n Stuff: A Patchwork Game","35B"
"Stalk Exchange","11E"
"Stamp Swap","24B"
"Star Clicker","22D"
"Star Realms","52M"
"Star Realms","52M"
"Star Realms: Colony Wars","45B"
"Star Realms: Frontiers","45B"
"Star Realms: Rise of Empire","25D"
"Star Trek Panic","26D"
"Star Trek: Ascendancy","26D"
"Star Trek: Captain's Chair","36E"
"Star Trek: Catan","26D"
"Star Trek: Cryptic","26D"
"Star Trek: Cryptic","26D"
"Star Trek: Fleet Captains","26D"
"Star Trek: Fleet Captains – Romulan Empire","26D"
"Star Trek: Frontiers","26D"
"Star Trek: Lower Decks – Buffer Time: The Card Game","54P"
"Star Trek: Star Realms","51D"
"Star Trek: Super-Skill Pinball","51E"
"Star Trek: The Next Generation","30F"
"Star Wars: Armada","46D"
"Star Wars: Battle of Hoth","50A"
"Star Wars: Destiny","26C"
"Star Wars: Epic Duels","26C"
"Star Wars: Imperial Assault","43A"
"Star Wars: Outer Rim","26C"
"Star Wars: Rebellion","41B"
"Star Wars: Rivals – Series 1: Premier Set","46A"
"Star Wars: The Card Game","26C"
"Star Wars: The Clone Wars","26C"
"Star Wars: The Deckbuilding Game","26C"
"Star Wars: The Queen's Gambit","26C"
"Star Wars: Unlimited - Intro Battle: Hoth","50A"
"Star Wars: Unlock!","26C"
"Star Wars: Unlock!","36E"
"Starcadia Quest","23E"
"StarCraft: The Board Game","18E"
"Starfighter","45A"
"Starry Night Sky","26B"
"Stars of Akarios","21D"
"Starship Captains","21E"
"Starship Catan","46B"
"Startups","54U"
"Stationfall","23B"
"Steam","14A"
"Steam Park","4B"
"Steam Power","1B"
"Steam Time","44D"
"Steam Time","45C"
"Steam Up: A Feast of Dim Sum","10D"
"Steam Works","9E"
"Steampunk Rally","40A"
"Steampunk Rally Fusion","40A"
"SteamRollers","34E"
"Steel Driver","1B"
"Stella: Dixit Universe","31A"
"Stellar","36D"
"Stellarion","54T"
"Stephens","8D"
"Stephens","8D"
"Stephenson's Rocket","14A"
"Steve Jackson's Munchkin Presents Batman","39C"
"Stich für Stich","51D"
"Stichling","54G"
"Stick 'Em","54N"
"Stockpile","20D"
"Stone Age","16A"
"Stone Age: Anniversary","16A"
"Stonespine Architects","4A"
"Stool Pigeon","53O"
"Stop Thief!","13D"
"Storytailors","28B"
"Strasbourg","3B"
"Stratego Waterloo","48E"
"Stratego Waterloo","28E"
"Street Fighter: The Miniatures Game","18B"
"Strike","31B"
"Strike of the Eagle","48D"
"Stroganov","8D"
"Stroganov","36C"
"Stroganov","36C"
"Strozzi","8B"
"Struggle of Empires","1B"
"Studies in Sorcery","51E"
"Stuffed Fables","21D"
"Sub Terra","38A"
"Subastral","53R"
"Subatomic: An Atom Building Game","12C"
"Subdivision","20E"
"Subjective","31B"
"Subjective","37C"
"Subjective","48B"
"Succulent","11C"
"Sugar Blast","28D"
"Sumatra","7B"
"Summer Camp","12E"
"Summer Camp","36E"
"Summoner Wars: Master Set","36E"
"Sun Tzu","35C"
"Sun Tzu","52H"
"Sun, Sea & Sand","39B"
"Suna Valo","35A"
"Sunken City","6C"
"Sunny Day Sardines","53G"
"Sunrise at the Studio","52M"
"Sunrise City","44A"
"Sunrise Sunset","52A"
"Sunset Over Water","52C"
"Sunset Over Water","52C"
"Super Kawaii Pets","54I"
"Super Kawaii Pets","20B"
"Super Motherload","46C"
"Super-Skill Pinball: 4-Cade","51A"
"Super-Skill Pinball: 4-Cade","20B"
"Super-Skill Pinball: 4-Cade","20B"
"Super-Vampires","28D"
"Superstore 3000","4A"
"Survival of the Fattest","11E"
"Survive: Escape from Atlantis!","9D"
"Sushi Draft","53U"
"Sushi Go Party!","51D"
"Sushi Go!","53U"
"Suspicion","13C"
"Sutter's Mill","30D"
"Svea Rike","39A"
"Swinging Jivecat Voodoo Lounge","29E"
"Switch & Signal","14A"
"Switchbacks","45C"
"Switching Tracks","14C"
"Sword & Sorcery","22D"
"Sword & Sorcery: Ancient Chronicles","37D"
"Sword of Rome: Conquest of Italy, 362-272 BC","49A"
"Sylla","33B"
"Sylvion","54T"
"Symphony No.9","30A"
"Synchronized","54P"
"T.I.M.E Stories","13A"
"Tabannusi: Builders of Ur","1D"
"Tabriz","7E"
"Tac Tac Jack","15E"
"Tack","52M"
"Taco Cat Goat Cheese Pizza","52P"
"Tactical Tech","9C"
"Tadmor","7A"
"Tag Team","35A"
"TAGS","31A"
"Tahuantinsuyu","39C"
"Tainted Grail: The Fall of Avalon","18D"
"Taj Mahal","7A"
"Tak","35E"
"Take 5","54J"
"Take Time","50A"
"Takenoko","2D"
"Takenokolor","2D"
"Tales & Games: Little Red Riding Hood","51E"
"Tales & Games: The Grasshopper & the Ant","51E"
"Tales & Games: The Hare & the Tortoise","51E"
"Tales & Games: The Pied Piper","51E"
"Tales from the Red Dragon Inn","23C"
"Tales of the Arabian Nights","21E"
"Tales of the Arthurian Knights","21E"
"Tall Tales","54E"
"Talon","49C"
"Talon 1000","49C"
"Talon 1000","1E"
"Tamashii: Chronicle of Ascend","22D"
"Tammany Hall","19C"
"Tang Garden","8E"
"Tangram City","44A"
"Tanuki","53P"
"Tapestry","16B"
"Tapeworm","52O"
"Target","52D"
"Targi","35A"
"Tash-Kalar: Arena of Legends","7E"
"Tasnia","35E"
"Tasso Banana","52N"
"Tattoo Stories","51A"
"Tea Garden","12A"
"Tea Witches","6E"
"Teenage Mutant Ninja Turtles: Shadows of the Past","19B"
"Tekhenu: Obelisk of the Sun","1D"
"Telepathic","53U"
"Telestrations","31D"
"Tellstones: King's Gambit","45B"
"Télos","45B"
"Tem-Purr-A","53O"
"Tempus","1B"
"TEN","51F"
"TEN","31A"
"TENTRICKS","15C"
"Teotihuacan: City of Gods","1D"
"Teotihuacan: City of Gods","1D"
"Tequila","51B"
"Terminus","14D"
"Terra Evolution","40B"
"Terra Mystica","41E"
"Terra Mystica","41E"
"Terra Nova","17A"
"Terracotta Army","8E"
"Terraforming Mars","41B"
"Terraforming Mars","41B"
"Terraforming Mars","25A"
"Terraforming Mars","25A"
"Terraforming Mars","41B"
"Terraforming Mars: The Dice Game","25A"
"Terramara","1A"
"Terror in Meeple City","2D"
"Tesseract","25C"
"Test of Fire: Bull Run 1861","45A"
"Tether","53G"
"Tharos","33C"
"That Time You Killed Me","35D"
"That's Pretty Clever!","54M"
"The 7th Citadel","46C"
"The 7th Continent","46C"
"The Acts","29B"
"The Adventures of Robin Hood","22D"
"The Adventures of Robin Hood","30D"
"The Adventures of Robin Hood","4C"
"The Aquicorn Cove Board Game","44B"
"The Banishing","53N"
"The Battle at Kemble's Cascade","34E"
"The Battle of Five Armies","32B"
"The Big Book of Madness","21A"
"The Bottle Imp","54D"
"The Bridges of Shangri-La","29A"
"The Bucket King","40B"
"The Builders: Antiquity","52B"
"The Builders: Middle Ages","52B"
"The Captain Is Dead: Dangerous Planet","31C"
"The Castles of Burgundy","41B"
"The Castles of Burgundy","41B"
"The Castles of Burgundy: The Card Game","52I"
"The Castles of Tuscany","3B"
"The Cathedral of Orléans","8A"
"The Chameleon","31D"
"The Chameleon","31D"
"The City","20E"
"The City of Kings","21E"
"The Colonists","5C"
"The Crew: Mission Deep Sea","43B"
"The Crew: The Quest for Planet Nine","43B"
"The Dark Quarter","22D"
"The Deadlies","54U"
"The Deadlies","30F"
"The Doge Ship","33B"
"The Downfall of Pompeii","8B"
"The Duke","47B"
"The Elder Scrolls V: Skyrim – The Adventure Game","18E"
"The Elder Scrolls V: Skyrim – The Adventure Game","18E"
"The Elder Scrolls V: Skyrim – The Adventure Game","18E"
"The End of the Triumvirate","47B"
"The Estates","20D"
"The Expanse Board Game","19B"
"The Expanse Board Game","33C"
"The Fellowship of the Ring: Trick-Taking Game","50A"
"The Fellowship of the Ring: Trick-Taking Game","54H"
"The Fellowship of the Ring: Trick-Taking Game","54H"
"The Fellowship of the Ring: Trick-Taking Game","54H"
"The Fellowship of the Ring: Trick-Taking Game","30D"
"The Flow of History","53D"
"The Flow of History","51F"
"The Fog of War","48E"
"The Fox Experiment","11A"
"The Fox Experiment","11A"
"The Fox in the Forest","54D"
"The Fox in the Forest Duet","54D"
"The Gallerist","43A"
"The Game of 49","51A"
"The Game of Life","28A"
"The Gang","53E"
"The Gang","53E"
"The Gardens","11D"
"The Glade","11A"
"The Godfather: Corleone's Empire","19C"
"The Grand Alchemist","32C"
"The Grand Carnival","4B"
"The Great Dalmuti","54B"
"The Great Heartland Hauling Co.","52Q"
"The Great Wall","8E"
"The Great War","49D"
"The Great Zimbabwe","2E"
"The Grimm Forest","6E"
"The Grizzled","53F"
"The Grizzled","21B"
"The Guild of Merchant Explorers","3D"
"The Hanging Gardens","40A"
"The Haunting House","17C"
"The Hobbit Card Game","54C"
"The Hobbit: An Unexpected Journey","32A"
"The Hobbit: An Unexpected Journey – Journey to the Lonely Mountain Strategy Game","32A"
"The Hobbit: An Unexpected Party","32A"
"The Hobbit: The Defeat of the Evil Dragon Smaug","32A"
"The Hunger","6E"
"The Hunt","36B"
"The Initiative","22D"
"The Isle of Cats","3D"
"The Isle of Cats","3D"
"The Isle of Cats Duel","36E"
"The Isle of Cats: Explore & Draw","9A"
"The Lady and the Tiger","45B"
"The Last Kingdom Board Game","17D"
"The Last of the Independents","40B"
"The Last Spike","14C"
"The Legend of the Cherry Tree that Blossoms Every Ten Years","24E"
"The Liberation of Rietburg","39A"
"The Librarians: Adventure Card Game","19A"
"The LOOP","22C"
"The Lord of the Rings","32A"
"The Lord of the Rings Dice Building Game","32A"
"The Lord of the Rings: Adventure to Mount Doom","32A"
"The Lord of the Rings: Duel for Middle-earth","50A"
"The Lord of the Rings: Duel for Middle-earth","41D"
"The Lord of the Rings: Duel for Middle-earth","41D"
"The Lord of the Rings: Duel for Middle-earth","41D"
"The Lord of the Rings: Fate of the Fellowship","32A"
"The Lord of the Rings: Journey to Mordor","52B"
"The Lord of the Rings: Journeys in Middle-Earth","32A"
"The Lord of the Rings: The Card Game","32A"
"The Lord of the Rings: The Card Game – Revised Core Set","32A"
"The Lord of the Rings: The Fellowship of the Ring","32A"
"The Lost Code","22A"
"The Lost Worlds of Josh Kirby","33E"
"The Magic Labyrinth","31A"
"The Magnificent","4A"
"The Mandalorian: Adventures","26C"
"The Manhattan Project","3A"
"The Manhattan Project: Chain Reaction","52N"
"The Manhattan Project: Energy Empire","3A"
"The Market of Alturien","6B"
"The Master's Trials: Wrath of Magmaroth","30A"
"The Mind","52K"
"The Mind Extreme","52K"
"The Muddles","54K"
"The Mystery of the Templars","34D"
"The Name of the Rose","3B"
"The Napoleonic Wars","61C"
"The Networks","4A"
"The New Era","3A"
"The Night Cage","21A"
"The One Hundred Torii","47A"
"The One Hundred Torii","29A"
"The Oracle of Delphi","3C"
"The Other Side of the Hill","3A"
"The Others","23D"
"The Palace of Mad King Ludwig","1A"
"The Palace of Mad King Ludwig","6C"
"The Penguin Ultimatum","51D"
"The Perfect Wave","12C"
"The Phantom Society","13C"
"The Pillars of the Earth","8C"
"The Pillars of the Earth: Builders Duel","51B"
"The Plan","6E"
"The Prince: The Struggle of House Borgia","40A"
"The Princes of Florence","6C"
"The Princes of Machu Picchu","39C"
"The Pursuit of Happiness","30E"
"The Quacks of Quedlinburg","43A"
"The Queen of Hansa","30C"
"The Quest for El Dorado","10C"
"The Quick and the Undead","24D"
"The Red Cathedral","8D"
"The Red Cathedral","8D"
"The Reef","47A"
"The Resistance","54O"
"The Resistance: Avalon","54O"
"The River","10C"
"The Road to Canterbury","29B"
"The Romans","47A"
"The Rose King","47B"
"The Ruhr: A Story of Coal Trade","47B"
"The Scepter of Zavandor","30C"
"The Search for Lost Species","13D"
"The Search for Planet X","13D"
"The Search for Planet X","13D"
"The Search for UAPs","13D"
"The Secret of Monte Cristo","44B"
"The Settlers of the Stone Age","46B"
"The Sherlock Files: Vol III – Puzzling Plots","51F"
"The Shipwreck Arcana","53F"
"The Shores of Tripoli","40C"
"The Siege of Runedar","37C"
"The Silver River","16E"
"The Silver River","44C"
"The Speicherstadt","44A"
"The Spill","22A"
"The Staufer Dynasty","30C"
"The Taverns of Tiefenthal","10E"
"The Transcontinental","14A"
"The Vale of Eternity","2A"
"The Vale of Eternity","2A"
"The Voyages of Marco Polo","7A"
"The Voyages of Marco Polo","7A"
"The White Castle","43A"
"The White Castle","43A"
"The Witcher: Old World","18C"
"The Wolves","11B"
"The World of Smog: On Her Majesty's Service","9E"
"The Yeti Slalom","33B"
"Thebes","7C"
"Thebes: The Tomb Raiders","7C"
"Theophrastus","30D"
"Theseus: The Dark Orbit","34D"
"This War of Mine: The Board Game","18C"
"Thorgal: The Board Game","21D"
"Thornwatch","34C"
"Three Cheers for Master","53I"
"Three Kingdoms Redux","40C"
"Three Sisters","20A"
"Thrive","35B"
"Throne of Allegoria","39C"
"Through Ice & Snow","24E"
"Through the Ages: A New Story of Civilization","16B"
"Through the Ages: A New Story of Civilization","41B"
"Through the Desert","7C"
"Thunder & Lightning","35A"
"Thunder Alley","17C"
"Thunder Alley","17C"
"Thunder Alley","17C"
"Thunder Road: Vendetta","17B"
"Thunder Road: Vendetta","17B"
"Thunderstone Advance: Towers of Ruin","47D"
"Thunderstone Quest","47D"
"Thunderstone Quest","47D"
"Thurn and Taxis","14E"
"Tianxia","1D"
"Tichu","54D"
"Ticket to Ride","14B"
"Ticket to Ride","14B"
"Ticket to Ride: 10th Anniversary","14B"
"Ticket to Ride: Amsterdam","14B"
"Ticket To Ride: Berlin","14B"
"Ticket to Ride: Europe","14B"
"Ticket to Ride: Europe","50A"
"Ticket to Ride: London","14B"
"Ticket to Ride: Märklin","14B"
"Ticket to Ride: New York","14B"
"Ticket to Ride: Nordic Countries","14B"
"Ticket to Ride: Northern Lights","14B"
"Ticket to Ride: Rails & Sails","50A"
"Ticket to Ride: Rails & Sails","14B"
"Ticket to Ride: San Francisco","14B"
"Ticket to Ride: The Card Game","14B"
"Tidal Blades: Banner Festival","2D"
"Tidal Blades: Heroes of the Reef","2D"
"Tides of Madness","52I"
"Tides of Time","53K"
"Tiger & Dragon","51E"
"Tigris & Euphrates","16B"
"Tigris & Euphrates","16B"
"Tikal","6C"
"Tikal II: The Lost Temple","6C"
"Tiletum","8B"
"Timber Town","3E"
"Timbuktu","34C"
"Time Division","45A"
"Time Management: The Time Management Game","45B"
"Time of Empires","17A"
"TIME Stories Revolution: A Midsummer Night","13A"
"TIME Stories Revolution: The Hadal Project","13A"
"Time's Up!","31A"
"Time's Up! Title Recall!","31A"
"Timeline: Historical Events","52B"
"Timeline: Inventions","52B"
"Times Square","35A"
"Tinners' Trail","1C"
"Tiny Epic Cthulhu","53M"
"Tiny Epic Defenders","53M"
"Tiny Epic Defenders: The Dark War","53M"
"Tiny Epic Dinosaurs","53M"
"Tiny Epic Dungeons","53M"
"Tiny Epic Galaxies","53M"
"Tiny Epic Galaxies: Beyond the Black","53M"
"Tiny Epic Kingdoms","107E"
"Tiny Epic Kingdoms","53M"
"Tiny Epic Kingdoms: Heroes' Call","53M"
"Tiny Epic Quest","53M"
"Tiny Epic Tactics","53M"
"Tiny Epic Western","53M"
"Tiny Epic Zombies","53M"
"Tiny Epic Zombies","53M"
"Tiny Towns","1E"
"Tiny Trees","40E"
"Tír na nÓg","17D"
"Titan","33E"
"Titanium Wars","29E"
"To Court the King","53H"
"Tobago","10B"
"Tokaido","2C"
"Tokaido","2C"
"Tokyo Highway","15D"
"TOKYO JIDOHANBAIKI","45B"
"TOKYO JUTAKU","45B"
"TOKYO METRO","45B"
"Toledo","1C"
"Tom Clancy's Politika","34C"
"Tongiaki: Journey into the Unknown","40A"
"Too Many Bones","41E"
"Too Many Bones: Unbreakable","21A"
"Too Many Bones: Undertow","21A"
"Toppo","31A"
"Toriki: The Castaway Island","22B"
"Torres","6C"
"Toscana","45A"
"Tough Calls: Dystopia","34A"
"Touria","5D"
"Tournay","45D"
"Tower of Babel","7C"
"Tower of Madness","31E"
"Town 66","54U"
"Town Center","15E"
"Traders of Carthage","51B"
"Traders of Osaka","51D"
"Tragedy Looper","13D"
"Trail Story: America","12E"
"Trailblazer: The John Muir Trail","12E"
"Trailblazers","12E"
"Trails of Tucana","51F"
"Trains","14E"
"Traintopia","14A"
"Trajan","3C"
"Trambahn","35C"
"Tranquility","54I"
"Tranquility: The Ascent","52P"
"Trans Europa","14D"
"TransAmerica","14D"
"Transatlantic","14E"
"Transformers Deck-Building Game","19A"
"Transgalactica","15A"
"Treasure Goblins","51D"
"Treasure Hunter","5D"
"Treasure Island","10A"
"Tree Society","11C"
"Treelings","52N"
"Trek 12: Himalaya","20A"
"Trek 12+1: A travel diary through the Himalayas","53S"
"Trekking the National Parks","12E"
"Trekking the World","12E"
"Trekking Through History","12E"
"TREOS","5C"
"Trial of the Century","35E"
"Trial of the Temples","39E"
"Trias","33A"
"Tribes: Dawn of Humanity","34E"
"Tribune: Primus Inter Pares","8D"
"Trick Shot","39B"
"Trickdraw","52P"
"Trickdraw","37D"
"Tricky Badger","54E"
"Trio","53L"
"Triplock","53S"
"Trismegistus: The Ultimate Formula","1D"
"Triumph & Tragedy: European Balance of Power 1936-1945","48B"
"Triumvirate","54E"
"Triumvirate","28C"
"Trolls and Princesses","4A"
"TROLLympics","39B"
"Trophies","54O"
"Trouble","28A"
"Troyes","8C"
"Troyes Dice","30C"
"Trudvang Legends","23D"
"Truffle Shuffle","52U"
"Tsuro","15E"
"Tsuro of the Seas","15E"
"Tucana Builders","12A"
"Tuchulcha","30B"
"Tulpenfieber","32D"
"Tumblin-Dice","38B"
"tummple!","31C"
"Tumult Royale","29D"
"Turandot","53O"
"Turbo Taxi","29C"
"Turing Machine","13A"
"Tutankhamen","45C"
"Tutankhamun","7C"
"Twice as Clever!","54M"
"Twice as Clever!","41A"
"Twilight Inscription","20A"
"Twilight Squabble","53B"
"Twilight Struggle","49A"
"Twilight Struggle","41B"
"Twilight Struggle: Red Sea – Conflict in the Horn of Africa","49A"
"Twist of Fate","53N"
"Two Rooms and a Boom","54E"
"Tybor the Builder","54U"
"Tyrants of the Underdark","9D"
"Tyrus","47B"
"TZAAR","15D"
"Tzolk'in: The Mayan Calendar","42E"
"Tzolk'in: The Mayan Calendar","42E"
"Uchronia","2D"
"Ulm","34C"
"Ultimatch","52R"
"Ultimate Railroads","14C"
"Ultimate Stratego","48E"
"Ultimate Stratego","54L"
"Um, Actually…","31E"
"Um, Actually…","54J"
"Unconscious Mind","20C"
"Unconscious Mind","20C"
"Undaunted 2200: Callisto","35D"
"Undaunted: Battle of Britain","35D"
"Undaunted: Normandy","35D"
"Undaunted: North Africa","35D"
"Undaunted: Stalingrad","35D"
"Undergrove","12A"
"Underwater Cities","42C"
"Underwater Cities","42C"
"Unearth","9D"
"Unfair","4B"
"Unfathomable","23B"
"Unforgiven: The Lincoln Assassination Trial","51F"
"Unlock!: Epic Adventures","13C"
"Unlock!: Escape Adventures","13C"
"Unlock!: Exotic Adventures","13C"
"Unlock!: Extraordinary Adventures","13C"
"Unlock!: Game Adventures","13C"
"Unlock!: Heroic Adventures","13C"
"Unlock!: Mystery Adventures","13C"
"Unlock!: Mythic Adventures","13C"
"Unlock!: Secret Adventures","13C"
"Unlock!: Timeless Adventures","13C"
"Unlocking Insanity: Dice Vermiis Mysteriis","20B"
"Unmatched Adventures: Tales to Amaze","35B"
"Unmatched: Battle of Legends, Volume One","35B"
"Unmatched: Battle of Legends, Volume Three","35B"
"Unmatched: Battle of Legends, Volume Two","35B"
"Unmatched: Brains and Brawn","35B"
"Unmatched: Cobble & Fog","35B"
"Unmatched: For King and Country","35B"
"Unmatched: Hell's Kitchen","35B"
"Unmatched: Houdini vs. The Genie","35B"
"Unmatched: Jurassic Park – InGen vs Raptors","35B"
"Unmatched: Little Red Riding Hood vs. Beowulf","35B"
"Unmatched: Redemption Row","35B"
"Unmatched: Robin Hood vs. Bigfoot","35B"
"Unmatched: Sun's Origin","35B"
"Unmatched: Teen Spirit","35B"
"Unmatched: The Witcher Steel & Silver","0"
"Unmatched: The Witcher Steel & Silver","35B"
"Unsettled","22E"
"Unstable Unicorns","53O"
"Untamed: Feral Factions","51E"
"Up or Down?","52G"
"Upon a Fable","39A"
"Upon a Salty Ocean","33A"
"Ur","30C"
"Urbanization","44E"
"Urbanization","52M"
"Utopia","39E"
"V-Wars","19E"
"Vaalbara","52L"
"Vadoran Gardens","53S"
"Vagrantsong","23C"
"Valdora","40D"
"Valeria: Card Kingdoms","2A"
"Valeria: Card Kingdoms","2A"
"Valkyries","20A"
"Valkyries","7E"
"Valley of the Pharaohs","46C"
"Valparaíso","10C"
"Vampire: The Masquerade – Blood Feud","38A"
"Vampire: The Masquerade – Rivals Expandable Card Game","18B"
"Vantage","53G"
"Vantage","22E"
"Vantage","22E"
"Vantage","33A"
"Vasco da Gama","7B"
"Vast: The Crystal Caverns","23C"
"Vast: The Mysterious Manor","23C"
"Vegas Showdown","24A"
"Vegas Showdown","24A"
"Vegetable Stock","52K"
"Veggies","54Q"
"Velonimo","54C"
"Venn","31B"
"Ventura","33B"
"Venture Forth","39C"
"Verdant","11B"
"Versailles","33A"
"Very Bad Lands: Brachio","52D"
"Very Bad Lands: T-Rex","52D"
"Via Nebula","1B"
"Viceroy","6E"
"Vicious Gardens","11E"
"Victorian Masterminds","9E"
"Video Game Champion","18B"
"Vienna Connection","40A"
"Vikings","17E"
"Vikings Gone Wild","17D"
"Vikings: Raid & Conquer","17D"
"Village","8A"
"Village Green","53U"
"Village Rails","54Q"
"Villagers","4A"
"Villages of Valeria","54S"
"Vinci","16D"
"Vindication","4E"
"Vindication","9C"
"Viral","12C"
"Viral: The Hive","12C"
"Virgin Queen","48A"
"Virtù","8A"
"Virulence: An Infectious Card Game","45C"
"Viscounts of the West Kingdom","9A"
"VITA MORS","45B"
"Viticulture","42B"
"Viticulture: Tuscany","42B"
"Vivaldi","54G"
"Vivarium","11A"
"Vivarium","46E"
"Vivid Memories","24B"
"Voidfall","43C"
"Volltreffer","54E"
"Volto","35A"
"Völuspá","44A"
"Votes for Women","5A"
"Vox Populi","39E"
"Wabash Cannonball","14C"
"Wacky Wacky West","24D"
"Waka Tanka","54F"
"Waka Tanka","52Q"
"Walkie Talkie","54Q"
"Walking in Osaka","8D"
"Walnut Grove","24D"
"Wangle","31C"
"War & Sheep","45A"
"War Chest","35E"
"War of 1812","48C"
"War of Civilizations","16A"
"War of Kings","39A"
"War of the Ring","32B"
"War of the Ring","41A"
"War of the Ring","32B"
"War of the Ring: The Card Game","32B"
"War Story: Occupied France","21A"
"Warhammer 40,000: Heroes of Black Reach","35D"
"Warhammer Quest: The Adventure Card Game","19A"
"Warhammer Underworlds: Shadespire","44D"
"Warhammer: Diskwars","40B"
"Warhammer: Invasion","19A"
"Warp & Weft","51C"
"Warp's Edge","26A"
"Warrior Knights","46E"
"Wars of the Roses: Lancaster vs. York","45D"
"Warsaw: City of Ruins","44A"
"Wartime: The Battle of Valyance Vale","49D"
"Washington's War","48A"
"Wasteland Express Delivery Service","19E"
"Watch","29D"
"Waterfall Park","4B"
"Watergate","36B"
"Waterloo","1C"
"Waterloo: Napoleon's Last Battle","30D"
"Watson & Holmes","13B"
"Wavelength","31A"
"Wavelength","50A"
"Way of the Panda","34C"
"Way Out West","24D"
"Wayfarers of the South Tigris","9A"
"Wayfarers of the South Tigris","9A"
"We Care: A Grizzled Game","53F"
"We Will Wok You","53O"
"We're Doomed!","31C"
"We're Sinking!","10B"
"Wealth of Nations","40E"
"Weather Machine","9C"
"Welcome Back to the Dungeon","53O"
"Welcome to Centerville","49D"
"Welcome to Everdell","3E"
"Welcome to the Dungeon","53O"
"Welcome to the Moon","20A"
"Welcome To...","51A"
"Wendake","10C"
"Werewords","54L"
"Werewords","54L"
"West of Africa","33C"
"Western Legends","24C"
"Western Town","24C"
"What Next?","30A"
"When I Dream","31D"
"Whispering Woods","51D"
"Whistle Mountain","14C"
"Whistle Stop","14C"
"Whitehall Mystery","23A"
"Who Killed Mia?","13D"
"Wicked & Wise","51A"
"Wicked Witches Way","51E"
"Wild Blue Yonder","48B"
"Wild Flowers","11C"
"Wild Space","40B"
"Wild Tiled West","24D"
"Wild Tiled West","24D"
"Wild: Serengeti","11E"
"Wildcatters","40E"
"Wilderness War","49A"
"Wildlands","1B"
"WildLife","6C"
"Wildlife Safari","11E"
"Wildstyle","9B"
"Windmill Valley","11E"
"Wine Cellar","10D"
"Wing Leader: Supremacy 1943-1945","48C"
"Wingspan","42A"
"Wingspan","42A"
"Winner's Circle","17C"
"Winter","53C"
"Winter Court","36B"
"Winter Kingdom","16C"
"Wir sind das Volk!","35A"
"Wiraqocha","44C"
"Wisdom of Solomon","29B"
"Wishland","4B"
"Witch's Brew","6D"
"Witchcraft!","6D"
"Witchdom","6E"
"Witchstone","6D"
"With a Smile & a Gun","36D"
"Wits & Wagers","31B"
"Wits & Wagers","6E"
"Wizard","54B"
"Wizard Kings","48C"
"Wonder Woods","11B"
"Wonderland's War","6E"
"Wondrous Creatures","11B"
"Wondrous Creatures","11B"
"Woodcraft","2A"
"Wooly Bully","52E"
"Word Jam","53C"
"Word Slam Family","53J"
"World at War: Blood and Bridges","47B"
"World at War: Eisenbach Gap","47B"
"World Auto Racing","52S"
"World Monuments","44E"
"World of Warcraft: Wrath of the Lich King","22C"
"World of Yo-Ho","10B"
"World Wonders","2C"
"World's Fair 1893","4B"
"Wormholes","15A"
"Wrath of Dragons","39C"
"Wrath of Fire Mountain","51C"
"Wyrmspan","12A"
"Wyrmspan","12A"
"X-Men: Mutant Insurrection","18A"
"X-ODUS: Rise of the Corruption","40D"
"XCOM: The Board Game","21D"
"Xi'an","7B"
"Xia: Legends of a Drift System","25C"
"XIG 4E: Air Pathway","30B"
"Yahtzee","28A"
"Yamatai","1E"
"Yardmaster Express","53B"
"Yardmaster Express","8E"
"Yellow & Yangtze","16C"
"Yeti in my Spaghetti","28B"
"Yggdrasil","17D"
"Yggdrasil Chronicles","17D"
"Ying Yang","53G"
"YINSH","15D"
"Yinzi","29A"
"Yōkai","54I"
"Yōkaï no Mori","35C"
"Yokai Septet","54C"
"Yokai Sketch","54I"
"Yokohama","20D"
"Yokohama Duel","36E"
"Yomi","35C"
"You've Been Sentenced! Add-On Deck: Gourmet Cuisine","53A"
"You've Been Sentenced! Add-On Deck: Pop Culture","53A"
"You've Been Sentenced! Add-On Deck: Sci-Fi/Fantasy","53A"
"You've Been Sentenced! Add-On Deck: Sports Highlights","53A"
"Your Best Life","34C"
"YRO","24B"
"Ys","33B"
"Yspahan","7C"
"Yummy Yummy Monster Tummy","52L"
"Yunnan","29B"
"Zen Garden","29A"
"Zendo","15C"
"ZERTZ","15D"
"ZhanGuo","8E"
"Zombicide","21C"
"Zombicide Season 2: Prison Outbreak","21C"
"Zombicide Season 2: Prison Outbreak","21C"
"Zombicide: Black Plague","21C"
"Zombicide: Green Horde","21C"
"Zombicide: Invader","21C"
"Zombie Kittens","52O"
"Zombie State: Diplomacy of the Dead","32C"
"Zombies!!!","51A"
"Zoned Out","1E"
"Zong Shi","40C"
"Zoo Tycoon: The Board Game","11D"
"Zoo Vadis","24E"
"Zoo-ography","11A"
"Zooloretto","11E"
"Zooloretto Junior","11E"
"Zooloretto: The Dice Game","52P"
"Games","0"
"Current Checkouts","17"
