name,pubmeeple,Rank,Item
Released 2025 Kevin Ranks,2025 NEW KEVIN FINAL FULL,1,"Sanctuary"
Released 2025 Kevin Ranks,2025 NEW KEVIN FINAL FULL,2,"Forest Shuffle: Dartmoor"
Released 2025 Kevin Ranks,2025 NEW KEVIN FINAL FULL,3,"Galaxolotl"
Released 2025 Kevin Ranks,2025 NEW KEVIN FINAL FULL,4,"HUTAN: Life in the Rainforest"
Released 2025 Kevin Ranks,2025 NEW KEVIN FINAL FULL,5,"Wispwood"
Released 2025 Kevin Ranks,2025 NEW KEVIN FINAL FULL,6,"Symbiose"
Released 2025 Kevin Ranks,2025 NEW KEVIN FINAL FULL,7,"Abra Chadabra"
Released 2025 Kevin Ranks,2025 NEW KEVIN FINAL FULL,8,"Dungeons & Dragons: Edge of the Realms"
Released 2025 Kevin Ranks,2025 NEW KEVIN FINAL FULL,9,"Formidable Farm"
Released 2025 Kevin Ranks,2025 NEW KEVIN FINAL FULL,10,"Brilliant"
Released 2025 Kevin Ranks,2025 NEW KEVIN FINAL FULL,11,"Lightning Train"
Released 2025 Kevin Ranks,2025 NEW KEVIN FINAL FULL,12,"Propolis"
Released 2025 Kevin Ranks,2025 NEW KEVIN FINAL FULL,13,"Flamecraft Duals"
Released 2025 Kevin Ranks,2025 NEW KEVIN FINAL FULL,14,"Everdell Silverfrost"
Released 2025 Kevin Ranks,2025 NEW KEVIN FINAL FULL,15,"Formaggio"
Released 2025 Kevin Ranks,2025 NEW KEVIN FINAL FULL,16,"Sir Ocelot's Cave"
Released 2025 Kevin Ranks,2025 NEW KEVIN FINAL FULL,17,"Oshiya Tokio"
Released 2025 Kevin Ranks,2025 NEW KEVIN FINAL FULL,18,"Big Sur"
Released 2025 Kevin Ranks,2025 NEW KEVIN FINAL FULL,19,"Alibis"
Released 2025 Kevin Ranks,2025 NEW KEVIN FINAL FULL,20,"Timber Town"
Released 2025 Kevin Ranks,2025 NEW KEVIN FINAL FULL,21,"Finspan"
Released 2025 Kevin Ranks,2025 NEW KEVIN FINAL FULL,22,"Point Galaxy"
Released 2025 Kevin Ranks,2025 NEW KEVIN FINAL FULL,23,"Hot Streak"
Released 2025 Kevin Ranks,2025 NEW KEVIN FINAL FULL,24,"Take Time"
Released 2025 Kevin Ranks,2025 NEW KEVIN FINAL FULL,25,"Everdell Duo"
Released 2025 Kevin Ranks,2025 NEW KEVIN FINAL FULL,26,"FlipToons"
Released 2025 Kevin Ranks,2025 NEW KEVIN FINAL FULL,27,"Tag Team"
Released 2025 Kevin Ranks,2025 NEW KEVIN FINAL FULL,28,"Azul Duel"
Released 2025 Kevin Ranks,2025 NEW KEVIN FINAL FULL,29,"Tacta"
Released 2025 Kevin Ranks,2025 NEW KEVIN FINAL FULL,30,"Brick Like This!"
Released 2025 Kevin Ranks,2025 NEW KEVIN FINAL FULL,31,"Dice Pool Party"
Released 2025 Kevin Ranks,2025 NEW KEVIN FINAL FULL,32,"Superfarmer: The Dice Game"
Released 2025 Kevin Ranks,2025 NEW KEVIN FINAL FULL,33,"Amanite"
Released 2025 Kevin Ranks,2025 NEW KEVIN FINAL FULL,34,"Ladybugs"
Released 2025 Kevin Ranks,2025 NEW KEVIN FINAL FULL,35,"Paper World"
Released 2025 Kevin Ranks,2025 NEW KEVIN FINAL FULL,36,"Twinkle Twinkle"
Released 2025 Kevin Ranks,2025 NEW KEVIN FINAL FULL,37,"Fight 5"
Released 2025 Kevin Ranks,2025 NEW KEVIN FINAL FULL,38,"Map Masters"
Released 2025 Kevin Ranks,2025 NEW KEVIN FINAL FULL,39,"Pondscape"
Released 2025 Kevin Ranks,2025 NEW KEVIN FINAL FULL,40,"Wildwuchs"
Released 2025 Kevin Ranks,2025 NEW KEVIN FINAL FULL,41,"Miams"
Released 2025 Kevin Ranks,2025 NEW KEVIN FINAL FULL,42,"Toy Battle"
Released 2025 Kevin Ranks,2025 NEW KEVIN FINAL FULL,43,"A Place for All My Books"
Released 2025 Kevin Ranks,2025 NEW KEVIN FINAL FULL,44,"Pyramido: Forgotten Treasures"
Released 2025 Kevin Ranks,2025 NEW KEVIN FINAL FULL,45,"Barbecubes"
Released 2025 Kevin Ranks,2025 NEW KEVIN FINAL FULL,46,"Skara Brae"
Released 2025 Kevin Ranks,2025 NEW KEVIN FINAL FULL,47,"EXIT: The Game – Adventures on Catan"
Released 2025 Kevin Ranks,2025 NEW KEVIN FINAL FULL,48,"Wine Cellar"
Released 2025 Kevin Ranks,2025 NEW KEVIN FINAL FULL,49,"Trinket Trove"
Released 2025 Kevin Ranks,2025 NEW KEVIN FINAL FULL,50,"Happy Mochi"
Released 2025 Kevin Ranks,2025 NEW KEVIN FINAL FULL,51,"The Sandcastles of Burgundy"
Released 2025 Kevin Ranks,2025 NEW KEVIN FINAL FULL,52,"Llama Llama"
Released 2025 Kevin Ranks,2025 NEW KEVIN FINAL FULL,53,"Tack"
Released 2025 Kevin Ranks,2025 NEW KEVIN FINAL FULL,54,"Niwa: Japanischer Garten"
Released 2025 Kevin Ranks,2025 NEW KEVIN FINAL FULL,55,"Cascadia Junior"
Released 2025 Kevin Ranks,2025 NEW KEVIN FINAL FULL,56,"Dewan"
Released 2025 Kevin Ranks,2025 NEW KEVIN FINAL FULL,57,"Gelati"
Released 2025 Kevin Ranks,2025 NEW KEVIN FINAL FULL,58,"Garden Rush"
Released 2025 Kevin Ranks,2025 NEW KEVIN FINAL FULL,59,"Double Seven"
Released 2025 Kevin Ranks,2025 NEW KEVIN FINAL FULL,60,"3-2-1 Countdown"
Released 2025 Kevin Ranks,2025 NEW KEVIN FINAL FULL,61,"13 Leaves"
Released 2025 Kevin Ranks,2025 NEW KEVIN FINAL FULL,62,"Tai Chi Tiger"
Released 2025 Kevin Ranks,2025 NEW KEVIN FINAL FULL,63,"Katmai: The Bears of Brooks River"
Released 2025 Kevin Ranks,2025 NEW KEVIN FINAL FULL,64,"Gatsby"
Released 2025 Kevin Ranks,2025 NEW KEVIN FINAL FULL,65,"Scratch & Catch"
Released 2025 Kevin Ranks,2025 NEW KEVIN FINAL FULL,66,"Living Forest Duel"
Released 2025 Kevin Ranks,2025 NEW KEVIN FINAL FULL,67,"Schatz des Phönix"
Released 2025 Kevin Ranks,2025 NEW KEVIN FINAL FULL,68,"7 Wonders Dice"
Released 2025 Kevin Ranks,2025 NEW KEVIN FINAL FULL,69,"Duel for Cardia"
Released 2025 Kevin Ranks,2025 NEW KEVIN FINAL FULL,70,"Moonlight: The Land of the Wolves"
Released 2025 Kevin Ranks,2025 NEW KEVIN FINAL FULL,71,"Guildlands"
Released 2025 Kevin Ranks,2025 NEW KEVIN FINAL FULL,72,"Boss Fighters QR"
Released 2025 Kevin Ranks,2025 NEW KEVIN FINAL FULL,73,"Right on Time"
Released 2025 Kevin Ranks,2025 NEW KEVIN FINAL FULL,74,"Epona"
Released 2025 Kevin Ranks,2025 NEW KEVIN FINAL FULL,75,"The Hanging Gardens"
Released 2025 Kevin Ranks,2025 NEW KEVIN FINAL FULL,76,"Hits & Outs"
Released 2025 Kevin Ranks,2025 NEW KEVIN FINAL FULL,77,"Biddle"
Released 2025 Kevin Ranks,2025 NEW KEVIN FINAL FULL,78,"Verso"
Released 2025 Kevin Ranks,2025 NEW KEVIN FINAL FULL,79,"Pyradice"
Released 2025 Kevin Ranks,2025 NEW KEVIN FINAL FULL,80,"Railroad Tiles"
Released 2025 Kevin Ranks,2025 NEW KEVIN FINAL FULL,81,"Garden Lake"
Released 2025 Kevin Ranks,2025 NEW KEVIN FINAL FULL,82,"Ichor"
Released 2025 Kevin Ranks,2025 NEW KEVIN FINAL FULL,83,"Oddland"
Released 2025 Kevin Ranks,2025 NEW KEVIN FINAL FULL,84,"Iliad"
Released 2025 Kevin Ranks,2025 NEW KEVIN FINAL FULL,85,"Aquatica: Duellum"
Released 2025 Kevin Ranks,2025 NEW KEVIN FINAL FULL,86,"Ptit Pois"
Released 2025 Kevin Ranks,2025 NEW KEVIN FINAL FULL,87,"Graft"
Released 2025 Kevin Ranks,2025 NEW KEVIN FINAL FULL,88,"Phase 10 Tiles"
All Time 2025 Tiffany Ranks,Tiffany 2025 Rankings,1,"Ark Nova"
All Time 2025 Tiffany Ranks,Tiffany 2025 Rankings,2,"Forest Shuffle"
All Time 2025 Tiffany Ranks,Tiffany 2025 Rankings,3,"River Valley Glassworks"
All Time 2025 Tiffany Ranks,Tiffany 2025 Rankings,4,"Monsters on Board"
All Time 2025 Tiffany Ranks,Tiffany 2025 Rankings,5,"Wyrmspan"
All Time 2025 Tiffany Ranks,Tiffany 2025 Rankings,6,"Azul Summer Pavilion"
All Time 2025 Tiffany Ranks,Tiffany 2025 Rankings,7,"Lacuna"
All Time 2025 Tiffany Ranks,Tiffany 2025 Rankings,8,"Happy City"
All Time 2025 Tiffany Ranks,Tiffany 2025 Rankings,9,"Azul Queen’s Garden"
All Time 2025 Tiffany Ranks,Tiffany 2025 Rankings,10,"Mountain Goats"
All Time 2025 Tiffany Ranks,Tiffany 2025 Rankings,11,"Memoarrr!"
All Time 2025 Tiffany Ranks,Tiffany 2025 Rankings,12,"Everdell Duo"
All Time 2025 Tiffany Ranks,Tiffany 2025 Rankings,13,"Paladins of West Kingdom"
All Time 2025 Tiffany Ranks,Tiffany 2025 Rankings,14,"In the Footsteps of Darwin"
All Time 2025 Tiffany Ranks,Tiffany 2025 Rankings,15,"Mystic Vale"
All Time 2025 Tiffany Ranks,Tiffany 2025 Rankings,16,"Everdell Farshore"
All Time 2025 Tiffany Ranks,Tiffany 2025 Rankings,17,"Azul"
All Time 2025 Tiffany Ranks,Tiffany 2025 Rankings,18,"Blokus"
All Time 2025 Tiffany Ranks,Tiffany 2025 Rankings,19,"Caldera Park"
All Time 2025 Tiffany Ranks,Tiffany 2025 Rankings,20,"Welcome to the Moon"
All Time 2025 Tiffany Ranks,Tiffany 2025 Rankings,21,"Savannah Park"
All Time 2025 Tiffany Ranks,Tiffany 2025 Rankings,22,"Century Spice Road"
All Time 2025 Tiffany Ranks,Tiffany 2025 Rankings,23,"Wild Serengeti"
All Time 2025 Tiffany Ranks,Tiffany 2025 Rankings,24,"7 Wonders Architects"
All Time 2025 Tiffany Ranks,Tiffany 2025 Rankings,25,"Sausage Sizzle!"
All Time 2025 Tiffany Ranks,Tiffany 2025 Rankings,26,"Honey Buzz"
All Time 2025 Tiffany Ranks,Tiffany 2025 Rankings,27,"Sagrada"
All Time 2025 Tiffany Ranks,Tiffany 2025 Rankings,28,"Cascadia"
All Time 2025 Tiffany Ranks,Tiffany 2025 Rankings,29,"Gentle Rain"
All Time 2025 Tiffany Ranks,Tiffany 2025 Rankings,30,"Isle of Cats Duel"
All Time 2025 Tiffany Ranks,Tiffany 2025 Rankings,31,"Exploding Kittens"
All Time 2025 Tiffany Ranks,Tiffany 2025 Rankings,32,"Patchwork"
All Time 2025 Tiffany Ranks,Tiffany 2025 Rankings,33,"Welcome To"
All Time 2025 Tiffany Ranks,Tiffany 2025 Rankings,34,"Tasso Banana"
All Time 2025 Tiffany Ranks,Tiffany 2025 Rankings,35,"Splendor Duel"
All Time 2025 Tiffany Ranks,Tiffany 2025 Rankings,36,"Pass the Pigs"
All Time 2025 Tiffany Ranks,Tiffany 2025 Rankings,37,"10 Days in the USA"
All Time 2025 Tiffany Ranks,Tiffany 2025 Rankings,38,"Super Mega Lucky Box"
All Time 2025 Tiffany Ranks,Tiffany 2025 Rankings,39,"Viscounts of West Kingdom"
All Time 2025 Tiffany Ranks,Tiffany 2025 Rankings,40,"Orleans"
BGG Con 2025 Kevin Ranks,BGG Con 25,1,"Everdell Silverfrost"
BGG Con 2025 Kevin Ranks,BGG Con 25,2,"Sanctuary"
BGG Con 2025 Kevin Ranks,BGG Con 25,3,"Australis"
BGG Con 2025 Kevin Ranks,BGG Con 25,4,"Propolis"
BGG Con 2025 Kevin Ranks,BGG Con 25,5,"Lightning Train"
BGG Con 2025 Kevin Ranks,BGG Con 25,6,"Flamecraft Duals"
BGG Con 2025 Kevin Ranks,BGG Con 25,7,"Genius 3D"
BGG Con 2025 Kevin Ranks,BGG Con 25,8,"Dungeons & Dragons: Edge of the Realms"
BGG Con 2025 Kevin Ranks,BGG Con 25,9,"Panda Royale"
BGG Con 2025 Kevin Ranks,BGG Con 25,10,"Galaxolotl"
BGG Con 2025 Kevin Ranks,BGG Con 25,11,"Wispwood"
BGG Con 2025 Kevin Ranks,BGG Con 25,12,"Forest Shuffle: Dartmoor"
BGG Con 2025 Kevin Ranks,BGG Con 25,13,"Big Sur"
BGG Con 2025 Kevin Ranks,BGG Con 25,14,"Potion Explosion"
BGG Con 2025 Kevin Ranks,BGG Con 25,15,"Topp die Torte!"
BGG Con 2025 Kevin Ranks,BGG Con 25,16,"Oshiya Tokio"
BGG Con 2025 Kevin Ranks,BGG Con 25,17,"Dice Pool Party"
BGG Con 2025 Kevin Ranks,BGG Con 25,18,"Tacta: Promotional Edition"
BGG Con 2025 Kevin Ranks,BGG Con 25,19,"A Place for All My Books"
BGG Con 2025 Kevin Ranks,BGG Con 25,20,"Fifty"
BGG Con 2025 Kevin Ranks,BGG Con 25,21,"Fight 5"
BGG Con 2025 Kevin Ranks,BGG Con 25,22,"Draft Duel Football"
BGG Con 2025 Kevin Ranks,BGG Con 25,23,"Sausage Sizzle!"
BGG Con 2025 Kevin Ranks,BGG Con 25,24,"Dewan"
BGG Con 2025 Kevin Ranks,BGG Con 25,25,"Timber Town"
BGG Con 2025 Kevin Ranks,BGG Con 25,26,"Formaggio"
BGG Con 2025 Kevin Ranks,BGG Con 25,27,"Piña Coladice"
BGG Con 2025 Kevin Ranks,BGG Con 25,28,"Yspahan"
BGG Con 2025 Kevin Ranks,BGG Con 25,29,"Point Galaxy"
BGG Con 2025 Kevin Ranks,BGG Con 25,30,"Brick Like This!"
BGG Con 2025 Kevin Ranks,BGG Con 25,31,"Fiesta Mexicana"
BGG Con 2025 Kevin Ranks,BGG Con 25,32,"Blokus Duo"
BGG Con 2025 Kevin Ranks,BGG Con 25,33,"Ladybugs"
BGG Con 2025 Kevin Ranks,BGG Con 25,34,"Slide"
BGG Con 2025 Kevin Ranks,BGG Con 25,35,"Happy Mochi"
BGG Con 2025 Kevin Ranks,BGG Con 25,36,"Pondscape"
BGG Con 2025 Kevin Ranks,BGG Con 25,37,"Hits & Outs"
BGG Con 2025 Kevin Ranks,BGG Con 25,38,"Fromage"
BGG Con 2025 Kevin Ranks,BGG Con 25,39,"Indus"
BGG Con 2025 Kevin Ranks,BGG Con 25,40,"Cascadia Junior"
BGG Con 2025 Kevin Ranks,BGG Con 25,41,"Nanatoridori"
BGG Con 2025 Kevin Ranks,BGG Con 25,42,"Venture Angels"
BGG Con 2025 Kevin Ranks,BGG Con 25,43,"Niwa: Japanischer Garten"
BGG Con 2025 Kevin Ranks,BGG Con 25,44,"Fliptown"
BGG Con 2025 Kevin Ranks,BGG Con 25,45,"Mage Dice"
BGG Con 2025 Kevin Ranks,BGG Con 25,46,"Bamboleo"
BGG Con 2025 Kevin Ranks,BGG Con 25,47,"Mycelia"
BGG Con 2025 Kevin Ranks,BGG Con 25,48,"Superfarmer: The Dice Game"
BGG Con 2025 Kevin Ranks,BGG Con 25,49,"Map Masters"
BGG Con 2025 Kevin Ranks,BGG Con 25,50,"Trinket Trove"
BGG Con 2025 Kevin Ranks,BGG Con 25,51,"S'mores Galore"
BGG Con 2025 Kevin Ranks,BGG Con 25,52,"Biddle"
BGG Con 2025 Kevin Ranks,BGG Con 25,53,"Wildwuchs"
BGG Con 2025 Kevin Ranks,BGG Con 25,54,"Pyradice"
BGG Con 2025 Kevin Ranks,BGG Con 25,55,"Living Forest Duel"
BGG Con 2025 Kevin Ranks,BGG Con 25,56,"Katmai: The Bears of Brooks River"
BGG Con 2025 Kevin Ranks,BGG Con 25,57,"Ultimate Tic-Tac-Toe"
BGG Con 2025 Kevin Ranks,BGG Con 25,58,"Formidable Farm"
BGG Con 2025 Kevin Ranks,BGG Con 25,59,"Twinkle Twinkle"
BGG Con 2025 Kevin Ranks,BGG Con 25,60,"Paper World"
BGG Con 2025 Kevin Ranks,BGG Con 25,61,"Barbecubes"
BGG Con 2025 Kevin Ranks,BGG Con 25,62,"Gatsby"
BGG Con 2025 Kevin Ranks,BGG Con 25,63,"Amanite"
BGG Con 2025 Kevin Ranks,BGG Con 25,64,"Garden Lake"
BGG Con 2025 Kevin Ranks,BGG Con 25,65,"Cat Between Us"
BGG Con 2025 Kevin Ranks,BGG Con 25,66,"Piñata Blast"
BGG Con 2025 Kevin Ranks,BGG Con 25,67,"Boss Fighters QR"
BGG Con 2025 Kevin Ranks,BGG Con 25,68,"Epona"
BGG Con 2025 Kevin Ranks,BGG Con 25,69,"Graft"
BGG Con 2025 Kevin Ranks,BGG Con 25,70,"The Sandcastles of Burgundy"
BGG Con 2025 Kevin Ranks,BGG Con 25,71,"Aquatica: Duellum"
BGG Con 2025 Kevin Ranks,BGG Con 25,72,"Railroad Tiles"
BGG Con 2025 Kevin Ranks,BGG Con 25,73,"Gelati"
BGG Con 2025 Kevin Ranks,BGG Con 25,74,"Phase 10 Tiles"
BGG Con 2025 Kevin Ranks,BGG Con 25,75,"Ichor"
BGG Con 2025 Kevin Ranks,BGG Con 25,76,"Iliad"
BGG Con 2025 Kevin Ranks,BGG Con 25,77,"Fury Hardball"
BGG Con 2025 Kevin Ranks,BGG Con 25,78,"Highlight Maker Hoops"
BGG Con 2025 Kevin Ranks,BGG Con 25,79,"Gunslinger"
Pawel Visit August 2025 Kevin Ranks,Pawel Visit August 2025,1,"Viticulture"
Pawel Visit August 2025 Kevin Ranks,Pawel Visit August 2025,2,"Kohaku"
Pawel Visit August 2025 Kevin Ranks,Pawel Visit August 2025,3,"Russian railroads"
Pawel Visit August 2025 Kevin Ranks,Pawel Visit August 2025,4,"Flip 7"
Pawel Visit August 2025 Kevin Ranks,Pawel Visit August 2025,5,"Honey buzz"
Pawel Visit August 2025 Kevin Ranks,Pawel Visit August 2025,6,"Loco momo"
Pawel Visit August 2025 Kevin Ranks,Pawel Visit August 2025,7,"Istanbul"
Pawel Visit August 2025 Kevin Ranks,Pawel Visit August 2025,8,"Biomos"
Pawel Visit August 2025 Kevin Ranks,Pawel Visit August 2025,9,"Blue lagoon"
Pawel Visit August 2025 Kevin Ranks,Pawel Visit August 2025,10,"Iquazu"
Pawel Visit August 2025 Kevin Ranks,Pawel Visit August 2025,11,"Quadropolis"
Pawel Visit August 2025 Kevin Ranks,Pawel Visit August 2025,12,"Wyrmspan"
Pawel Visit August 2025 Kevin Ranks,Pawel Visit August 2025,13,"Fyfe"
Pawel Visit August 2025 Kevin Ranks,Pawel Visit August 2025,14,"Elawa"
Pawel Visit August 2025 Kevin Ranks,Pawel Visit August 2025,15,"Azul duel"
Pawel Visit August 2025 Kevin Ranks,Pawel Visit August 2025,16,"Byzanz"
Pawel Visit August 2025 Kevin Ranks,Pawel Visit August 2025,17,"Isle of cats duel"
Pawel Visit August 2025 Kevin Ranks,Pawel Visit August 2025,18,"Mantis"
Pawel Visit August 2025 Kevin Ranks,Pawel Visit August 2025,19,"Seaside"
Pawel Visit August 2025 Kevin Ranks,Pawel Visit August 2025,20,"Sunrise lane"
Pawel Visit August 2025 Kevin Ranks,Pawel Visit August 2025,21,"Comic hunters"
Pawel Visit August 2025 Kevin Ranks,Pawel Visit August 2025,22,"Cabanga"
Pawel Visit August 2025 Kevin Ranks,Pawel Visit August 2025,23,"Qwingo"
Pawel Visit August 2025 Kevin Ranks,Pawel Visit August 2025,24,"Kariba"
Pawel Visit August 2025 Kevin Ranks,Pawel Visit August 2025,25,"Ramen fury"
Pawel Visit August 2025 Kevin Ranks,Pawel Visit August 2025,26,"Twin it"
Pawel Visit August 2025 Kevin Ranks,Pawel Visit August 2025,27,"Art robbery"
Pawel Visit August 2025 Kevin Ranks,Pawel Visit August 2025,28,"Vegetable stock"
Pawel Visit August 2025 Kevin Ranks,Pawel Visit August 2025,29,"Tinderblox"
Pawel Visit August 2025 Kevin Ranks,Pawel Visit August 2025,30,"Sequoia"
Pawel Visit August 2025 Kevin Ranks,Pawel Visit August 2025,31,"Monopoly bid"
Pawel Visit August 2025 Kevin Ranks,Pawel Visit August 2025,32,"Qwinto"
Pawel Visit August 2025 Kevin Ranks,Pawel Visit August 2025,33,"Land vs sea"
Pawel Visit August 2025 Kevin Ranks,Pawel Visit August 2025,34,"Ten"
Pawel Visit August 2025 Kevin Ranks,Pawel Visit August 2025,35,"Rhino hero"
Pawel Visit August 2025 Kevin Ranks,Pawel Visit August 2025,36,"Rattlebones"
Pawel Visit August 2025 Kevin Ranks,Pawel Visit August 2025,37,"Don’t break the ice"
All Time 2025 Kevin Ranks,Kevin Rankings 2025 Final,1,"Forest Shuffle"
All Time 2025 Kevin Ranks,Kevin Rankings 2025 Final,2,"Sushi Go Party!"
All Time 2025 Kevin Ranks,Kevin Rankings 2025 Final,3,"Kōhaku"
All Time 2025 Kevin Ranks,Kevin Rankings 2025 Final,4,"PUSH"
All Time 2025 Kevin Ranks,Kevin Rankings 2025 Final,5,"Caesar's Empire"
All Time 2025 Kevin Ranks,Kevin Rankings 2025 Final,6,"Cartographers"
All Time 2025 Kevin Ranks,Kevin Rankings 2025 Final,7,"Sagrada"
All Time 2025 Kevin Ranks,Kevin Rankings 2025 Final,8,"Solstis"
All Time 2025 Kevin Ranks,Kevin Rankings 2025 Final,9,"In the Footsteps of Darwin"
All Time 2025 Kevin Ranks,Kevin Rankings 2025 Final,10,"FYFE"
All Time 2025 Kevin Ranks,Kevin Rankings 2025 Final,11,"Honey Buzz"
All Time 2025 Kevin Ranks,Kevin Rankings 2025 Final,12,"Dominion (Second Edition)"
All Time 2025 Kevin Ranks,Kevin Rankings 2025 Final,13,"Cities"
All Time 2025 Kevin Ranks,Kevin Rankings 2025 Final,14,"Between Two Cities"
All Time 2025 Kevin Ranks,Kevin Rankings 2025 Final,15,"That's Pretty Clever!"
All Time 2025 Kevin Ranks,Kevin Rankings 2025 Final,16,"Blue Lagoon"
All Time 2025 Kevin Ranks,Kevin Rankings 2025 Final,17,"Codenames: Pictures"
All Time 2025 Kevin Ranks,Kevin Rankings 2025 Final,18,"Rummikub"
All Time 2025 Kevin Ranks,Kevin Rankings 2025 Final,19,"Comic Hunters"
All Time 2025 Kevin Ranks,Kevin Rankings 2025 Final,20,"Butterfly"
All Time 2025 Kevin Ranks,Kevin Rankings 2025 Final,21,"Azul: Queen's Garden"
All Time 2025 Kevin Ranks,Kevin Rankings 2025 Final,22,"Captain Flip"
All Time 2025 Kevin Ranks,Kevin Rankings 2025 Final,23,"Skull King"
All Time 2025 Kevin Ranks,Kevin Rankings 2025 Final,24,"Wilmot's Warehouse"
All Time 2025 Kevin Ranks,Kevin Rankings 2025 Final,25,"The Isle of Cats: Explore & Draw"
All Time 2025 Kevin Ranks,Kevin Rankings 2025 Final,26,"Roll for the Galaxy"
All Time 2025 Kevin Ranks,Kevin Rankings 2025 Final,27,"Paladins of the West Kingdom"
All Time 2025 Kevin Ranks,Kevin Rankings 2025 Final,28,"Quacks"
All Time 2025 Kevin Ranks,Kevin Rankings 2025 Final,29,"Sushi Go!"
All Time 2025 Kevin Ranks,Kevin Rankings 2025 Final,30,"Love Letter"
All Time 2025 Kevin Ranks,Kevin Rankings 2025 Final,31,"7 Wonders: Architects"
All Time 2025 Kevin Ranks,Kevin Rankings 2025 Final,32,"Mountain Goats"
All Time 2025 Kevin Ranks,Kevin Rankings 2025 Final,33,"Viticulture Essential Edition"
All Time 2025 Kevin Ranks,Kevin Rankings 2025 Final,34,"Everdell"
All Time 2025 Kevin Ranks,Kevin Rankings 2025 Final,35,"Monopoly Express"
All Time 2025 Kevin Ranks,Kevin Rankings 2025 Final,36,"Dice Miner"
All Time 2025 Kevin Ranks,Kevin Rankings 2025 Final,37,"Orléans"
All Time 2025 Kevin Ranks,Kevin Rankings 2025 Final,38,"Everdell Farshore"
All Time 2025 Kevin Ranks,Kevin Rankings 2025 Final,39,"Alhambra: Big Box"
All Time 2025 Kevin Ranks,Kevin Rankings 2025 Final,40,"Point City"
All Time 2025 Kevin Ranks,Kevin Rankings 2025 Final,41,"My Shelfie: The Dice Game"
All Time 2025 Kevin Ranks,Kevin Rankings 2025 Final,42,"SETUP"
All Time 2025 Kevin Ranks,Kevin Rankings 2025 Final,43,"Creature Comforts"
All Time 2025 Kevin Ranks,Kevin Rankings 2025 Final,44,"Floriferous"
All Time 2025 Kevin Ranks,Kevin Rankings 2025 Final,45,"Caldera Park"
All Time 2025 Kevin Ranks,Kevin Rankings 2025 Final,46,"Knarr"
All Time 2025 Kevin Ranks,Kevin Rankings 2025 Final,47,"Namiji"
All Time 2025 Kevin Ranks,Kevin Rankings 2025 Final,48,"Stone Age"
All Time 2025 Kevin Ranks,Kevin Rankings 2025 Final,49,"Dutch Blitz"
All Time 2025 Kevin Ranks,Kevin Rankings 2025 Final,50,"Manhattan"
All Time 2025 Kevin Ranks,Kevin Rankings 2025 Final,51,"It's a Wonderful World"
All Time 2025 Kevin Ranks,Kevin Rankings 2025 Final,52,"Trio"
All Time 2025 Kevin Ranks,Kevin Rankings 2025 Final,53,"Nunatak: Temple of Ice"
All Time 2025 Kevin Ranks,Kevin Rankings 2025 Final,54,"Illusion"
All Time 2025 Kevin Ranks,Kevin Rankings 2025 Final,55,"The Bears and the Bees"
All Time 2025 Kevin Ranks,Kevin Rankings 2025 Final,56,"Raiders of the North Sea"
All Time 2025 Kevin Ranks,Kevin Rankings 2025 Final,57,"For Sale"
All Time 2025 Kevin Ranks,Kevin Rankings 2025 Final,58,"Cover Your Assets"
All Time 2025 Kevin Ranks,Kevin Rankings 2025 Final,59,"MANTIS"
All Time 2025 Kevin Ranks,Kevin Rankings 2025 Final,60,"Can't Stop"
All Time 2025 Kevin Ranks,Kevin Rankings 2025 Final,61,"Dragonkeepers"
All Time 2025 Kevin Ranks,Kevin Rankings 2025 Final,62,"Earth"
All Time 2025 Kevin Ranks,Kevin Rankings 2025 Final,63,"Istanbul"
All Time 2025 Kevin Ranks,Kevin Rankings 2025 Final,64,"Azul: Stained Glass of Sintra"
All Time 2025 Kevin Ranks,Kevin Rankings 2025 Final,65,"Architects of the West Kingdom"
All Time 2025 Kevin Ranks,Kevin Rankings 2025 Final,66,"Memoarrr!"
All Time 2025 Kevin Ranks,Kevin Rankings 2025 Final,67,"Cascadia"
All Time 2025 Kevin Ranks,Kevin Rankings 2025 Final,68,"Mille Fiori"
All Time 2025 Kevin Ranks,Kevin Rankings 2025 Final,69,"Subastral"
All Time 2025 Kevin Ranks,Kevin Rankings 2025 Final,70,"Five Tribes: The Djinns of Naqala"
All Time 2025 Kevin Ranks,Kevin Rankings 2025 Final,71,"Wandering Towers"
All Time 2025 Kevin Ranks,Kevin Rankings 2025 Final,72,"Russian Railroads"
All Time 2025 Kevin Ranks,Kevin Rankings 2025 Final,73,"Picture Perfect"
All Time 2025 Kevin Ranks,Kevin Rankings 2025 Final,74,"Nidavellir"
All Time 2025 Kevin Ranks,Kevin Rankings 2025 Final,75,"Lure"
All Time 2025 Kevin Ranks,Kevin Rankings 2025 Final,76,"The Castles of Burgundy"
All Time 2025 Kevin Ranks,Kevin Rankings 2025 Final,77,"The Red Cathedral"
All Time 2025 Kevin Ranks,Kevin Rankings 2025 Final,78,"Las Vegas Royale"
All Time 2025 Kevin Ranks,Kevin Rankings 2025 Final,79,"Little Devils"
All Time 2025 Kevin Ranks,Kevin Rankings 2025 Final,80,"Silver & Gold"
All Time 2025 Kevin Ranks,Kevin Rankings 2025 Final,81,"Trek 12: Himalaya"
All Time 2025 Kevin Ranks,Kevin Rankings 2025 Final,82,"Stratego"
All Time 2025 Kevin Ranks,Kevin Rankings 2025 Final,83,"Link City"
All Time 2025 Kevin Ranks,Kevin Rankings 2025 Final,84,"Priorities"
All Time 2025 Kevin Ranks,Kevin Rankings 2025 Final,85,"Looot"
All Time 2025 Kevin Ranks,Kevin Rankings 2025 Final,86,"Savannah Park"
All Time 2025 Kevin Ranks,Kevin Rankings 2025 Final,87,"Planted: A Game of Nature & Nurture"
All Time 2025 Kevin Ranks,Kevin Rankings 2025 Final,88,"Quoridor"
All Time 2025 Kevin Ranks,Kevin Rankings 2025 Final,89,"Dog Lover"
All Time 2025 Kevin Ranks,Kevin Rankings 2025 Final,90,"Codenames"
All Time 2025 Kevin Ranks,Kevin Rankings 2025 Final,91,"Downtown Farmers Market"
All Time 2025 Kevin Ranks,Kevin Rankings 2025 Final,92,"Stockpile: Epic Edition"
All Time 2025 Kevin Ranks,Kevin Rankings 2025 Final,93,"What Do You Meme?"
All Time 2025 Kevin Ranks,Kevin Rankings 2025 Final,94,"Downforce"
All Time 2025 Kevin Ranks,Kevin Rankings 2025 Final,95,"Martian Dice"
All Time 2025 Kevin Ranks,Kevin Rankings 2025 Final,96,"Forever Home"
All Time 2025 Kevin Ranks,Kevin Rankings 2025 Final,97,"SCOUT"
All Time 2025 Kevin Ranks,Kevin Rankings 2025 Final,98,"Happy City"
All Time 2025 Kevin Ranks,Kevin Rankings 2025 Final,99,"Juicy Fruits"
All Time 2025 Kevin Ranks,Kevin Rankings 2025 Final,100,"Five Crowns"
All Time 2025 Kevin Ranks,Kevin Rankings 2025 Final,101,"Cascadia: Rolling Rivers"
All Time 2025 Kevin Ranks,Kevin Rankings 2025 Final,102,"Lanterns: The Harvest Festival"
All Time 2025 Kevin Ranks,Kevin Rankings 2025 Final,103,"Mille Bornes"
All Time 2025 Kevin Ranks,Kevin Rankings 2025 Final,104,"So Clover!"
All Time 2025 Kevin Ranks,Kevin Rankings 2025 Final,105,"Kingdomino"
All Time 2025 Kevin Ranks,Kevin Rankings 2025 Final,106,"Deep Dive"
All Time 2025 Kevin Ranks,Kevin Rankings 2025 Final,107,"Ticket to Ride"
All Time 2025 Kevin Ranks,Kevin Rankings 2025 Final,108,"Ransom Notes"
All Time 2025 Kevin Ranks,Kevin Rankings 2025 Final,109,"Pass the Pigs: Pig Party Edition"
All Time 2025 Kevin Ranks,Kevin Rankings 2025 Final,110,"Twin It!"
All Time 2025 Kevin Ranks,Kevin Rankings 2025 Final,111,"Trails of Tucana"
All Time 2025 Kevin Ranks,Kevin Rankings 2025 Final,112,"Elawa"
All Time 2025 Kevin Ranks,Kevin Rankings 2025 Final,113,"Century: Golem Edition – An Endless World"
All Time 2025 Kevin Ranks,Kevin Rankings 2025 Final,114,"Hansa Teutonica: Big Box"
All Time 2025 Kevin Ranks,Kevin Rankings 2025 Final,115,"Living Forest"
All Time 2025 Kevin Ranks,Kevin Rankings 2025 Final,116,"Monsters on Board"
All Time 2025 Kevin Ranks,Kevin Rankings 2025 Final,117,"Loot"
All Time 2025 Kevin Ranks,Kevin Rankings 2025 Final,118,"The Game of Things"
All Time 2025 Kevin Ranks,Kevin Rankings 2025 Final,119,"Monopoly Deal Card Game"
All Time 2025 Kevin Ranks,Kevin Rankings 2025 Final,120,"Kingdom Builder"
All Time 2025 Kevin Ranks,Kevin Rankings 2025 Final,121,"Splito"
All Time 2025 Kevin Ranks,Kevin Rankings 2025 Final,122,"Telestrations: 12 Player Party Pack"
All Time 2025 Kevin Ranks,Kevin Rankings 2025 Final,123,"Lost Cities: Rivals"
All Time 2025 Kevin Ranks,Kevin Rankings 2025 Final,124,"Flip 7"
All Time 2025 Kevin Ranks,Kevin Rankings 2025 Final,125,"Azul"
All Time 2025 Kevin Ranks,Kevin Rankings 2025 Final,126,"Harmonies"
All Time 2025 Kevin Ranks,Kevin Rankings 2025 Final,127,"Explorers"
All Time 2025 Kevin Ranks,Kevin Rankings 2025 Final,128,"Coloretto"
All Time 2025 Kevin Ranks,Kevin Rankings 2025 Final,129,"Asara"
All Time 2025 Kevin Ranks,Kevin Rankings 2025 Final,130,"Splendor Duel"
All Time 2025 Kevin Ranks,Kevin Rankings 2025 Final,131,"Herbaceous"
All Time 2025 Kevin Ranks,Kevin Rankings 2025 Final,132,"Dorfromantik: The Board Game"
All Time 2025 Kevin Ranks,Kevin Rankings 2025 Final,133,"Middle Ages"
All Time 2025 Kevin Ranks,Kevin Rankings 2025 Final,134,"Blokus"
All Time 2025 Kevin Ranks,Kevin Rankings 2025 Final,135,"Sunrise Lane"
All Time 2025 Kevin Ranks,Kevin Rankings 2025 Final,136,"Pixies"
All Time 2025 Kevin Ranks,Kevin Rankings 2025 Final,137,"Point Salad"
All Time 2025 Kevin Ranks,Kevin Rankings 2025 Final,138,"Fairy Ring"
All Time 2025 Kevin Ranks,Kevin Rankings 2025 Final,139,"Camel Up (Second Edition)"
All Time 2025 Kevin Ranks,Kevin Rankings 2025 Final,140,"The Game"
All Time 2025 Kevin Ranks,Kevin Rankings 2025 Final,141,"Century: Golem Edition – Eastern Mountains"
All Time 2025 Kevin Ranks,Kevin Rankings 2025 Final,142,"San Juan (Second Edition)"
All Time 2025 Kevin Ranks,Kevin Rankings 2025 Final,143,"Loco Momo"
All Time 2025 Kevin Ranks,Kevin Rankings 2025 Final,144,"Museum Suspects"
All Time 2025 Kevin Ranks,Kevin Rankings 2025 Final,145,"Space Base"
All Time 2025 Kevin Ranks,Kevin Rankings 2025 Final,146,"Castle Combo"
All Time 2025 Kevin Ranks,Kevin Rankings 2025 Final,147,"Trekking Through History"
All Time 2025 Kevin Ranks,Kevin Rankings 2025 Final,148,"CABO (Second Edition)"
All Time 2025 Kevin Ranks,Kevin Rankings 2025 Final,149,"Catan Histories: Rise of the Inkas"
All Time 2025 Kevin Ranks,Kevin Rankings 2025 Final,150,"Electronic Catch Phrase"
All Time 2025 Kevin Ranks,Kevin Rankings 2025 Final,151,"Nimalia"
All Time 2025 Kevin Ranks,Kevin Rankings 2025 Final,152,"Azul Duel"
All Time 2025 Kevin Ranks,Kevin Rankings 2025 Final,153,"Land vs Sea"
All Time 2025 Kevin Ranks,Kevin Rankings 2025 Final,154,"Imhotep"
All Time 2025 Kevin Ranks,Kevin Rankings 2025 Final,155,"Zombie Dice"
All Time 2025 Kevin Ranks,Kevin Rankings 2025 Final,156,"QE"
All Time 2025 Kevin Ranks,Kevin Rankings 2025 Final,157,"Pit"
All Time 2025 Kevin Ranks,Kevin Rankings 2025 Final,158,"Century: Golem Edition"
All Time 2025 Kevin Ranks,Kevin Rankings 2025 Final,159,"Raiders of Scythia"
All Time 2025 Kevin Ranks,Kevin Rankings 2025 Final,160,"Welcome To..."
All Time 2025 Kevin Ranks,Kevin Rankings 2025 Final,161,"Super Mega Lucky Box"
All Time 2025 Kevin Ranks,Kevin Rankings 2025 Final,162,"Pictures"
All Time 2025 Kevin Ranks,Kevin Rankings 2025 Final,163,"Rolling Realms"
All Time 2025 Kevin Ranks,Kevin Rankings 2025 Final,164,"Captain Sonar"
All Time 2025 Kevin Ranks,Kevin Rankings 2025 Final,165,"Dandelions"
All Time 2025 Kevin Ranks,Kevin Rankings 2025 Final,166,"Reef"
All Time 2025 Kevin Ranks,Kevin Rankings 2025 Final,167,"Seaside"
All Time 2025 Kevin Ranks,Kevin Rankings 2025 Final,168,"Roll'n Bump"
All Time 2025 Kevin Ranks,Kevin Rankings 2025 Final,169,"Sushi Roll"
All Time 2025 Kevin Ranks,Kevin Rankings 2025 Final,170,"Vegetable Stock"
All Time 2025 Kevin Ranks,Kevin Rankings 2025 Final,171,"Oh My Goods!"
All Time 2025 Kevin Ranks,Kevin Rankings 2025 Final,172,"New York Zoo"
All Time 2025 Kevin Ranks,Kevin Rankings 2025 Final,173,"Sequence"
All Time 2025 Kevin Ranks,Kevin Rankings 2025 Final,174,"Gnoming A Round"
All Time 2025 Kevin Ranks,Kevin Rankings 2025 Final,175,"Faraway"
All Time 2025 Kevin Ranks,Kevin Rankings 2025 Final,176,"Noctiluca"
All Time 2025 Kevin Ranks,Kevin Rankings 2025 Final,177,"Toil & Troublez"
All Time 2025 Kevin Ranks,Kevin Rankings 2025 Final,178,"Deep Sea Adventure"
All Time 2025 Kevin Ranks,Kevin Rankings 2025 Final,179,"Tokaido"
All Time 2025 Kevin Ranks,Kevin Rankings 2025 Final,180,"Wizard"
All Time 2025 Kevin Ranks,Kevin Rankings 2025 Final,181,"Ticket to Ride: Europe"
All Time 2025 Kevin Ranks,Kevin Rankings 2025 Final,182,"Queendomino"
All Time 2025 Kevin Ranks,Kevin Rankings 2025 Final,183,"Viscounts of the West Kingdom"
All Time 2025 Kevin Ranks,Kevin Rankings 2025 Final,184,"Hearts of AttrAction"
All Time 2025 Kevin Ranks,Kevin Rankings 2025 Final,185,"Via Magica"
All Time 2025 Kevin Ranks,Kevin Rankings 2025 Final,186,"A Gentle Rain"
All Time 2025 Kevin Ranks,Kevin Rankings 2025 Final,187,"Ticket to Ride: The Card Game"
All Time 2025 Kevin Ranks,Kevin Rankings 2025 Final,188,"Imperial Settlers"
All Time 2025 Kevin Ranks,Kevin Rankings 2025 Final,189,"Roll to the Top: Journeys"
All Time 2025 Kevin Ranks,Kevin Rankings 2025 Final,190,"Ecosystem"
All Time 2025 Kevin Ranks,Kevin Rankings 2025 Final,191,"Phase 10"
All Time 2025 Kevin Ranks,Kevin Rankings 2025 Final,192,"Qwirkle"
All Time 2025 Kevin Ranks,Kevin Rankings 2025 Final,193,"Chickapig"
All Time 2025 Kevin Ranks,Kevin Rankings 2025 Final,194,"Sequoia"
All Time 2025 Kevin Ranks,Kevin Rankings 2025 Final,195,"Joan of Arc: Orléans Draw & Write"
All Time 2025 Kevin Ranks,Kevin Rankings 2025 Final,196,"Medieval Academy"
All Time 2025 Kevin Ranks,Kevin Rankings 2025 Final,197,"Bellz!"
All Time 2025 Kevin Ranks,Kevin Rankings 2025 Final,198,"Exploding Kittens"
All Time 2025 Kevin Ranks,Kevin Rankings 2025 Final,199,"Just One"
All Time 2025 Kevin Ranks,Kevin Rankings 2025 Final,200,"Jaipur"
All Time 2025 Kevin Ranks,Kevin Rankings 2025 Final,201,"Boomerang"
All Time 2025 Kevin Ranks,Kevin Rankings 2025 Final,202,"Dragonheart"
All Time 2025 Kevin Ranks,Kevin Rankings 2025 Final,203,"Jukem Football (Second Edition)"
All Time 2025 Kevin Ranks,Kevin Rankings 2025 Final,204,"Incan Gold"
All Time 2025 Kevin Ranks,Kevin Rankings 2025 Final,205,"Cockroach Poker"
All Time 2025 Kevin Ranks,Kevin Rankings 2025 Final,206,"L.L.A.M.A."
All Time 2025 Kevin Ranks,Kevin Rankings 2025 Final,207,"King of Tokyo"
All Time 2025 Kevin Ranks,Kevin Rankings 2025 Final,208,"Bohnanza"
All Time 2025 Kevin Ranks,Kevin Rankings 2025 Final,209,"The Crew: Mission Deep Sea"
All Time 2025 Kevin Ranks,Kevin Rankings 2025 Final,210,"Akropolis"
All Time 2025 Kevin Ranks,Kevin Rankings 2025 Final,211,"Thurn and Taxis"
All Time 2025 Kevin Ranks,Kevin Rankings 2025 Final,212,"GPS"
All Time 2025 Kevin Ranks,Kevin Rankings 2025 Final,213,"Sunset Over Water"
All Time 2025 Kevin Ranks,Kevin Rankings 2025 Final,214,"Fun Facts"
All Time 2025 Kevin Ranks,Kevin Rankings 2025 Final,215,"Draftosaurus"
All Time 2025 Kevin Ranks,Kevin Rankings 2025 Final,216,"Biomos"
All Time 2025 Kevin Ranks,Kevin Rankings 2025 Final,217,"Byzanz"
All Time 2025 Kevin Ranks,Kevin Rankings 2025 Final,218,"Coup"
All Time 2025 Kevin Ranks,Kevin Rankings 2025 Final,219,"Taco Cat Goat Cheese Pizza"
All Time 2025 Kevin Ranks,Kevin Rankings 2025 Final,220,"The Castles of Burgundy: The Card Game"
All Time 2025 Kevin Ranks,Kevin Rankings 2025 Final,221,"The White Castle"
All Time 2025 Kevin Ranks,Kevin Rankings 2025 Final,222,"Machi Koro: Bright Lights, Big City"
All Time 2025 Kevin Ranks,Kevin Rankings 2025 Final,223,"Ark Nova"
All Time 2025 Kevin Ranks,Kevin Rankings 2025 Final,224,"Carcassonne"
All Time 2025 Kevin Ranks,Kevin Rankings 2025 Final,225,"Backgammon"
All Time 2025 Kevin Ranks,Kevin Rankings 2025 Final,226,"Splendor"
All Time 2025 Kevin Ranks,Kevin Rankings 2025 Final,227,"Tinderblox"
All Time 2025 Kevin Ranks,Kevin Rankings 2025 Final,228,"SNCF: France & Germany"
All Time 2025 Kevin Ranks,Kevin Rankings 2025 Final,229,"The Game of 49"
All Time 2025 Kevin Ranks,Kevin Rankings 2025 Final,230,"Trekking the World"
All Time 2025 Kevin Ranks,Kevin Rankings 2025 Final,231,"Shake That City"
All Time 2025 Kevin Ranks,Kevin Rankings 2025 Final,232,"Ramen Fury"
All Time 2025 Kevin Ranks,Kevin Rankings 2025 Final,233,"Ticket to Ride: First Journey (U.S.)"
All Time 2025 Kevin Ranks,Kevin Rankings 2025 Final,234,"Wild: Serengeti"
All Time 2025 Kevin Ranks,Kevin Rankings 2025 Final,235,"Welcome to Everdell"
All Time 2025 Kevin Ranks,Kevin Rankings 2025 Final,236,"That's Not a Hat"
All Time 2025 Kevin Ranks,Kevin Rankings 2025 Final,237,"Dice Forge"
All Time 2025 Kevin Ranks,Kevin Rankings 2025 Final,238,"The Castles of Tuscany"
All Time 2025 Kevin Ranks,Kevin Rankings 2025 Final,239,"Cinco Linko"
All Time 2025 Kevin Ranks,Kevin Rankings 2025 Final,240,"The Resistance"
All Time 2025 Kevin Ranks,Kevin Rankings 2025 Final,241,"Wyrmspan"
All Time 2025 Kevin Ranks,Kevin Rankings 2025 Final,242,"Superfight"
All Time 2025 Kevin Ranks,Kevin Rankings 2025 Final,243,"Cabanga!"
All Time 2025 Kevin Ranks,Kevin Rankings 2025 Final,244,"Mexican Train"
All Time 2025 Kevin Ranks,Kevin Rankings 2025 Final,245,"Wingspan Asia"
All Time 2025 Kevin Ranks,Kevin Rankings 2025 Final,246,"TEN"
All Time 2025 Kevin Ranks,Kevin Rankings 2025 Final,247,"Skull"
All Time 2025 Kevin Ranks,Kevin Rankings 2025 Final,248,"Mind Space"
All Time 2025 Kevin Ranks,Kevin Rankings 2025 Final,249,"Hacienda"
All Time 2025 Kevin Ranks,Kevin Rankings 2025 Final,250,"The Guild of Merchant Explorers"
All Time 2025 Kevin Ranks,Kevin Rankings 2025 Final,251,"Kings in the Corner"
All Time 2025 Kevin Ranks,Kevin Rankings 2025 Final,252,"Saboteur"
All Time 2025 Kevin Ranks,Kevin Rankings 2025 Final,253,"Scram!"
All Time 2025 Kevin Ranks,Kevin Rankings 2025 Final,254,"Kalah"
All Time 2025 Kevin Ranks,Kevin Rankings 2025 Final,255,"La Isla"
All Time 2025 Kevin Ranks,Kevin Rankings 2025 Final,256,"Ticket to Ride: Rails & Sails"
All Time 2025 Kevin Ranks,Kevin Rankings 2025 Final,257,"Chicken!"
All Time 2025 Kevin Ranks,Kevin Rankings 2025 Final,258,"Ready Set Bet"
All Time 2025 Kevin Ranks,Kevin Rankings 2025 Final,259,"Mesozooic"
All Time 2025 Kevin Ranks,Kevin Rankings 2025 Final,260,"Project L"
All Time 2025 Kevin Ranks,Kevin Rankings 2025 Final,261,"Flamecraft"
All Time 2025 Kevin Ranks,Kevin Rankings 2025 Final,262,"That Escalated Quickly"
All Time 2025 Kevin Ranks,Kevin Rankings 2025 Final,263,"ito"
All Time 2025 Kevin Ranks,Kevin Rankings 2025 Final,264,"Romi Rami"
All Time 2025 Kevin Ranks,Kevin Rankings 2025 Final,265,"On Tour"
All Time 2025 Kevin Ranks,Kevin Rankings 2025 Final,266,"Reign of Dragoness"
All Time 2025 Kevin Ranks,Kevin Rankings 2025 Final,267,"The Chameleon"
All Time 2025 Kevin Ranks,Kevin Rankings 2025 Final,268,"The Quest for El Dorado"
All Time 2025 Kevin Ranks,Kevin Rankings 2025 Final,269,"Cat Lady"
All Time 2025 Kevin Ranks,Kevin Rankings 2025 Final,270,"Othello"
All Time 2025 Kevin Ranks,Kevin Rankings 2025 Final,271,"Pickomino"
All Time 2025 Kevin Ranks,Kevin Rankings 2025 Final,272,"Chinese Checkers"
All Time 2025 Kevin Ranks,Kevin Rankings 2025 Final,273,"Decrypto"
All Time 2025 Kevin Ranks,Kevin Rankings 2025 Final,274,"BANG! The Dice Game"
All Time 2025 Kevin Ranks,Kevin Rankings 2025 Final,275,"HerStory"
All Time 2025 Kevin Ranks,Kevin Rankings 2025 Final,276,"Rolling Heights"
All Time 2025 Kevin Ranks,Kevin Rankings 2025 Final,277,"Iquazú"
All Time 2025 Kevin Ranks,Kevin Rankings 2025 Final,278,"Ka-Ching!"
All Time 2025 Kevin Ranks,Kevin Rankings 2025 Final,279,"Mystic Vale"
All Time 2025 Kevin Ranks,Kevin Rankings 2025 Final,280,"The Isle of Cats Duel"
All Time 2025 Kevin Ranks,Kevin Rankings 2025 Final,281,"First Rat"
All Time 2025 Kevin Ranks,Kevin Rankings 2025 Final,282,"High Society"
All Time 2025 Kevin Ranks,Kevin Rankings 2025 Final,283,"CATAN"
All Time 2025 Kevin Ranks,Kevin Rankings 2025 Final,284,"Azul: Summer Pavilion"
All Time 2025 Kevin Ranks,Kevin Rankings 2025 Final,285,"Secret Hitler"
All Time 2025 Kevin Ranks,Kevin Rankings 2025 Final,286,"Cubitos"
All Time 2025 Kevin Ranks,Kevin Rankings 2025 Final,287,"BANG!"
All Time 2025 Kevin Ranks,Kevin Rankings 2025 Final,288,"Ticket to Ride: New York"
All Time 2025 Kevin Ranks,Kevin Rankings 2025 Final,289,"No Thanks!"
All Time 2025 Kevin Ranks,Kevin Rankings 2025 Final,290,"Blitzkrieg!: World War Two in 20 Minutes"
All Time 2025 Kevin Ranks,Kevin Rankings 2025 Final,291,"The Castles of Burgundy: The Dice Game"
All Time 2025 Kevin Ranks,Kevin Rankings 2025 Final,292,"Wingspan"
All Time 2025 Kevin Ranks,Kevin Rankings 2025 Final,293,"MonsDRAWsity"
All Time 2025 Kevin Ranks,Kevin Rankings 2025 Final,294,"Take 5 & Take A Number"
All Time 2025 Kevin Ranks,Kevin Rankings 2025 Final,295,"Rivals for Catan: Deluxe"
All Time 2025 Kevin Ranks,Kevin Rankings 2025 Final,296,"7 Wonders Duel"
All Time 2025 Kevin Ranks,Kevin Rankings 2025 Final,297,"Red Flags"
All Time 2025 Kevin Ranks,Kevin Rankings 2025 Final,298,"Dealt!"
All Time 2025 Kevin Ranks,Kevin Rankings 2025 Final,299,"Bamboo"
All Time 2025 Kevin Ranks,Kevin Rankings 2025 Final,300,"Cards Against Humanity"
All Time 2025 Kevin Ranks,Kevin Rankings 2025 Final,301,"PARKS"
All Time 2025 Kevin Ranks,Kevin Rankings 2025 Final,302,"BraveRats"
All Time 2025 Kevin Ranks,Kevin Rankings 2025 Final,303,"Anomia"
All Time 2025 Kevin Ranks,Kevin Rankings 2025 Final,304,"Pairs"
All Time 2025 Kevin Ranks,Kevin Rankings 2025 Final,305,"Hive Pocket"
All Time 2025 Kevin Ranks,Kevin Rankings 2025 Final,306,"Velonimo"
All Time 2025 Kevin Ranks,Kevin Rankings 2025 Final,307,"FUSE"
All Time 2025 Kevin Ranks,Kevin Rankings 2025 Final,308,"7 Wonders"
All Time 2025 Kevin Ranks,Kevin Rankings 2025 Final,309,"Claim It!"
All Time 2025 Kevin Ranks,Kevin Rankings 2025 Final,310,"Scattergories"
All Time 2025 Kevin Ranks,Kevin Rankings 2025 Final,311,"The Isle of Cats"
All Time 2025 Kevin Ranks,Kevin Rankings 2025 Final,312,"Happy Salmon"
All Time 2025 Kevin Ranks,Kevin Rankings 2025 Final,313,"Innovation"
All Time 2025 Kevin Ranks,Kevin Rankings 2025 Final,314,"Nacho Pile"
All Time 2025 Kevin Ranks,Kevin Rankings 2025 Final,315,"Tapple"
All Time 2025 Kevin Ranks,Kevin Rankings 2025 Final,316,"Veggies"
All Time 2025 Kevin Ranks,Kevin Rankings 2025 Final,317,"Holly Jolly"
All Time 2025 Kevin Ranks,Kevin Rankings 2025 Final,318,"UNO: Mario Kart"
All Time 2025 Kevin Ranks,Kevin Rankings 2025 Final,319,"Monopoly Bid"
All Time 2025 Kevin Ranks,Kevin Rankings 2025 Final,320,"Rhino Hero"
All Time 2025 Kevin Ranks,Kevin Rankings 2025 Final,321,"Mint Works"
All Time 2025 Kevin Ranks,Kevin Rankings 2025 Final,322,"Trails"
All Time 2025 Kevin Ranks,Kevin Rankings 2025 Final,323,"Struggle for Catan"
All Time 2025 Kevin Ranks,Kevin Rankings 2025 Final,324,"Jenga"
All Time 2025 Kevin Ranks,Kevin Rankings 2025 Final,325,"Why First?"
All Time 2025 Kevin Ranks,Kevin Rankings 2025 Final,326,"Tzolk'in: The Mayan Calendar"
All Time 2025 Kevin Ranks,Kevin Rankings 2025 Final,327,"Battleship"
All Time 2025 Kevin Ranks,Kevin Rankings 2025 Final,328,"Bugs on Rugs"
All Time 2025 Kevin Ranks,Kevin Rankings 2025 Final,329,"Taboo"
All Time 2025 Kevin Ranks,Kevin Rankings 2025 Final,330,"Chess"
All Time 2025 Kevin Ranks,Kevin Rankings 2025 Final,331,"Connect Four"
All Time 2025 Kevin Ranks,Kevin Rankings 2025 Final,332,"Deal or No Deal Card Game"
All Time 2025 Kevin Ranks,Kevin Rankings 2025 Final,333,"Pizza Party"
All Time 2025 Kevin Ranks,Kevin Rankings 2025 Final,334,"Tiki Topple"
All Time 2025 Kevin Ranks,Kevin Rankings 2025 Final,335,"Sunny Day Sardines"
All Time 2025 Kevin Ranks,Kevin Rankings 2025 Final,336,"Spot it!"
All Time 2025 Kevin Ranks,Kevin Rankings 2025 Final,337,"12 Days"
All Time 2025 Kevin Ranks,Kevin Rankings 2025 Final,338,"UNO"
All Time 2025 Kevin Ranks,Kevin Rankings 2025 Final,339,"Monopoly Gamer: Mario Kart"
All Time 2025 Kevin Ranks,Kevin Rankings 2025 Final,340,"Long Shot: The Dice Game"
All Time 2025 Kevin Ranks,Kevin Rankings 2025 Final,341,"Bingo"
All Time 2025 Kevin Ranks,Kevin Rankings 2025 Final,342,"Clue"
All Time 2025 Kevin Ranks,Kevin Rankings 2025 Final,343,"When I Dream"
All Time 2025 Kevin Ranks,Kevin Rankings 2025 Final,344,"Risk"
All Time 2025 Kevin Ranks,Kevin Rankings 2025 Final,345,"Piepmatz"
All Time 2025 Kevin Ranks,Kevin Rankings 2025 Final,346,"Welcome to the Dungeon"
All Time 2025 Kevin Ranks,Kevin Rankings 2025 Final,347,"Isle of Skye: From Chieftain to King"
All Time 2025 Kevin Ranks,Kevin Rankings 2025 Final,348,"Kinfire Delve: Vainglory's Grotto"
All Time 2025 Kevin Ranks,Kevin Rankings 2025 Final,349,"Power Grid"
All Time 2025 Kevin Ranks,Kevin Rankings 2025 Final,350,"LIE"
All Time 2025 Kevin Ranks,Kevin Rankings 2025 Final,351,"DIG"
All Time 2025 Kevin Ranks,Kevin Rankings 2025 Final,352,"Arboretum"
All Time 2025 Kevin Ranks,Kevin Rankings 2025 Final,353,"Dice Manor"
All Time 2025 Kevin Ranks,Kevin Rankings 2025 Final,354,"Lowdown"
All Time 2025 Kevin Ranks,Kevin Rankings 2025 Final,355,"Puerto Rico"
All Time 2025 Kevin Ranks,Kevin Rankings 2025 Final,356,"Mad Gab Card Game"
All Time 2025 Kevin Ranks,Kevin Rankings 2025 Final,357,"Poetry for Neanderthals"
All Time 2025 Kevin Ranks,Kevin Rankings 2025 Final,358,"Blank Slate"
All Time 2025 Kevin Ranks,Kevin Rankings 2025 Final,359,"Catan Dice Game"
All Time 2025 Kevin Ranks,Kevin Rankings 2025 Final,360,"Get Bit!"
All Time 2025 Kevin Ranks,Kevin Rankings 2025 Final,361,"Colt Super Express"
All Time 2025 Kevin Ranks,Kevin Rankings 2025 Final,362,"Simon"
All Time 2025 Kevin Ranks,Kevin Rankings 2025 Final,363,"Skyjo"
All Time 2025 Kevin Ranks,Kevin Rankings 2025 Final,364,"Quadropolis"
All Time 2025 Kevin Ranks,Kevin Rankings 2025 Final,365,"First Empires"
All Time 2025 Kevin Ranks,Kevin Rankings 2025 Final,366,"Wits & Wagers Party"
All Time 2025 Kevin Ranks,Kevin Rankings 2025 Final,367,"Patchwork"
All Time 2025 Kevin Ranks,Kevin Rankings 2025 Final,368,"Star Realms: Frontiers"
All Time 2025 Kevin Ranks,Kevin Rankings 2025 Final,369,"Parkade"
All Time 2025 Kevin Ranks,Kevin Rankings 2025 Final,370,"Galaxy Trucker"
All Time 2025 Kevin Ranks,Kevin Rankings 2025 Final,371,"Deception: Murder in Hong Kong"
All Time 2025 Kevin Ranks,Kevin Rankings 2025 Final,372,"Mastermind"
All Time 2025 Kevin Ranks,Kevin Rankings 2025 Final,373,"Rattlebones"
All Time 2025 Kevin Ranks,Kevin Rankings 2025 Final,374,"Terraforming Mars: Ares Expedition"
All Time 2025 Kevin Ranks,Kevin Rankings 2025 Final,375,"Guess Who?"
All Time 2025 Kevin Ranks,Kevin Rankings 2025 Final,376,"Yahtzee"
All Time 2025 Kevin Ranks,Kevin Rankings 2025 Final,377,"Exit: The Game – The Abandoned Cabin"
All Time 2025 Kevin Ranks,Kevin Rankings 2025 Final,378,"NFL-opoly"
All Time 2025 Kevin Ranks,Kevin Rankings 2025 Final,379,"Sleeping Queens"
All Time 2025 Kevin Ranks,Kevin Rankings 2025 Final,380,"Pandemic"
All Time 2025 Kevin Ranks,Kevin Rankings 2025 Final,381,"Memory"
All Time 2025 Kevin Ranks,Kevin Rankings 2025 Final,382,"Quelf"
All Time 2025 Kevin Ranks,Kevin Rankings 2025 Final,383,"Stringamajig"
All Time 2025 Kevin Ranks,Kevin Rankings 2025 Final,384,"Checkers"
All Time 2025 Kevin Ranks,Kevin Rankings 2025 Final,385,"The Mind"
All Time 2025 Kevin Ranks,Kevin Rankings 2025 Final,386,"Don't Break the Ice"
All Time 2025 Kevin Ranks,Kevin Rankings 2025 Final,387,"Bananagrams"
All Time 2025 Kevin Ranks,Kevin Rankings 2025 Final,388,"Hanabi"
All Time 2025 Kevin Ranks,Kevin Rankings 2025 Final,389,"Monikers: Classics"
All Time 2025 Kevin Ranks,Kevin Rankings 2025 Final,390,"Slamwich"
All Time 2025 Kevin Ranks,Kevin Rankings 2025 Final,391,"Onitama"
All Time 2025 Kevin Ranks,Kevin Rankings 2025 Final,392,"Green Team Wins"
All Time 2025 Kevin Ranks,Kevin Rankings 2025 Final,393,"13 Words"
All Time 2025 Kevin Ranks,Kevin Rankings 2025 Final,394,"Tichu"
All Time 2025 Kevin Ranks,Kevin Rankings 2025 Final,395,"Skip-Bo"
All Time 2025 Kevin Ranks,Kevin Rankings 2025 Final,396,"Blink"
All Time 2025 Kevin Ranks,Kevin Rankings 2025 Final,397,"On a Scale of One to T-Rex"
All Time 2025 Kevin Ranks,Kevin Rankings 2025 Final,398,"LCR"
All Time 2025 Kevin Ranks,Kevin Rankings 2025 Final,399,"Herd Mentality"
All Time 2025 Kevin Ranks,Kevin Rankings 2025 Final,400,"HUE"
All Time 2025 Kevin Ranks,Kevin Rankings 2025 Final,401,"The Fox in the Forest"
All Time 2025 Kevin Ranks,Kevin Rankings 2025 Final,402,"Glitch Squad"
All Time 2025 Kevin Ranks,Kevin Rankings 2025 Final,403,"Cribbage"
All Time 2025 Kevin Ranks,Kevin Rankings 2025 Final,404,"Snail's Pace Race"
All Time 2025 Kevin Ranks,Kevin Rankings 2025 Final,405,"Arne"
All Time 2025 Kevin Ranks,Kevin Rankings 2025 Final,406,"Tic-Tac-Toe"
DTW 2025 Kevin Ranks,DTW 2025 Kevin,1,"Rebirth"
DTW 2025 Kevin Ranks,DTW 2025 Kevin,2,"Life of the Amazonia"
DTW 2025 Kevin Ranks,DTW 2025 Kevin,3,"Nunatak"
DTW 2025 Kevin Ranks,DTW 2025 Kevin,4,"Bomb Busters"
DTW 2025 Kevin Ranks,DTW 2025 Kevin,5,"Nyakuza"
DTW 2025 Kevin Ranks,DTW 2025 Kevin,6,"Windmill valley"
DTW 2025 Kevin Ranks,DTW 2025 Kevin,7,"Fellowship of the ring"
DTW 2025 Kevin Ranks,DTW 2025 Kevin,8,"Adventure Land"
DTW 2025 Kevin Ranks,DTW 2025 Kevin,9,"Kyoto no Neko"
DTW 2025 Kevin Ranks,DTW 2025 Kevin,10,"Brilliant"
DTW 2025 Kevin Ranks,DTW 2025 Kevin,11,"Hutan"
DTW 2025 Kevin Ranks,DTW 2025 Kevin,12,"Finspan"
DTW 2025 Kevin Ranks,DTW 2025 Kevin,13,"Mezen"
DTW 2025 Kevin Ranks,DTW 2025 Kevin,14,"Floresta"
DTW 2025 Kevin Ranks,DTW 2025 Kevin,15,"Mesos"
DTW 2025 Kevin Ranks,DTW 2025 Kevin,16,"Santa’s workshop"
DTW 2025 Kevin Ranks,DTW 2025 Kevin,17,"Gasha"
DTW 2025 Kevin Ranks,DTW 2025 Kevin,18,"Nova Luna"
DTW 2025 Kevin Ranks,DTW 2025 Kevin,19,"Skyrise"
DTW 2025 Kevin Ranks,DTW 2025 Kevin,20,"Capybara cookie club"
DTW 2025 Kevin Ranks,DTW 2025 Kevin,21,"Vale of eternity"
DTW 2025 Kevin Ranks,DTW 2025 Kevin,22,"Takenokolor"
DTW 2025 Kevin Ranks,DTW 2025 Kevin,23,"Score Cards"
DTW 2025 Kevin Ranks,DTW 2025 Kevin,24,"Mino dice"
DTW 2025 Kevin Ranks,DTW 2025 Kevin,25,"Nuts so fast"
DTW 2025 Kevin Ranks,DTW 2025 Kevin,26,"My city roll and build"
DTW 2025 Kevin Ranks,DTW 2025 Kevin,27,"Planetfall"
DTW 2025 Kevin Ranks,DTW 2025 Kevin,28,"Jewels for emperor penguins"
DTW 2025 Kevin Ranks,DTW 2025 Kevin,29,"Tasso Banana"
DTW 2025 Kevin Ranks,DTW 2025 Kevin,30,"Right on time"
DTW 2025 Kevin Ranks,DTW 2025 Kevin,31,"Drop it"
DTW 2025 Kevin Ranks,DTW 2025 Kevin,32,"Ito"
DTW 2025 Kevin Ranks,DTW 2025 Kevin,33,"Hearts of Attraction"
DTW 2025 Kevin Ranks,DTW 2025 Kevin,34,"San Francisco"
DTW 2025 Kevin Ranks,DTW 2025 Kevin,35,"Bug off"
DTW 2025 Kevin Ranks,DTW 2025 Kevin,36,"Combo"
DTW 2025 Kevin Ranks,DTW 2025 Kevin,37,"Ultimatch"
DTW 2025 Kevin Ranks,DTW 2025 Kevin,38,"Men at work"
DTW 2025 Kevin Ranks,DTW 2025 Kevin,39,"321 Countdown"
DTW 2025 Kevin Ranks,DTW 2025 Kevin,40,"Sea dragons"
DTW 2025 Kevin Ranks,DTW 2025 Kevin,41,"Tack"
DTW 2025 Kevin Ranks,DTW 2025 Kevin,42,"Sardegna"
DTW 2025 Kevin Ranks,DTW 2025 Kevin,43,"Ai space puzzle"
DTW 2025 Kevin Ranks,DTW 2025 Kevin,44,"Blast track"
DTW 2025 Kevin Ranks,DTW 2025 Kevin,45,"Flamme rouge"
DTW 2025 Kevin Ranks,DTW 2025 Kevin,46,"Zooloretto dice game"
DTW 2025 Kevin Ranks,DTW 2025 Kevin,47,"Les toits de Paris"
DTW 2025 Kevin Ranks,DTW 2025 Kevin,48,"Krakel orakel"
DTW 2025 Kevin Ranks,DTW 2025 Kevin,49,"Claim it"
DTW 2025 Kevin Ranks,DTW 2025 Kevin,50,"Penguin party"
DTW 2025 Kevin Ranks,DTW 2025 Kevin,51,"Bites"
DTW 2025 Kevin Ranks,DTW 2025 Kevin,52,"Xylotar"
DTW 2025 Kevin Ranks,DTW 2025 Kevin,53,"Ecosystem savana"
DTW 2025 Kevin Ranks,DTW 2025 Kevin,54,"The Spill"
DTW 2025 Kevin Ranks,DTW 2025 Kevin,55,"American bookshop"
DTW 2025 Kevin Ranks,DTW 2025 Kevin,56,"Roll in one"
DTW 2025 Kevin Ranks,DTW 2025 Kevin,57,"Harvest"
DTW 2025 Kevin Ranks,DTW 2025 Kevin,58,"Rivages"
DTW 2025 Kevin Ranks,DTW 2025 Kevin,59,"Wildlife safari"
DTW 2025 Kevin Ranks,DTW 2025 Kevin,60,"Aurum"
DTW 2025 Kevin Ranks,DTW 2025 Kevin,61,"Super kawaii pets"
DTW 2025 Kevin Ranks,DTW 2025 Kevin,62,"Booop"
DTW 2025 Kevin Ranks,DTW 2025 Kevin,63,"Crocodile pool party"
DTW 2025 Kevin Ranks,DTW 2025 Kevin,64,"Star Wars Deck Building"
DTW 2025 Kevin Ranks,DTW 2025 Kevin,65,"Oceanos"
DTW 2025 Kevin Ranks,DTW 2025 Kevin,66,"March madness"
DTW 2025 Kevin Ranks,DTW 2025 Kevin,67,"Your best life"
DTW 2025 Kevin Ranks,DTW 2025 Kevin,68,"Skate summer"
DTW 2025 Kevin Ranks,DTW 2025 Kevin,69,"Steam up"
DTW 2025 Kevin Ranks,DTW 2025 Kevin,70,"Four corner detective"
DTW 2025 Kevin Ranks,DTW 2025 Kevin,71,"Radlands"
Pawel Visit January 2025 Kevin Ranks,Kevin Ratings (Pawel Visit January 2025),1,"paladins of the west kingdom"
Pawel Visit January 2025 Kevin Ranks,Kevin Ratings (Pawel Visit January 2025),2,"solstis"
Pawel Visit January 2025 Kevin Ranks,Kevin Ratings (Pawel Visit January 2025),3,"push"
Pawel Visit January 2025 Kevin Ranks,Kevin Ratings (Pawel Visit January 2025),4,"lost cities rivals"
Pawel Visit January 2025 Kevin Ranks,Kevin Ratings (Pawel Visit January 2025),5,"flip 7"
Pawel Visit January 2025 Kevin Ranks,Kevin Ratings (Pawel Visit January 2025),6,"captain flip"
Pawel Visit January 2025 Kevin Ranks,Kevin Ratings (Pawel Visit January 2025),7,"cities"
Pawel Visit January 2025 Kevin Ranks,Kevin Ratings (Pawel Visit January 2025),8,"downtown farmers market"
Pawel Visit January 2025 Kevin Ranks,Kevin Ratings (Pawel Visit January 2025),9,"pass the pigs"
Pawel Visit January 2025 Kevin Ranks,Kevin Ratings (Pawel Visit January 2025),10,"trekking through history"
Pawel Visit January 2025 Kevin Ranks,Kevin Ratings (Pawel Visit January 2025),11,"middle ages"
Pawel Visit January 2025 Kevin Ranks,Kevin Ratings (Pawel Visit January 2025),12,"wandering towers"
Pawel Visit January 2025 Kevin Ranks,Kevin Ratings (Pawel Visit January 2025),13,"little devils"
Pawel Visit January 2025 Kevin Ranks,Kevin Ratings (Pawel Visit January 2025),14,"via magica"
Pawel Visit January 2025 Kevin Ranks,Kevin Ratings (Pawel Visit January 2025),15,"setup"
Pawel Visit January 2025 Kevin Ranks,Kevin Ratings (Pawel Visit January 2025),16,"the guild of merchant explorers"
Pawel Visit January 2025 Kevin Ranks,Kevin Ratings (Pawel Visit January 2025),17,"piepmatz"
Pawel Visit January 2025 Kevin Ranks,Kevin Ratings (Pawel Visit January 2025),18,"her story"
Pawel Visit January 2025 Kevin Ranks,Kevin Ratings (Pawel Visit January 2025),19,"cockroach poker royal"
Pawel Visit January 2025 Kevin Ranks,Kevin Ratings (Pawel Visit January 2025),20,"monsters on board"
Pawel Visit January 2025 Kevin Ranks,Kevin Ratings (Pawel Visit January 2025),21,"sunset over water"
Pawel Visit January 2025 Kevin Ranks,Kevin Ratings (Pawel Visit January 2025),22,"ka-ching!"
Pawel Visit January 2025 Kevin Ranks,Kevin Ratings (Pawel Visit January 2025),23,"caesar!: seize rome in 20 minutes!"
Pawel Visit January 2025 Kevin Ranks,Kevin Ratings (Pawel Visit January 2025),24,"thats not a hat"
Pawel Visit January 2025 Kevin Ranks,Kevin Ratings (Pawel Visit January 2025),25,"coloretto"
Pawel Visit January 2025 Kevin Ranks,Kevin Ratings (Pawel Visit January 2025),26,"whirling witchcraft"
Pawel Visit January 2025 Kevin Ranks,Kevin Ratings (Pawel Visit January 2025),27,"brave rats"
Pawel Visit January 2025 Kevin Ranks,Kevin Ratings (Pawel Visit January 2025),28,"hive pocket"
Pawel Visit January 2025 Kevin Ranks,Kevin Ratings (Pawel Visit January 2025),29,"othello"
Pawel Visit January 2025 Kevin Ranks,Kevin Ratings (Pawel Visit January 2025),30,"bugs on rugs"
Pawel Visit January 2025 Kevin Ranks,Kevin Ratings (Pawel Visit January 2025),31,"odin"
Pawel Visit January 2025 Kevin Ranks,Kevin Ratings (Pawel Visit January 2025),32,"mastermind"
Pawel Visit January 2025 Kevin Ranks,Kevin Ratings (Pawel Visit January 2025),33,"hue"
Pawel Visit January 2025 Kevin Ranks,Kevin Ratings (Pawel Visit January 2025),34,"flourish"
Pawel Visit January 2025 Kevin Ranks,Kevin Ratings (Pawel Visit January 2025),35,"onitama"
Pawel Visit January 2025 Kevin Ranks,Kevin Ratings (Pawel Visit January 2025),36,"yak"
Pawel Visit January 2025 Kevin Ranks,Kevin Ratings (Pawel Visit January 2025),37,"custom heroes"
Pawel Visit January 2025 Kevin Ranks,Kevin Ratings (Pawel Visit January 2025),38,"tokaido duo"
Pawel Visit January 2025 Kevin Ranks,Kevin Ratings (Pawel Visit January 2025),39,"sunny day sardines"
Pawel Visit January 2025 Kevin Ranks,Kevin Ratings (Pawel Visit January 2025),40,"moon adventure"
Pawel Visit January 2025 Kevin Ranks,Kevin Ratings (Pawel Visit January 2025),41,"star cartel"
Pawel Visit January 2025 Kevin Ranks,Kevin Ratings (Pawel Visit January 2025),42,"deal or no deal card game"
Pawel Visit January 2025 Kevin Ranks,Kevin Ratings (Pawel Visit January 2025),43,"circle the wagons"
Pawel Visit January 2025 Kevin Ranks,Kevin Ratings (Pawel Visit January 2025),44,"the great heartland hauling co"
Pawel Visit January 2025 Kevin Ranks,Kevin Ratings (Pawel Visit January 2025),45,"arne"
Pawel Visit January 2025 Kevin Ranks,Kevin Ratings (Pawel Visit January 2025),46,"backyard builders treehouse"
Released 2024 Kevin Ranks,2024 Release Kevin Play Rank,1,"Captain Flip"
Released 2024 Kevin Ranks,2024 Release Kevin Play Rank,2,"Cities"
Released 2024 Kevin Ranks,2024 Release Kevin Play Rank,3,"Looot"
Released 2024 Kevin Ranks,2024 Release Kevin Play Rank,4,"Flip 7"
Released 2024 Kevin Ranks,2024 Release Kevin Play Rank,5,"Harmonies"
Released 2024 Kevin Ranks,2024 Release Kevin Play Rank,6,"Treetopia"
Released 2024 Kevin Ranks,2024 Release Kevin Play Rank,7,"Solstis"
Released 2024 Kevin Ranks,2024 Release Kevin Play Rank,8,"Spectacular"
Released 2024 Kevin Ranks,2024 Release Kevin Play Rank,9,"Wilmot's Warehouse"
Released 2024 Kevin Ranks,2024 Release Kevin Play Rank,10,"Wyrmspan"
Released 2024 Kevin Ranks,2024 Release Kevin Play Rank,11,"Pixies"
Released 2024 Kevin Ranks,2024 Release Kevin Play Rank,12,"Botanicus"
Released 2024 Kevin Ranks,2024 Release Kevin Play Rank,13,"Next Station: Paris"
Released 2024 Kevin Ranks,2024 Release Kevin Play Rank,14,"Intarsia"
Released 2024 Kevin Ranks,2024 Release Kevin Play Rank,15,"My Shelfie: The Dice Game"
Released 2024 Kevin Ranks,2024 Release Kevin Play Rank,16,"Fairy Ring"
Released 2024 Kevin Ranks,2024 Release Kevin Play Rank,17,"The Lord of the Rings: Duel for Middle-earth"
Released 2024 Kevin Ranks,2024 Release Kevin Play Rank,18,"Tower Up"
Released 2024 Kevin Ranks,2024 Release Kevin Play Rank,19,"Castle Combo"
Released 2024 Kevin Ranks,2024 Release Kevin Play Rank,20,"FLOWERS"
Released 2024 Kevin Ranks,2024 Release Kevin Play Rank,21,"Lure"
Released 2024 Kevin Ranks,2024 Release Kevin Play Rank,22,"Tír na nÓg"
Released 2024 Kevin Ranks,2024 Release Kevin Play Rank,23,"Link City"
Released 2024 Kevin Ranks,2024 Release Kevin Play Rank,24,"Duck & Cover"
Released 2024 Kevin Ranks,2024 Release Kevin Play Rank,25,"Takenokolor"
Released 2024 Kevin Ranks,2024 Release Kevin Play Rank,26,"Middle Ages"
Released 2024 Kevin Ranks,2024 Release Kevin Play Rank,27,"Maki Master"
Released 2024 Kevin Ranks,2024 Release Kevin Play Rank,28,"Cook Islands"
Released 2024 Kevin Ranks,2024 Release Kevin Play Rank,29,"Word Traveler"
Released 2024 Kevin Ranks,2024 Release Kevin Play Rank,30,"Maple Valley"
Released 2024 Kevin Ranks,2024 Release Kevin Play Rank,31,"Monkey Palace"
Released 2024 Kevin Ranks,2024 Release Kevin Play Rank,32,"Courtisans"
Released 2024 Kevin Ranks,2024 Release Kevin Play Rank,33,"Flowers"
Released 2024 Kevin Ranks,2024 Release Kevin Play Rank,34,"Rainbow"
Released 2024 Kevin Ranks,2024 Release Kevin Play Rank,35,"Potions of Azerland"
Released 2024 Kevin Ranks,2024 Release Kevin Play Rank,36,"Fromage"
Released 2024 Kevin Ranks,2024 Release Kevin Play Rank,37,"King of Tokyo: Duel"
Released 2024 Kevin Ranks,2024 Release Kevin Play Rank,38,"Águeda: City of Umbrellas"
Released 2024 Kevin Ranks,2024 Release Kevin Play Rank,39,"Pocket Cats"
Released 2024 Kevin Ranks,2024 Release Kevin Play Rank,40,"Prey"
Released 2024 Kevin Ranks,2024 Release Kevin Play Rank,41,"Cascadia: Rolling Hills"
Released 2024 Kevin Ranks,2024 Release Kevin Play Rank,42,"That Escalated Quickly"
Released 2024 Kevin Ranks,2024 Release Kevin Play Rank,43,"River Valley Glassworks"
Released 2024 Kevin Ranks,2024 Release Kevin Play Rank,44,"Odin"
Released 2024 Kevin Ranks,2024 Release Kevin Play Rank,45,"Landmarks"
Released 2024 Kevin Ranks,2024 Release Kevin Play Rank,46,"Let's Go! To Japan"
Released 2024 Kevin Ranks,2024 Release Kevin Play Rank,47,"Seaside"
Released 2024 Kevin Ranks,2024 Release Kevin Play Rank,48,"Draft & Write Records"
Released 2024 Kevin Ranks,2024 Release Kevin Play Rank,49,"Things in Rings"
Released 2024 Kevin Ranks,2024 Release Kevin Play Rank,50,"Explorers of Navoria"
Released 2024 Kevin Ranks,2024 Release Kevin Play Rank,51,"Parks: Roll & Hike"
Released 2024 Kevin Ranks,2024 Release Kevin Play Rank,52,"Cascadero"
Released 2024 Kevin Ranks,2024 Release Kevin Play Rank,53,"Donut Shop"
Released 2024 Kevin Ranks,2024 Release Kevin Play Rank,54,"Cascadito"
Released 2024 Kevin Ranks,2024 Release Kevin Play Rank,55,"Dabba Walla"
Released 2024 Kevin Ranks,2024 Release Kevin Play Rank,56,"Fairy"
Released 2024 Kevin Ranks,2024 Release Kevin Play Rank,57,"I Heart Manatees"
Released 2024 Kevin Ranks,2024 Release Kevin Play Rank,58,"Expressions"
Released 2024 Kevin Ranks,2024 Release Kevin Play Rank,59,"Happy Home"
Released 2024 Kevin Ranks,2024 Release Kevin Play Rank,60,"Confusing Lands"
Released 2024 Kevin Ranks,2024 Release Kevin Play Rank,61,"Spotlight"
Released 2024 Kevin Ranks,2024 Release Kevin Play Rank,62,"Rolling Realms Redux"
Released 2024 Kevin Ranks,2024 Release Kevin Play Rank,63,"Oh My Pigeons!"
Released 2024 Kevin Ranks,2024 Release Kevin Play Rank,64,"Phone Wallet Keys"
Released 2024 Kevin Ranks,2024 Release Kevin Play Rank,65,"Surf's Up!"
Released 2024 Kevin Ranks,2024 Release Kevin Play Rank,66,"Open Season"
Released 2024 Kevin Ranks,2024 Release Kevin Play Rank,67,"Café Baras"
Released 2024 Kevin Ranks,2024 Release Kevin Play Rank,68,"Tinderblox: Storm Edition"
Released 2024 Kevin Ranks,2024 Release Kevin Play Rank,69,"Dicy Cards"
Released 2024 Kevin Ranks,2024 Release Kevin Play Rank,70,"Creature Caravan"
Released 2024 Kevin Ranks,2024 Release Kevin Play Rank,71,"Stephens"
Released 2024 Kevin Ranks,2024 Release Kevin Play Rank,72,"River of Gold"
Released 2024 Kevin Ranks,2024 Release Kevin Play Rank,73,"Charcuterie: The Board Game"
Released 2024 Kevin Ranks,2024 Release Kevin Play Rank,74,"Stalk Exchange"
Released 2024 Kevin Ranks,2024 Release Kevin Play Rank,75,"In the Footsteps of Marie Curie"
Released 2024 Kevin Ranks,2024 Release Kevin Play Rank,76,"MLEM: Space Agency"
Released 2024 Kevin Ranks,2024 Release Kevin Play Rank,77,"Trash Dice"
Released 2024 Kevin Ranks,2024 Release Kevin Play Rank,78,"Khiva"
Released 2024 Kevin Ranks,2024 Release Kevin Play Rank,79,"Golden Cup"
Released 2024 Kevin Ranks,2024 Release Kevin Play Rank,80,"Festival"
Released 2024 Kevin Ranks,2024 Release Kevin Play Rank,81,"Slide"
Released 2024 Kevin Ranks,2024 Release Kevin Play Rank,82,"Harvest"
Released 2024 Kevin Ranks,2024 Release Kevin Play Rank,83,"Feeling Lucky?"
Released 2024 Kevin Ranks,2024 Release Kevin Play Rank,84,"Umbrella"
Released 2024 Kevin Ranks,2024 Release Kevin Play Rank,85,"Stamp Swap"
Released 2024 Kevin Ranks,2024 Release Kevin Play Rank,86,"Gnome Hollow"
Released 2024 Kevin Ranks,2024 Release Kevin Play Rank,87,"Festi'vibes"
Released 2024 Kevin Ranks,2024 Release Kevin Play Rank,88,"Bower"
Released 2024 Kevin Ranks,2024 Release Kevin Play Rank,89,"Ninjan"
Released 2024 Kevin Ranks,2024 Release Kevin Play Rank,90,"Bunny Boom"
Released 2024 Kevin Ranks,2024 Release Kevin Play Rank,91,"Sunrise at the Studio"
Released 2024 Kevin Ranks,2024 Release Kevin Play Rank,92,"Garden Getaway"
Released 2024 Kevin Ranks,2024 Release Kevin Play Rank,93,"Forks: 2nd Edition"
Released 2024 Kevin Ranks,2024 Release Kevin Play Rank,94,"Road to 300"
Released 2024 Kevin Ranks,2024 Release Kevin Play Rank,95,"Tapas"
Released 2024 Kevin Ranks,2024 Release Kevin Play Rank,96,"Pond"
Released 2024 Kevin Ranks,2024 Release Kevin Play Rank,97,"Another Man's Treasure"
Released 2024 Kevin Ranks,2024 Release Kevin Play Rank,98,"The Yellow House"
All Time 2024 Tiffany Ranks,Tiffany final 25 for 2024 final,1,"ark nova"
All Time 2024 Tiffany Ranks,Tiffany final 25 for 2024 final,2,"Forest shuffle"
All Time 2024 Tiffany Ranks,Tiffany final 25 for 2024 final,3,"Gentle rain"
All Time 2024 Tiffany Ranks,Tiffany final 25 for 2024 final,4,"monsters on board"
All Time 2024 Tiffany Ranks,Tiffany final 25 for 2024 final,5,"Azul summer pavilion"
All Time 2024 Tiffany Ranks,Tiffany final 25 for 2024 final,6,"Paladins of west kingdom"
All Time 2024 Tiffany Ranks,Tiffany final 25 for 2024 final,7,"happy city"
All Time 2024 Tiffany Ranks,Tiffany final 25 for 2024 final,8,"mountain goats"
All Time 2024 Tiffany Ranks,Tiffany final 25 for 2024 final,9,"azul queens garden"
All Time 2024 Tiffany Ranks,Tiffany final 25 for 2024 final,10,"everdell farshore"
All Time 2024 Tiffany Ranks,Tiffany final 25 for 2024 final,11,"sagrada"
All Time 2024 Tiffany Ranks,Tiffany final 25 for 2024 final,12,"Caldera park"
All Time 2024 Tiffany Ranks,Tiffany final 25 for 2024 final,13,"pass the pigs"
All Time 2024 Tiffany Ranks,Tiffany final 25 for 2024 final,14,"las vegas royale"
All Time 2024 Tiffany Ranks,Tiffany final 25 for 2024 final,15,"Viscounts of west kingdom"
All Time 2024 Tiffany Ranks,Tiffany final 25 for 2024 final,16,"cascadia"
All Time 2024 Tiffany Ranks,Tiffany final 25 for 2024 final,17,"Kinfire delve"
All Time 2024 Tiffany Ranks,Tiffany final 25 for 2024 final,18,"ecosystem"
All Time 2024 Tiffany Ranks,Tiffany final 25 for 2024 final,19,"century golem"
All Time 2024 Tiffany Ranks,Tiffany final 25 for 2024 final,20,"wild serengeti"
All Time 2024 Tiffany Ranks,Tiffany final 25 for 2024 final,21,"savannah park"
All Time 2024 Tiffany Ranks,Tiffany final 25 for 2024 final,22,"azul"
All Time 2024 Tiffany Ranks,Tiffany final 25 for 2024 final,23,"splendor duel"
All Time 2024 Tiffany Ranks,Tiffany final 25 for 2024 final,24,"blokus"
All Time 2024 Tiffany Ranks,Tiffany final 25 for 2024 final,25,"earth"
All Time 2024 Tiffany Ranks,Tiffany final 25 for 2024 final,26,"mille fiori"
All Time 2024 Tiffany Ranks,Tiffany final 25 for 2024 final,27,"7 wonders architects"
All Time 2024 Tiffany Ranks,Tiffany final 25 for 2024 final,28,"welcome to"
BGG Con 2024 David Ranks,BGG Con 2024 David Final,1,"Middle Ages"
BGG Con 2024 David Ranks,BGG Con 2024 David Final,2,"Castle combo"
BGG Con 2024 David Ranks,BGG Con 2024 David Final,3,"Tokaido Duo"
BGG Con 2024 David Ranks,BGG Con 2024 David Final,4,"Harmonies (first Pawel game)"
BGG Con 2024 David Ranks,BGG Con 2024 David Final,5,"Noctiluca (dice angles)"
BGG Con 2024 David Ranks,BGG Con 2024 David Final,6,"Art society"
BGG Con 2024 David Ranks,BGG Con 2024 David Final,7,"Tower up"
BGG Con 2024 David Ranks,BGG Con 2024 David Final,8,"River of gold"
BGG Con 2024 David Ranks,BGG Con 2024 David Final,9,"Moon river (kindomino)"
BGG Con 2024 David Ranks,BGG Con 2024 David Final,10,"Captain flip"
BGG Con 2024 David Ranks,BGG Con 2024 David Final,11,"Cities (Devir)"
BGG Con 2024 David Ranks,BGG Con 2024 David Final,12,"Intarsia (Azul)"
BGG Con 2024 David Ranks,BGG Con 2024 David Final,13,"Cabanga"
BGG Con 2024 David Ranks,BGG Con 2024 David Final,14,"Pixies"
BGG Con 2024 David Ranks,BGG Con 2024 David Final,15,"Duck and cover"
BGG Con 2024 David Ranks,BGG Con 2024 David Final,16,"My shelfie dice (Qwixx)"
BGG Con 2024 David Ranks,BGG Con 2024 David Final,17,"Quartz"
BGG Con 2024 David Ranks,BGG Con 2024 David Final,18,"Fairy ring"
BGG Con 2024 David Ranks,BGG Con 2024 David Final,19,"Spectacular"
BGG Con 2024 David Ranks,BGG Con 2024 David Final,20,"Treetopia"
BGG Con 2024 David Ranks,BGG Con 2024 David Final,21,"Via magica (bingo)"
BGG Con 2024 David Ranks,BGG Con 2024 David Final,22,"Dabba walla"
BGG Con 2024 David Ranks,BGG Con 2024 David Final,23,"High society"
BGG Con 2024 David Ranks,BGG Con 2024 David Final,24,"Biomos (circle tokens)"
BGG Con 2024 David Ranks,BGG Con 2024 David Final,25,"Cook island"
BGG Con 2024 David Ranks,BGG Con 2024 David Final,26,"Landmarks (Codenames)"
BGG Con 2024 David Ranks,BGG Con 2024 David Final,27,"Lord of rings duel"
BGG Con 2024 David Ranks,BGG Con 2024 David Final,28,"Seaside"
BGG Con 2024 David Ranks,BGG Con 2024 David Final,29,"Wilmots warehouse (memory)"
BGG Con 2024 David Ranks,BGG Con 2024 David Final,30,"Rainbow (Allplay)"
BGG Con 2024 David Ranks,BGG Con 2024 David Final,31,"Open season (monsters)"
BGG Con 2024 David Ranks,BGG Con 2024 David Final,32,"Quarto"
BGG Con 2024 David Ranks,BGG Con 2024 David Final,33,"Sail"
BGG Con 2024 David Ranks,BGG Con 2024 David Final,34,"Blob party"
BGG Con 2024 David Ranks,BGG Con 2024 David Final,35,"Donut shop"
BGG Con 2024 David Ranks,BGG Con 2024 David Final,36,"Stamp swap"
BGG Con 2024 David Ranks,BGG Con 2024 David Final,37,"I heart manatees"
BGG Con 2024 David Ranks,BGG Con 2024 David Final,38,"Loose caboose"
BGG Con 2024 David Ranks,BGG Con 2024 David Final,39,"Rolling realms"
BGG Con 2024 David Ranks,BGG Con 2024 David Final,40,"Rome in a day"
BGG Con 2024 David Ranks,BGG Con 2024 David Final,41,"Green team wins"
BGG Con 2024 David Ranks,BGG Con 2024 David Final,42,"Link city"
BGG Con 2024 David Ranks,BGG Con 2024 David Final,43,"Superstore 3000"
BGG Con 2024 David Ranks,BGG Con 2024 David Final,44,"Gateway island"
BGG Con 2024 David Ranks,BGG Con 2024 David Final,45,"Maki master"
BGG Con 2024 David Ranks,BGG Con 2024 David Final,46,"Things in rings"
BGG Con 2024 David Ranks,BGG Con 2024 David Final,47,"Prey (flip trick)"
BGG Con 2024 David Ranks,BGG Con 2024 David Final,48,"Lacuna (flower suction)"
BGG Con 2024 David Ranks,BGG Con 2024 David Final,49,"Charcuterie"
BGG Con 2024 David Ranks,BGG Con 2024 David Final,50,"Agueda (umbrellas)"
BGG Con 2024 David Ranks,BGG Con 2024 David Final,51,"Riverside (cruise)"
BGG Con 2024 David Ranks,BGG Con 2024 David Final,52,"Caracus (rivers jungle)"
BGG Con 2024 David Ranks,BGG Con 2024 David Final,53,"Looot (Vikings)"
BGG Con 2024 David Ranks,BGG Con 2024 David Final,54,"King of Tokyo Duel"
BGG Con 2024 David Ranks,BGG Con 2024 David Final,55,"Footsteps of Marie curie"
BGG Con 2024 David Ranks,BGG Con 2024 David Final,56,"Binho (soccer flick)"
BGG Con 2024 David Ranks,BGG Con 2024 David Final,57,"Cascadia rolling"
BGG Con 2024 David Ranks,BGG Con 2024 David Final,58,"Cafe baras"
BGG Con 2024 David Ranks,BGG Con 2024 David Final,59,"That old wallpaper"
BGG Con 2024 David Ranks,BGG Con 2024 David Final,60,"King of the dice (Jeremy pasta)"
BGG Con 2024 David Ranks,BGG Con 2024 David Final,61,"Everdell duo"
BGG Con 2024 David Ranks,BGG Con 2024 David Final,62,"Wonder bowling"
BGG Con 2024 David Ranks,BGG Con 2024 David Final,63,"Spotlight"
BGG Con 2024 David Ranks,BGG Con 2024 David Final,64,"Monkey palace"
BGG Con 2024 David Ranks,BGG Con 2024 David Final,65,"Fairy (higher lower)"
BGG Con 2024 David Ranks,BGG Con 2024 David Final,66,"Sunrise at studio (pottery)"
BGG Con 2024 David Ranks,BGG Con 2024 David Final,67,"Gnome hollow"
BGG Con 2024 David Ranks,BGG Con 2024 David Final,68,"Harvest"
BGG Con 2024 David Ranks,BGG Con 2024 David Final,69,"Flip 7"
BGG Con 2024 David Ranks,BGG Con 2024 David Final,70,"Garden getaway"
BGG Con 2024 David Ranks,BGG Con 2024 David Final,71,"Oh my pigeons"
BGG Con 2024 David Ranks,BGG Con 2024 David Final,72,"Lure (fish)"
BGG Con 2024 David Ranks,BGG Con 2024 David Final,73,"Dice city"
BGG Con 2024 David Ranks,BGG Con 2024 David Final,74,"Switchbacks"
BGG Con 2024 David Ranks,BGG Con 2024 David Final,75,"Tinderblox"
BGG Con 2024 David Ranks,BGG Con 2024 David Final,76,"Surfs up"
BGG Con 2024 David Ranks,BGG Con 2024 David Final,77,"Nekojima (cats)"
BGG Con 2024 David Ranks,BGG Con 2024 David Final,78,"Next station Paris"
BGG Con 2024 David Ranks,BGG Con 2024 David Final,79,"Sonora"
BGG Con 2024 David Ranks,BGG Con 2024 David Final,80,"Confusing lands (18 cards)"
BGG Con 2024 David Ranks,BGG Con 2024 David Final,81,"Nine tile panic"
BGG Con 2024 David Ranks,BGG Con 2024 David Final,82,"Dice and slice"
BGG Con 2024 David Ranks,BGG Con 2024 David Final,83,"Tokyo Highway"
BGG Con 2024 David Ranks,BGG Con 2024 David Final,84,"Buffet boss (salad balance)"
BGG Con 2024 David Ranks,BGG Con 2024 David Final,85,"Draft write records"
BGG Con 2024 David Ranks,BGG Con 2024 David Final,86,"Phone wallet keys"
BGG Con 2024 David Ranks,BGG Con 2024 David Final,87,"Sprawopolis"
BGG Con 2024 Kevin Ranks,Kevin BGG con 2024 final,1,"Looot"
BGG Con 2024 Kevin Ranks,Kevin BGG con 2024 final,2,"Captain flip"
BGG Con 2024 Kevin Ranks,Kevin BGG con 2024 final,3,"Harmonies"
BGG Con 2024 Kevin Ranks,Kevin BGG con 2024 final,4,"Spectacular"
BGG Con 2024 Kevin Ranks,Kevin BGG con 2024 final,5,"Treetopia"
BGG Con 2024 Kevin Ranks,Kevin BGG con 2024 final,6,"Fairy ring"
BGG Con 2024 Kevin Ranks,Kevin BGG con 2024 final,7,"Riverside"
BGG Con 2024 Kevin Ranks,Kevin BGG con 2024 final,8,"Intarsia"
BGG Con 2024 Kevin Ranks,Kevin BGG con 2024 final,9,"Castle combo"
BGG Con 2024 Kevin Ranks,Kevin BGG con 2024 final,10,"Cities"
BGG Con 2024 Kevin Ranks,Kevin BGG con 2024 final,11,"Moon river"
BGG Con 2024 Kevin Ranks,Kevin BGG con 2024 final,12,"Next station Paris"
BGG Con 2024 Kevin Ranks,Kevin BGG con 2024 final,13,"Pixies"
BGG Con 2024 Kevin Ranks,Kevin BGG con 2024 final,14,"Via Magica"
BGG Con 2024 Kevin Ranks,Kevin BGG con 2024 final,15,"Maki master"
BGG Con 2024 Kevin Ranks,Kevin BGG con 2024 final,16,"Wilmots warehouse"
BGG Con 2024 Kevin Ranks,Kevin BGG con 2024 final,17,"Middle Ages"
BGG Con 2024 Kevin Ranks,Kevin BGG con 2024 final,18,"Lord of rings duel"
BGG Con 2024 Kevin Ranks,Kevin BGG con 2024 final,19,"Tower up"
BGG Con 2024 Kevin Ranks,Kevin BGG con 2024 final,20,"Everdell duo"
BGG Con 2024 Kevin Ranks,Kevin BGG con 2024 final,21,"Link city"
BGG Con 2024 Kevin Ranks,Kevin BGG con 2024 final,22,"Wonder bowling"
BGG Con 2024 Kevin Ranks,Kevin BGG con 2024 final,23,"Tokaido Duo"
BGG Con 2024 Kevin Ranks,Kevin BGG con 2024 final,24,"Art society"
BGG Con 2024 Kevin Ranks,Kevin BGG con 2024 final,25,"Caracus"
BGG Con 2024 Kevin Ranks,Kevin BGG con 2024 final,26,"Draft write records"
BGG Con 2024 Kevin Ranks,Kevin BGG con 2024 final,27,"My shelfie dice"
BGG Con 2024 Kevin Ranks,Kevin BGG con 2024 final,28,"Biomos"
BGG Con 2024 Kevin Ranks,Kevin BGG con 2024 final,29,"Lure"
BGG Con 2024 Kevin Ranks,Kevin BGG con 2024 final,30,"Monkey palace"
BGG Con 2024 Kevin Ranks,Kevin BGG con 2024 final,31,"Nekojima"
BGG Con 2024 Kevin Ranks,Kevin BGG con 2024 final,32,"Cabanga"
BGG Con 2024 Kevin Ranks,Kevin BGG con 2024 final,33,"Noctiluca"
BGG Con 2024 Kevin Ranks,Kevin BGG con 2024 final,34,"Cook island"
BGG Con 2024 Kevin Ranks,Kevin BGG con 2024 final,35,"I heart manatees"
BGG Con 2024 Kevin Ranks,Kevin BGG con 2024 final,36,"Flip 7"
BGG Con 2024 Kevin Ranks,Kevin BGG con 2024 final,37,"Moon leap"
BGG Con 2024 Kevin Ranks,Kevin BGG con 2024 final,38,"River of gold"
BGG Con 2024 Kevin Ranks,Kevin BGG con 2024 final,39,"Dabba walla"
BGG Con 2024 Kevin Ranks,Kevin BGG con 2024 final,40,"Superstore 3000"
BGG Con 2024 Kevin Ranks,Kevin BGG con 2024 final,41,"Rolling realms"
BGG Con 2024 Kevin Ranks,Kevin BGG con 2024 final,42,"Agueda"
BGG Con 2024 Kevin Ranks,Kevin BGG con 2024 final,43,"Duck and cover"
BGG Con 2024 Kevin Ranks,Kevin BGG con 2024 final,44,"King of Tokyo Duel"
BGG Con 2024 Kevin Ranks,Kevin BGG con 2024 final,45,"Lacuna"
BGG Con 2024 Kevin Ranks,Kevin BGG con 2024 final,46,"Open season"
BGG Con 2024 Kevin Ranks,Kevin BGG con 2024 final,47,"Donut shop"
BGG Con 2024 Kevin Ranks,Kevin BGG con 2024 final,48,"Sail"
BGG Con 2024 Kevin Ranks,Kevin BGG con 2024 final,49,"Prey"
BGG Con 2024 Kevin Ranks,Kevin BGG con 2024 final,50,"Seaside"
BGG Con 2024 Kevin Ranks,Kevin BGG con 2024 final,51,"Dice city"
BGG Con 2024 Kevin Ranks,Kevin BGG con 2024 final,52,"Footsteps of Marie curie"
BGG Con 2024 Kevin Ranks,Kevin BGG con 2024 final,53,"Things in rings"
BGG Con 2024 Kevin Ranks,Kevin BGG con 2024 final,54,"Cascadia rolling"
BGG Con 2024 Kevin Ranks,Kevin BGG con 2024 final,55,"High society"
BGG Con 2024 Kevin Ranks,Kevin BGG con 2024 final,56,"Rainbow"
BGG Con 2024 Kevin Ranks,Kevin BGG con 2024 final,57,"Cafe baras"
BGG Con 2024 Kevin Ranks,Kevin BGG con 2024 final,58,"Sonora"
BGG Con 2024 Kevin Ranks,Kevin BGG con 2024 final,59,"Rome in a day"
BGG Con 2024 Kevin Ranks,Kevin BGG con 2024 final,60,"Gnome hollow"
BGG Con 2024 Kevin Ranks,Kevin BGG con 2024 final,61,"Landmarks"
BGG Con 2024 Kevin Ranks,Kevin BGG con 2024 final,62,"Green team wins"
BGG Con 2024 Kevin Ranks,Kevin BGG con 2024 final,63,"Quarto"
BGG Con 2024 Kevin Ranks,Kevin BGG con 2024 final,64,"Tinderblox"
BGG Con 2024 Kevin Ranks,Kevin BGG con 2024 final,65,"Tokyo Highway"
BGG Con 2024 Kevin Ranks,Kevin BGG con 2024 final,66,"Parks roll hike"
BGG Con 2024 Kevin Ranks,Kevin BGG con 2024 final,67,"Confusing lands"
BGG Con 2024 Kevin Ranks,Kevin BGG con 2024 final,68,"That old wallpaper"
BGG Con 2024 Kevin Ranks,Kevin BGG con 2024 final,69,"Spotlight"
BGG Con 2024 Kevin Ranks,Kevin BGG con 2024 final,70,"Gateway island"
BGG Con 2024 Kevin Ranks,Kevin BGG con 2024 final,71,"Stamp swap"
BGG Con 2024 Kevin Ranks,Kevin BGG con 2024 final,72,"Blob party"
BGG Con 2024 Kevin Ranks,Kevin BGG con 2024 final,73,"Loose caboose"
BGG Con 2024 Kevin Ranks,Kevin BGG con 2024 final,74,"Binho"
BGG Con 2024 Kevin Ranks,Kevin BGG con 2024 final,75,"Charcuterie"
BGG Con 2024 Kevin Ranks,Kevin BGG con 2024 final,76,"Fairy"
BGG Con 2024 Kevin Ranks,Kevin BGG con 2024 final,77,"Quartz"
BGG Con 2024 Kevin Ranks,Kevin BGG con 2024 final,78,"Harvest"
BGG Con 2024 Kevin Ranks,Kevin BGG con 2024 final,79,"Tower of doubt"
BGG Con 2024 Kevin Ranks,Kevin BGG con 2024 final,80,"Sunrise at studio"
BGG Con 2024 Kevin Ranks,Kevin BGG con 2024 final,81,"King of the dice"
BGG Con 2024 Kevin Ranks,Kevin BGG con 2024 final,82,"Surfs up"
BGG Con 2024 Kevin Ranks,Kevin BGG con 2024 final,83,"Buffet boss"
BGG Con 2024 Kevin Ranks,Kevin BGG con 2024 final,84,"Phone wallet keys"
BGG Con 2024 Kevin Ranks,Kevin BGG con 2024 final,85,"Oh my pigeons"
BGG Con 2024 Kevin Ranks,Kevin BGG con 2024 final,86,"Switchbacks"
BGG Con 2024 Kevin Ranks,Kevin BGG con 2024 final,87,"Dice and slice"
BGG Con 2024 Kevin Ranks,Kevin BGG con 2024 final,88,"Garden getaway"
BGG Con 2024 Kevin Ranks,Kevin BGG con 2024 final,89,"Nine tile panic"
BGG Con 2024 Kevin Ranks,Kevin BGG con 2024 final,90,"Sprawopolis"
All Time 2024 Kevin Ranks,2024 owned played ranks,1,"Forest Shuffle"
All Time 2024 Kevin Ranks,2024 owned played ranks,2,"Caesar's Empire"
All Time 2024 Kevin Ranks,2024 owned played ranks,3,"The Isle of Cats: Explore & Draw"
All Time 2024 Kevin Ranks,2024 owned played ranks,4,"Sushi Go Party!"
All Time 2024 Kevin Ranks,2024 owned played ranks,5,"Azul: Queen's Garden"
All Time 2024 Kevin Ranks,2024 owned played ranks,6,"Honey Buzz"
All Time 2024 Kevin Ranks,2024 owned played ranks,7,"Sagrada"
All Time 2024 Kevin Ranks,2024 owned played ranks,8,"Cascadia"
All Time 2024 Kevin Ranks,2024 owned played ranks,9,"Earth"
All Time 2024 Kevin Ranks,2024 owned played ranks,10,"SETUP"
All Time 2024 Kevin Ranks,2024 owned played ranks,11,"Orléans"
All Time 2024 Kevin Ranks,2024 owned played ranks,12,"Love Letter"
All Time 2024 Kevin Ranks,2024 owned played ranks,13,"Nidavellir"
All Time 2024 Kevin Ranks,2024 owned played ranks,14,"Russian Railroads"
All Time 2024 Kevin Ranks,2024 owned played ranks,15,"Point Salad"
All Time 2024 Kevin Ranks,2024 owned played ranks,16,"Akropolis"
All Time 2024 Kevin Ranks,2024 owned played ranks,17,"It's a Wonderful World"
All Time 2024 Kevin Ranks,2024 owned played ranks,18,"Namiji"
All Time 2024 Kevin Ranks,2024 owned played ranks,19,"Manhattan"
All Time 2024 Kevin Ranks,2024 owned played ranks,20,"PUSH"
All Time 2024 Kevin Ranks,2024 owned played ranks,21,"Cover Your Assets"
All Time 2024 Kevin Ranks,2024 owned played ranks,22,"Point City"
All Time 2024 Kevin Ranks,2024 owned played ranks,23,"Everdell Farshore"
All Time 2024 Kevin Ranks,2024 owned played ranks,24,"The Quacks of Quedlinburg"
All Time 2024 Kevin Ranks,2024 owned played ranks,25,"Living Forest"
All Time 2024 Kevin Ranks,2024 owned played ranks,26,"The Castles of Burgundy"
All Time 2024 Kevin Ranks,2024 owned played ranks,27,"For Sale"
All Time 2024 Kevin Ranks,2024 owned played ranks,28,"Codenames: Pictures"
All Time 2024 Kevin Ranks,2024 owned played ranks,29,"Viticulture Essential Edition"
All Time 2024 Kevin Ranks,2024 owned played ranks,30,"Toil & Troublez"
All Time 2024 Kevin Ranks,2024 owned played ranks,31,"Trek 12: Himalaya"
All Time 2024 Kevin Ranks,2024 owned played ranks,32,"Ark Nova"
All Time 2024 Kevin Ranks,2024 owned played ranks,33,"SCOUT"
All Time 2024 Kevin Ranks,2024 owned played ranks,34,"Wingspan"
All Time 2024 Kevin Ranks,2024 owned played ranks,35,"Skull King"
All Time 2024 Kevin Ranks,2024 owned played ranks,36,"The Bears and the Bees"
All Time 2024 Kevin Ranks,2024 owned played ranks,37,"Pass the Pigs: Pig Party Edition"
All Time 2024 Kevin Ranks,2024 owned played ranks,38,"Oh My Goods!"
All Time 2024 Kevin Ranks,2024 owned played ranks,39,"Deep Dive"
All Time 2024 Kevin Ranks,2024 owned played ranks,40,"Kōhaku"
All Time 2024 Kevin Ranks,2024 owned played ranks,41,"Century: Golem Edition – An Endless World"
All Time 2024 Kevin Ranks,2024 owned played ranks,42,"The Red Cathedral"
All Time 2024 Kevin Ranks,2024 owned played ranks,43,"Gnoming A Round"
All Time 2024 Kevin Ranks,2024 owned played ranks,44,"Between Two Cities"
All Time 2024 Kevin Ranks,2024 owned played ranks,45,"Trails of Tucana"
All Time 2024 Kevin Ranks,2024 owned played ranks,46,"Cat Lady"
All Time 2024 Kevin Ranks,2024 owned played ranks,47,"Yak"
All Time 2024 Kevin Ranks,2024 owned played ranks,48,"Stockpile: Epic Edition"
All Time 2024 Kevin Ranks,2024 owned played ranks,49,"Machi Koro: Bright Lights, Big City"
All Time 2024 Kevin Ranks,2024 owned played ranks,50,"Monopoly Express"
All Time 2024 Kevin Ranks,2024 owned played ranks,51,"Just One"
All Time 2024 Kevin Ranks,2024 owned played ranks,52,"Rummikub"
All Time 2024 Kevin Ranks,2024 owned played ranks,53,"Dice Miner"
All Time 2024 Kevin Ranks,2024 owned played ranks,54,"Picture Perfect"
All Time 2024 Kevin Ranks,2024 owned played ranks,55,"San Juan (Second Edition)"
All Time 2024 Kevin Ranks,2024 owned played ranks,56,"Subastral"
All Time 2024 Kevin Ranks,2024 owned played ranks,57,"Roll for the Galaxy"
All Time 2024 Kevin Ranks,2024 owned played ranks,58,"Architects of the West Kingdom"
All Time 2024 Kevin Ranks,2024 owned played ranks,59,"Asara"
All Time 2024 Kevin Ranks,2024 owned played ranks,60,"7 Wonders Duel"
All Time 2024 Kevin Ranks,2024 owned played ranks,61,"Ready Set Bet"
All Time 2024 Kevin Ranks,2024 owned played ranks,62,"Paris Connection"
All Time 2024 Kevin Ranks,2024 owned played ranks,63,"Monsters on Board"
All Time 2024 Kevin Ranks,2024 owned played ranks,64,"Azul: Stained Glass of Sintra"
All Time 2024 Kevin Ranks,2024 owned played ranks,65,"Captain Sonar"
All Time 2024 Kevin Ranks,2024 owned played ranks,66,"So Clover!"
All Time 2024 Kevin Ranks,2024 owned played ranks,67,"Downtown Farmers Market"
All Time 2024 Kevin Ranks,2024 owned played ranks,68,"Sunset Over Water"
All Time 2024 Kevin Ranks,2024 owned played ranks,69,"Flourish"
All Time 2024 Kevin Ranks,2024 owned played ranks,70,"Decrypto"
All Time 2024 Kevin Ranks,2024 owned played ranks,71,"Alhambra: Big Box"
All Time 2024 Kevin Ranks,2024 owned played ranks,72,"Explorers"
All Time 2024 Kevin Ranks,2024 owned played ranks,73,"Caldera Park"
All Time 2024 Kevin Ranks,2024 owned played ranks,74,"Bohnanza"
All Time 2024 Kevin Ranks,2024 owned played ranks,75,"The Crew: Mission Deep Sea"
All Time 2024 Kevin Ranks,2024 owned played ranks,76,"Herbaceous"
All Time 2024 Kevin Ranks,2024 owned played ranks,77,"Planted: A Game of Nature & Nurture"
All Time 2024 Kevin Ranks,2024 owned played ranks,78,"Splendor"
All Time 2024 Kevin Ranks,2024 owned played ranks,79,"Cockroach Poker"
All Time 2024 Kevin Ranks,2024 owned played ranks,80,"Fun Facts"
All Time 2024 Kevin Ranks,2024 owned played ranks,81,"Ecosystem"
All Time 2024 Kevin Ranks,2024 owned played ranks,82,"Mille Fiori"
All Time 2024 Kevin Ranks,2024 owned played ranks,83,"Medieval Academy"
All Time 2024 Kevin Ranks,2024 owned played ranks,84,"Las Vegas Royale"
All Time 2024 Kevin Ranks,2024 owned played ranks,85,"Can't Stop"
All Time 2024 Kevin Ranks,2024 owned played ranks,86,"Everdell"
All Time 2024 Kevin Ranks,2024 owned played ranks,87,"Coloretto"
All Time 2024 Kevin Ranks,2024 owned played ranks,88,"Priorities"
All Time 2024 Kevin Ranks,2024 owned played ranks,89,"Blokus"
All Time 2024 Kevin Ranks,2024 owned played ranks,90,"Roll'n Bump"
All Time 2024 Kevin Ranks,2024 owned played ranks,91,"Imperial Settlers"
All Time 2024 Kevin Ranks,2024 owned played ranks,92,"Imhotep"
All Time 2024 Kevin Ranks,2024 owned played ranks,93,"Tokaido"
All Time 2024 Kevin Ranks,2024 owned played ranks,94,"King of Tokyo"
All Time 2024 Kevin Ranks,2024 owned played ranks,95,"Sushi Roll"
All Time 2024 Kevin Ranks,2024 owned played ranks,96,"Draftosaurus"
All Time 2024 Kevin Ranks,2024 owned played ranks,97,"Hansa Teutonica: Big Box"
All Time 2024 Kevin Ranks,2024 owned played ranks,98,"Lanterns: The Harvest Festival"
All Time 2024 Kevin Ranks,2024 owned played ranks,99,"Incan Gold"
All Time 2024 Kevin Ranks,2024 owned played ranks,100,"Floriferous"
All Time 2024 Kevin Ranks,2024 owned played ranks,101,"Nimalia"
All Time 2024 Kevin Ranks,2024 owned played ranks,102,"Reef"
All Time 2024 Kevin Ranks,2024 owned played ranks,103,"Zombie Dice"
All Time 2024 Kevin Ranks,2024 owned played ranks,104,"The Game"
All Time 2024 Kevin Ranks,2024 owned played ranks,105,"Blue Lagoon"
All Time 2024 Kevin Ranks,2024 owned played ranks,106,"Sushi Go!"
All Time 2024 Kevin Ranks,2024 owned played ranks,107,"Wild: Serengeti"
All Time 2024 Kevin Ranks,2024 owned played ranks,108,"Wingspan Asia"
All Time 2024 Kevin Ranks,2024 owned played ranks,109,"Isle of Skye: From Chieftain to King"
All Time 2024 Kevin Ranks,2024 owned played ranks,110,"Monopoly Deal Card Game"
All Time 2024 Kevin Ranks,2024 owned played ranks,111,"Pickomino"
All Time 2024 Kevin Ranks,2024 owned played ranks,112,"Scram!"
All Time 2024 Kevin Ranks,2024 owned played ranks,113,"Reign of Dragoness"
All Time 2024 Kevin Ranks,2024 owned played ranks,114,"Camel Up (Second Edition)"
All Time 2024 Kevin Ranks,2024 owned played ranks,115,"Le Havre: The Inland Port"
All Time 2024 Kevin Ranks,2024 owned played ranks,116,"Chocolatiers"
All Time 2024 Kevin Ranks,2024 owned played ranks,117,"Rolling Heights"
All Time 2024 Kevin Ranks,2024 owned played ranks,118,"Iquazú"
All Time 2024 Kevin Ranks,2024 owned played ranks,119,"Kingdomino"
All Time 2024 Kevin Ranks,2024 owned played ranks,120,"Super Mega Lucky Box"
All Time 2024 Kevin Ranks,2024 owned played ranks,121,"Dutch Blitz"
All Time 2024 Kevin Ranks,2024 owned played ranks,122,"Trekking Through History"
All Time 2024 Kevin Ranks,2024 owned played ranks,123,"Arboretum"
All Time 2024 Kevin Ranks,2024 owned played ranks,124,"Bamboo"
All Time 2024 Kevin Ranks,2024 owned played ranks,125,"Holly Jolly"
All Time 2024 Kevin Ranks,2024 owned played ranks,126,"12 Days"
All Time 2024 Kevin Ranks,2024 owned played ranks,127,"Ticket to Ride: Europe"
All Time 2024 Kevin Ranks,2024 owned played ranks,128,"MANTIS"
All Time 2024 Kevin Ranks,2024 owned played ranks,129,"Pictures"
All Time 2024 Kevin Ranks,2024 owned played ranks,130,"Azul"
All Time 2024 Kevin Ranks,2024 owned played ranks,131,"Ticket to Ride"
All Time 2024 Kevin Ranks,2024 owned played ranks,132,"Thurn and Taxis"
All Time 2024 Kevin Ranks,2024 owned played ranks,133,"Circle the Wagons"
All Time 2024 Kevin Ranks,2024 owned played ranks,134,"Shake That City"
All Time 2024 Kevin Ranks,2024 owned played ranks,135,"Century: Golem Edition – Eastern Mountains"
All Time 2024 Kevin Ranks,2024 owned played ranks,136,"Telestrations: 12 Player Party Pack"
All Time 2024 Kevin Ranks,2024 owned played ranks,137,"Splendor Duel"
All Time 2024 Kevin Ranks,2024 owned played ranks,138,"Dog Lover"
All Time 2024 Kevin Ranks,2024 owned played ranks,139,"The Castles of Burgundy: The Card Game"
All Time 2024 Kevin Ranks,2024 owned played ranks,140,"Silver & Gold"
All Time 2024 Kevin Ranks,2024 owned played ranks,141,"Kingdom Builder"
All Time 2024 Kevin Ranks,2024 owned played ranks,142,"Space Base"
All Time 2024 Kevin Ranks,2024 owned played ranks,143,"Century: Golem Edition"
All Time 2024 Kevin Ranks,2024 owned played ranks,144,"That's Pretty Clever!"
All Time 2024 Kevin Ranks,2024 owned played ranks,145,"FYFE"
All Time 2024 Kevin Ranks,2024 owned played ranks,146,"GPS"
All Time 2024 Kevin Ranks,2024 owned played ranks,147,"Dragonheart"
All Time 2024 Kevin Ranks,2024 owned played ranks,148,"Quoridor"
All Time 2024 Kevin Ranks,2024 owned played ranks,149,"Electronic Catch Phrase"
All Time 2024 Kevin Ranks,2024 owned played ranks,150,"Camel Up: Off Season"
All Time 2024 Kevin Ranks,2024 owned played ranks,151,"Ticket to Ride: New York"
All Time 2024 Kevin Ranks,2024 owned played ranks,152,"Jukem Football (Second Edition)"
All Time 2024 Kevin Ranks,2024 owned played ranks,153,"Pit"
All Time 2024 Kevin Ranks,2024 owned played ranks,154,"Five Tribes: The Djinns of Naqala"
All Time 2024 Kevin Ranks,2024 owned played ranks,155,"CABO (Second Edition)"
All Time 2024 Kevin Ranks,2024 owned played ranks,156,"Mille Bornes"
All Time 2024 Kevin Ranks,2024 owned played ranks,157,"Juicy Fruits"
All Time 2024 Kevin Ranks,2024 owned played ranks,158,"Butterfly"
All Time 2024 Kevin Ranks,2024 owned played ranks,159,"Chicken!"
All Time 2024 Kevin Ranks,2024 owned played ranks,160,"Museum Suspects"
All Time 2024 Kevin Ranks,2024 owned played ranks,161,"Mind Space"
All Time 2024 Kevin Ranks,2024 owned played ranks,162,"Mint Works"
All Time 2024 Kevin Ranks,2024 owned played ranks,163,"Ka-Ching!"
All Time 2024 Kevin Ranks,2024 owned played ranks,164,"Codenames"
All Time 2024 Kevin Ranks,2024 owned played ranks,165,"Jaipur"
All Time 2024 Kevin Ranks,2024 owned played ranks,166,"Welcome To..."
All Time 2024 Kevin Ranks,2024 owned played ranks,167,"Carcassonne"
All Time 2024 Kevin Ranks,2024 owned played ranks,168,"Stratego"
All Time 2024 Kevin Ranks,2024 owned played ranks,169,"Trekking the World"
All Time 2024 Kevin Ranks,2024 owned played ranks,170,"Dominion (Second Edition)"
All Time 2024 Kevin Ranks,2024 owned played ranks,171,"Savannah Park"
All Time 2024 Kevin Ranks,2024 owned played ranks,172,"Catan Histories: Rise of the Inkas"
All Time 2024 Kevin Ranks,2024 owned played ranks,173,"Veggies"
All Time 2024 Kevin Ranks,2024 owned played ranks,174,"Illusion"
All Time 2024 Kevin Ranks,2024 owned played ranks,175,"Velonimo"
All Time 2024 Kevin Ranks,2024 owned played ranks,176,"Cinco Linko"
All Time 2024 Kevin Ranks,2024 owned played ranks,177,"The Chameleon"
All Time 2024 Kevin Ranks,2024 owned played ranks,178,"Innovation"
All Time 2024 Kevin Ranks,2024 owned played ranks,179,"Cartographers"
All Time 2024 Kevin Ranks,2024 owned played ranks,180,"New York Zoo"
All Time 2024 Kevin Ranks,2024 owned played ranks,181,"Creature Comforts"
All Time 2024 Kevin Ranks,2024 owned played ranks,182,"Loot"
All Time 2024 Kevin Ranks,2024 owned played ranks,183,"Dice Forge"
All Time 2024 Kevin Ranks,2024 owned played ranks,184,"Mountain Goats"
All Time 2024 Kevin Ranks,2024 owned played ranks,185,"The Guild of Merchant Explorers"
All Time 2024 Kevin Ranks,2024 owned played ranks,186,"Martian Dice"
All Time 2024 Kevin Ranks,2024 owned played ranks,187,"Ticket to Ride: First Journey (U.S.)"
All Time 2024 Kevin Ranks,2024 owned played ranks,188,"Happy City"
All Time 2024 Kevin Ranks,2024 owned played ranks,189,"Star Realms: Frontiers"
All Time 2024 Kevin Ranks,2024 owned played ranks,190,"Get Bit!"
All Time 2024 Kevin Ranks,2024 owned played ranks,191,"HerStory"
All Time 2024 Kevin Ranks,2024 owned played ranks,192,"The Game of Things"
All Time 2024 Kevin Ranks,2024 owned played ranks,193,"The Resistance"
All Time 2024 Kevin Ranks,2024 owned played ranks,194,"The Quest for El Dorado"
All Time 2024 Kevin Ranks,2024 owned played ranks,195,"The Castles of Tuscany"
All Time 2024 Kevin Ranks,2024 owned played ranks,196,"High Society"
All Time 2024 Kevin Ranks,2024 owned played ranks,197,"Modern Art"
All Time 2024 Kevin Ranks,2024 owned played ranks,198,"Anomia"
All Time 2024 Kevin Ranks,2024 owned played ranks,199,"Cat in the Box: Deluxe Edition"
All Time 2024 Kevin Ranks,2024 owned played ranks,200,"Coup"
All Time 2024 Kevin Ranks,2024 owned played ranks,201,"Beacon Patrol"
All Time 2024 Kevin Ranks,2024 owned played ranks,202,"Hacienda"
All Time 2024 Kevin Ranks,2024 owned played ranks,203,"Dandelions"
All Time 2024 Kevin Ranks,2024 owned played ranks,204,"Rattlebones"
All Time 2024 Kevin Ranks,2024 owned played ranks,205,"Long Shot: The Dice Game"
All Time 2024 Kevin Ranks,2024 owned played ranks,206,"My Lil' Everdell"
All Time 2024 Kevin Ranks,2024 owned played ranks,207,"On Tour"
All Time 2024 Kevin Ranks,2024 owned played ranks,208,"Beer & Bread"
All Time 2024 Kevin Ranks,2024 owned played ranks,209,"Colt Super Express"
All Time 2024 Kevin Ranks,2024 owned played ranks,210,"Galaxy Trucker"
All Time 2024 Kevin Ranks,2024 owned played ranks,211,"Star Cartel"
All Time 2024 Kevin Ranks,2024 owned played ranks,212,"Deep Sea Adventure"
All Time 2024 Kevin Ranks,2024 owned played ranks,213,"What Do You Meme?"
All Time 2024 Kevin Ranks,2024 owned played ranks,214,"TEN"
All Time 2024 Kevin Ranks,2024 owned played ranks,215,"Stone Age"
All Time 2024 Kevin Ranks,2024 owned played ranks,216,"The Search for Planet X"
All Time 2024 Kevin Ranks,2024 owned played ranks,217,"Dealt!"
All Time 2024 Kevin Ranks,2024 owned played ranks,218,"MonsDRAWsity"
All Time 2024 Kevin Ranks,2024 owned played ranks,219,"Cryptid"
All Time 2024 Kevin Ranks,2024 owned played ranks,220,"Mysterium"
All Time 2024 Kevin Ranks,2024 owned played ranks,221,"Chickapig"
All Time 2024 Kevin Ranks,2024 owned played ranks,222,"Wits & Wagers Party"
All Time 2024 Kevin Ranks,2024 owned played ranks,223,"Mystic Vale"
All Time 2024 Kevin Ranks,2024 owned played ranks,224,"Mexican Train"
All Time 2024 Kevin Ranks,2024 owned played ranks,225,"Paris: La Cité de la Lumière"
All Time 2024 Kevin Ranks,2024 owned played ranks,226,"Flamecraft"
All Time 2024 Kevin Ranks,2024 owned played ranks,227,"LIE"
All Time 2024 Kevin Ranks,2024 owned played ranks,228,"Qwirkle"
All Time 2024 Kevin Ranks,2024 owned played ranks,229,"Phase 10"
All Time 2024 Kevin Ranks,2024 owned played ranks,230,"Boomerang"
All Time 2024 Kevin Ranks,2024 owned played ranks,231,"Pairs"
All Time 2024 Kevin Ranks,2024 owned played ranks,232,"Project L"
All Time 2024 Kevin Ranks,2024 owned played ranks,233,"Downforce"
All Time 2024 Kevin Ranks,2024 owned played ranks,234,"The Isle of Cats"
All Time 2024 Kevin Ranks,2024 owned played ranks,235,"Abducktion"
All Time 2024 Kevin Ranks,2024 owned played ranks,236,"Deception: Murder in Hong Kong"
All Time 2024 Kevin Ranks,2024 owned played ranks,237,"The Game of 49"
All Time 2024 Kevin Ranks,2024 owned played ranks,238,"Blitzkrieg!: World War Two in 20 Minutes"
All Time 2024 Kevin Ranks,2024 owned played ranks,239,"Patchwork"
All Time 2024 Kevin Ranks,2024 owned played ranks,240,"L.L.A.M.A."
All Time 2024 Kevin Ranks,2024 owned played ranks,241,"Byzanz"
All Time 2024 Kevin Ranks,2024 owned played ranks,242,"Quadropolis"
All Time 2024 Kevin Ranks,2024 owned played ranks,243,"That's Not a Hat"
All Time 2024 Kevin Ranks,2024 owned played ranks,244,"Azul: Summer Pavilion"
All Time 2024 Kevin Ranks,2024 owned played ranks,245,"Five Crowns"
All Time 2024 Kevin Ranks,2024 owned played ranks,246,"Sequence"
All Time 2024 Kevin Ranks,2024 owned played ranks,247,"That Escalated Quickly"
All Time 2024 Kevin Ranks,2024 owned played ranks,248,"Backgammon"
All Time 2024 Kevin Ranks,2024 owned played ranks,249,"Twin It!"
All Time 2024 Kevin Ranks,2024 owned played ranks,250,"Raiders of Scythia"
All Time 2024 Kevin Ranks,2024 owned played ranks,251,"Why First?"
All Time 2024 Kevin Ranks,2024 owned played ranks,252,"No Thanks!"
All Time 2024 Kevin Ranks,2024 owned played ranks,253,"Mesozooic"
All Time 2024 Kevin Ranks,2024 owned played ranks,254,"BANG!"
All Time 2024 Kevin Ranks,2024 owned played ranks,255,"BANG! The Dice Game"
All Time 2024 Kevin Ranks,2024 owned played ranks,256,"Dice Manor"
All Time 2024 Kevin Ranks,2024 owned played ranks,257,"Take 5 & Take A Number"
All Time 2024 Kevin Ranks,2024 owned played ranks,258,"Survive: Escape from Atlantis!"
All Time 2024 Kevin Ranks,2024 owned played ranks,259,"Trails"
All Time 2024 Kevin Ranks,2024 owned played ranks,260,"Cards Against Humanity"
All Time 2024 Kevin Ranks,2024 owned played ranks,261,"Fantasy Realms"
All Time 2024 Kevin Ranks,2024 owned played ranks,262,"BraveRats"
All Time 2024 Kevin Ranks,2024 owned played ranks,263,"The Castles of Burgundy: The Dice Game"
All Time 2024 Kevin Ranks,2024 owned played ranks,264,"Skull"
All Time 2024 Kevin Ranks,2024 owned played ranks,265,"Skip-Bo"
All Time 2024 Kevin Ranks,2024 owned played ranks,266,"Secret Hitler"
All Time 2024 Kevin Ranks,2024 owned played ranks,267,"Ticket to Ride: Rails & Sails"
All Time 2024 Kevin Ranks,2024 owned played ranks,268,"Whirling Witchcraft"
All Time 2024 Kevin Ranks,2024 owned played ranks,269,"PARKS"
All Time 2024 Kevin Ranks,2024 owned played ranks,270,"Othello"
All Time 2024 Kevin Ranks,2024 owned played ranks,271,"Monopoly Bid"
All Time 2024 Kevin Ranks,2024 owned played ranks,272,"Struggle for Catan"
All Time 2024 Kevin Ranks,2024 owned played ranks,273,"Kings in the Corner"
All Time 2024 Kevin Ranks,2024 owned played ranks,274,"The Grizzled"
All Time 2024 Kevin Ranks,2024 owned played ranks,275,"First Empires"
All Time 2024 Kevin Ranks,2024 owned played ranks,276,"Rhino Hero"
All Time 2024 Kevin Ranks,2024 owned played ranks,277,"Citadels"
All Time 2024 Kevin Ranks,2024 owned played ranks,278,"Eight-Minute Empire: Legends"
All Time 2024 Kevin Ranks,2024 owned played ranks,279,"Exploding Kittens"
All Time 2024 Kevin Ranks,2024 owned played ranks,280,"CATAN"
All Time 2024 Kevin Ranks,2024 owned played ranks,281,"Pizza Party"
All Time 2024 Kevin Ranks,2024 owned played ranks,282,"Sleeping Queens"
All Time 2024 Kevin Ranks,2024 owned played ranks,283,"Tiki Topple"
All Time 2024 Kevin Ranks,2024 owned played ranks,284,"Power Grid"
All Time 2024 Kevin Ranks,2024 owned played ranks,285,"Tapple"
All Time 2024 Kevin Ranks,2024 owned played ranks,286,"DIG"
All Time 2024 Kevin Ranks,2024 owned played ranks,287,"Taco Cat Goat Cheese Pizza"
All Time 2024 Kevin Ranks,2024 owned played ranks,288,"Simon"
All Time 2024 Kevin Ranks,2024 owned played ranks,289,"Rivals for Catan: Deluxe"
All Time 2024 Kevin Ranks,2024 owned played ranks,290,"Puerto Rico"
All Time 2024 Kevin Ranks,2024 owned played ranks,291,"Lowdown"
All Time 2024 Kevin Ranks,2024 owned played ranks,292,"Sunny Day Sardines"
All Time 2024 Kevin Ranks,2024 owned played ranks,293,"HUE"
All Time 2024 Kevin Ranks,2024 owned played ranks,294,"The Fox in the Forest"
All Time 2024 Kevin Ranks,2024 owned played ranks,295,"Superfight"
All Time 2024 Kevin Ranks,2024 owned played ranks,296,"Taboo"
All Time 2024 Kevin Ranks,2024 owned played ranks,297,"Kalah"
All Time 2024 Kevin Ranks,2024 owned played ranks,298,"Red Flags"
All Time 2024 Kevin Ranks,2024 owned played ranks,299,"Saboteur"
All Time 2024 Kevin Ranks,2024 owned played ranks,300,"You've Got Crabs"
All Time 2024 Kevin Ranks,2024 owned played ranks,301,"Scattergories"
All Time 2024 Kevin Ranks,2024 owned played ranks,302,"Unlock!: Mystery Adventures"
All Time 2024 Kevin Ranks,2024 owned played ranks,303,"Jenga"
All Time 2024 Kevin Ranks,2024 owned played ranks,304,"Onitama"
All Time 2024 Kevin Ranks,2024 owned played ranks,305,"Scotland Yard"
All Time 2024 Kevin Ranks,2024 owned played ranks,306,"Bugs on Rugs"
All Time 2024 Kevin Ranks,2024 owned played ranks,307,"Slamwich"
All Time 2024 Kevin Ranks,2024 owned played ranks,308,"UNO"
All Time 2024 Kevin Ranks,2024 owned played ranks,309,"Pictomania"
All Time 2024 Kevin Ranks,2024 owned played ranks,310,"Wizard"
All Time 2024 Kevin Ranks,2024 owned played ranks,311,"UNO: Mario Kart"
All Time 2024 Kevin Ranks,2024 owned played ranks,312,"FUSE"
All Time 2024 Kevin Ranks,2024 owned played ranks,313,"Welcome to the Dungeon"
All Time 2024 Kevin Ranks,2024 owned played ranks,314,"Aftershock: San Francisco & Venice"
All Time 2024 Kevin Ranks,2024 owned played ranks,315,"Hanabi"
All Time 2024 Kevin Ranks,2024 owned played ranks,316,"Battleship"
All Time 2024 Kevin Ranks,2024 owned played ranks,317,"Risk"
All Time 2024 Kevin Ranks,2024 owned played ranks,318,"NFL-opoly"
All Time 2024 Kevin Ranks,2024 owned played ranks,319,"Cubitos"
All Time 2024 Kevin Ranks,2024 owned played ranks,320,"Deal or No Deal Card Game"
All Time 2024 Kevin Ranks,2024 owned played ranks,321,"Ramen Fury"
All Time 2024 Kevin Ranks,2024 owned played ranks,322,"Piepmatz"
All Time 2024 Kevin Ranks,2024 owned played ranks,323,"Memory"
All Time 2024 Kevin Ranks,2024 owned played ranks,324,"Happy Salmon"
All Time 2024 Kevin Ranks,2024 owned played ranks,325,"Chinese Checkers"
All Time 2024 Kevin Ranks,2024 owned played ranks,326,"Monikers: Classics"
All Time 2024 Kevin Ranks,2024 owned played ranks,327,"Trash Pandas"
All Time 2024 Kevin Ranks,2024 owned played ranks,328,"Catan Dice Game"
All Time 2024 Kevin Ranks,2024 owned played ranks,329,"7 Wonders"
All Time 2024 Kevin Ranks,2024 owned played ranks,330,"Tichu"
All Time 2024 Kevin Ranks,2024 owned played ranks,331,"Quelf"
All Time 2024 Kevin Ranks,2024 owned played ranks,332,"When I Dream"
All Time 2024 Kevin Ranks,2024 owned played ranks,333,"Spot it!"
All Time 2024 Kevin Ranks,2024 owned played ranks,334,"Cheating Moth"
All Time 2024 Kevin Ranks,2024 owned played ranks,335,"Clue"
All Time 2024 Kevin Ranks,2024 owned played ranks,336,"Mad Gab Card Game"
All Time 2024 Kevin Ranks,2024 owned played ranks,337,"Monopoly Gamer: Mario Kart"
All Time 2024 Kevin Ranks,2024 owned played ranks,338,"LCR"
All Time 2024 Kevin Ranks,2024 owned played ranks,339,"Mastermind"
All Time 2024 Kevin Ranks,2024 owned played ranks,340,"Bananagrams"
All Time 2024 Kevin Ranks,2024 owned played ranks,341,"Exit: The Game – The Abandoned Cabin"
All Time 2024 Kevin Ranks,2024 owned played ranks,342,"The Mind"
All Time 2024 Kevin Ranks,2024 owned played ranks,343,"Pandemic"
All Time 2024 Kevin Ranks,2024 owned played ranks,344,"Snail's Pace Race"
All Time 2024 Kevin Ranks,2024 owned played ranks,345,"Hive Pocket"
All Time 2024 Kevin Ranks,2024 owned played ranks,346,"Guess Who?"
All Time 2024 Kevin Ranks,2024 owned played ranks,347,"Blink"
All Time 2024 Kevin Ranks,2024 owned played ranks,348,"Connect Four"
All Time 2024 Kevin Ranks,2024 owned played ranks,349,"Rory's Story Cubes"
All Time 2024 Kevin Ranks,2024 owned played ranks,350,"Don't Break the Ice"
All Time 2024 Kevin Ranks,2024 owned played ranks,351,"Stringamajig"
DTW 2024 David Ranks,Dice Tower West 2024 David,1,"Ra: The Dice Game"
DTW 2024 David Ranks,Dice Tower West 2024 David,2,"Toil & Troublez"
DTW 2024 David Ranks,Dice Tower West 2024 David,3,"River Valley Glassworks"
DTW 2024 David Ranks,Dice Tower West 2024 David,4,"Alhambra: The Dice Game"
DTW 2024 David Ranks,Dice Tower West 2024 David,5,"What's On The Menu?"
DTW 2024 David Ranks,Dice Tower West 2024 David,6,"Alhambra: Roll & Write"
DTW 2024 David Ranks,Dice Tower West 2024 David,7,"Architects of the West Kingdom"
DTW 2024 David Ranks,Dice Tower West 2024 David,8,"Raiders of the North Sea"
DTW 2024 David Ranks,Dice Tower West 2024 David,9,"Bites"
DTW 2024 David Ranks,Dice Tower West 2024 David,10,"Couture"
DTW 2024 David Ranks,Dice Tower West 2024 David,11,"Hooky"
DTW 2024 David Ranks,Dice Tower West 2024 David,12,"World Wonders"
DTW 2024 David Ranks,Dice Tower West 2024 David,13,"Viscounts of the West Kingdom"
DTW 2024 David Ranks,Dice Tower West 2024 David,14,"Dragonkeepers"
DTW 2024 David Ranks,Dice Tower West 2024 David,15,"Baseball Highlights: 2045"
DTW 2024 David Ranks,Dice Tower West 2024 David,16,"The Fox Experiment"
DTW 2024 David Ranks,Dice Tower West 2024 David,17,"Trio"
DTW 2024 David Ranks,Dice Tower West 2024 David,18,"Marrakech"
DTW 2024 David Ranks,Dice Tower West 2024 David,19,"It's a Wonderful Kingdom"
DTW 2024 David Ranks,Dice Tower West 2024 David,20,"Sobek: 2 Players"
DTW 2024 David Ranks,Dice Tower West 2024 David,21,"Tumblin' Dice"
DTW 2024 David Ranks,Dice Tower West 2024 David,22,"Patterns"
DTW 2024 David Ranks,Dice Tower West 2024 David,23,"Bonsai"
DTW 2024 David Ranks,Dice Tower West 2024 David,24,"Furnace"
DTW 2024 David Ranks,Dice Tower West 2024 David,25,"KLASK"
DTW 2024 David Ranks,Dice Tower West 2024 David,26,"Forever Home"
DTW 2024 David Ranks,Dice Tower West 2024 David,27,"Paladins of the West Kingdom"
DTW 2024 David Ranks,Dice Tower West 2024 David,28,"Romi Rami"
DTW 2024 David Ranks,Dice Tower West 2024 David,29,"MLEM: Space Agency"
DTW 2024 David Ranks,Dice Tower West 2024 David,30,"5 Towers"
DTW 2024 David Ranks,Dice Tower West 2024 David,31,"Tutankhamun"
DTW 2024 David Ranks,Dice Tower West 2024 David,32,"Wild Tiled West"
DTW 2024 David Ranks,Dice Tower West 2024 David,33,"Castle Party"
DTW 2024 David Ranks,Dice Tower West 2024 David,34,"Through the Desert"
DTW 2024 David Ranks,Dice Tower West 2024 David,35,"Pick & Pack"
DTW 2024 David Ranks,Dice Tower West 2024 David,36,"Coconuts"
DTW 2024 David Ranks,Dice Tower West 2024 David,37,"Kabuto Sumo"
DTW 2024 David Ranks,Dice Tower West 2024 David,38,"Maple Valley"
DTW 2024 David Ranks,Dice Tower West 2024 David,39,"Football Highlights 2052"
DTW 2024 David Ranks,Dice Tower West 2024 David,40,"Another Man's Treasure"
DTW 2024 David Ranks,Dice Tower West 2024 David,41,"Mint Works"
DTW 2024 David Ranks,Dice Tower West 2024 David,42,"Mint Delivery"
DTW 2024 David Ranks,Dice Tower West 2024 David,43,"Fancy Feathers"
DTW 2024 David Ranks,Dice Tower West 2024 David,44,"boop."
DTW 2024 David Ranks,Dice Tower West 2024 David,45,"Winter"
DTW 2024 David Ranks,Dice Tower West 2024 David,46,"Archaeology: The Card Game"
DTW 2024 David Ranks,Dice Tower West 2024 David,47,"Cosmoctopus"
DTW 2024 David Ranks,Dice Tower West 2024 David,48,"Leaf"
DTW 2024 David Ranks,Dice Tower West 2024 David,49,"Trailblazer: The John Muir Trail"
DTW 2024 David Ranks,Dice Tower West 2024 David,50,"Dale of Merchants"
DTW 2024 David Ranks,Dice Tower West 2024 David,51,"Faraway"
DTW 2024 David Ranks,Dice Tower West 2024 David,52,"Ctrl"
DTW 2024 David Ranks,Dice Tower West 2024 David,53,"Savernake Forest"
DTW 2024 David Ranks,Dice Tower West 2024 David,54,"SHŌBU"
DTW 2024 Kevin Ranks,Kevin DTW 2024,1,"River Valley Glassworks"
DTW 2024 Kevin Ranks,Kevin DTW 2024,2,"Faraway"
DTW 2024 Kevin Ranks,Kevin DTW 2024,3,"Wild Tiled West"
DTW 2024 Kevin Ranks,Kevin DTW 2024,4,"Forever Home"
DTW 2024 Kevin Ranks,Kevin DTW 2024,5,"Castle Party"
DTW 2024 Kevin Ranks,Kevin DTW 2024,6,"Paladins of the West Kingdom"
DTW 2024 Kevin Ranks,Kevin DTW 2024,7,"The Fox Experiment"
DTW 2024 Kevin Ranks,Kevin DTW 2024,8,"Dragonkeepers"
DTW 2024 Kevin Ranks,Kevin DTW 2024,9,"Sobek: 2 Players"
DTW 2024 Kevin Ranks,Kevin DTW 2024,10,"Raiders of the North Sea"
DTW 2024 Kevin Ranks,Kevin DTW 2024,11,"Maple Valley"
DTW 2024 Kevin Ranks,Kevin DTW 2024,12,"Through the Desert"
DTW 2024 Kevin Ranks,Kevin DTW 2024,13,"What's On The Menu?"
DTW 2024 Kevin Ranks,Kevin DTW 2024,14,"Architects of the West Kingdom"
DTW 2024 Kevin Ranks,Kevin DTW 2024,15,"Mint Works"
DTW 2024 Kevin Ranks,Kevin DTW 2024,16,"Trio"
DTW 2024 Kevin Ranks,Kevin DTW 2024,17,"5 Towers"
DTW 2024 Kevin Ranks,Kevin DTW 2024,18,"Baseball Highlights: 2045"
DTW 2024 Kevin Ranks,Kevin DTW 2024,19,"Toil & Troublez"
DTW 2024 Kevin Ranks,Kevin DTW 2024,20,"Patterns"
DTW 2024 Kevin Ranks,Kevin DTW 2024,21,"Furnace"
DTW 2024 Kevin Ranks,Kevin DTW 2024,22,"Bites"
DTW 2024 Kevin Ranks,Kevin DTW 2024,23,"Alhambra: Roll & Write"
DTW 2024 Kevin Ranks,Kevin DTW 2024,24,"Marrakech"
DTW 2024 Kevin Ranks,Kevin DTW 2024,25,"Romi Rami"
DTW 2024 Kevin Ranks,Kevin DTW 2024,26,"Sequoia"
DTW 2024 Kevin Ranks,Kevin DTW 2024,27,"Bonsai"
DTW 2024 Kevin Ranks,Kevin DTW 2024,28,"Archaeology: The Card Game"
DTW 2024 Kevin Ranks,Kevin DTW 2024,29,"boop."
DTW 2024 Kevin Ranks,Kevin DTW 2024,30,"Couture"
DTW 2024 Kevin Ranks,Kevin DTW 2024,31,"Dale of Merchants"
DTW 2024 Kevin Ranks,Kevin DTW 2024,32,"Viscounts of the West Kingdom"
DTW 2024 Kevin Ranks,Kevin DTW 2024,33,"KLASK"
DTW 2024 Kevin Ranks,Kevin DTW 2024,34,"Hooky"
DTW 2024 Kevin Ranks,Kevin DTW 2024,35,"Alhambra: The Dice Game"
DTW 2024 Kevin Ranks,Kevin DTW 2024,36,"Leaf"
DTW 2024 Kevin Ranks,Kevin DTW 2024,37,"It's a Wonderful Kingdom"
DTW 2024 Kevin Ranks,Kevin DTW 2024,38,"MLEM: Space Agency"
DTW 2024 Kevin Ranks,Kevin DTW 2024,39,"Tumblin' Dice"
DTW 2024 Kevin Ranks,Kevin DTW 2024,40,"World Wonders"
DTW 2024 Kevin Ranks,Kevin DTW 2024,41,"Ra: The Dice Game"
DTW 2024 Kevin Ranks,Kevin DTW 2024,42,"Cosmoctopus"
DTW 2024 Kevin Ranks,Kevin DTW 2024,43,"Trailblazer: The John Muir Trail"
DTW 2024 Kevin Ranks,Kevin DTW 2024,44,"Football Highlights 2052"
DTW 2024 Kevin Ranks,Kevin DTW 2024,45,"Winter"
DTW 2024 Kevin Ranks,Kevin DTW 2024,46,"Fancy Feathers"
DTW 2024 Kevin Ranks,Kevin DTW 2024,47,"Coconuts"
DTW 2024 Kevin Ranks,Kevin DTW 2024,48,"Kabuto Sumo"
DTW 2024 Kevin Ranks,Kevin DTW 2024,49,"Nations: The Dice Game"
DTW 2024 Kevin Ranks,Kevin DTW 2024,50,"Savernake Forest"
DTW 2024 Kevin Ranks,Kevin DTW 2024,51,"Another Man's Treasure"
DTW 2024 Kevin Ranks,Kevin DTW 2024,52,"Ctrl"
DTW 2024 Kevin Ranks,Kevin DTW 2024,53,"SHŌBU"
Pawel Visit February 2024 Kevin Ranks,KEVIN RATINGS (PAWEL VISIT FEB 24),1,"WHITE CASTLE"
Pawel Visit February 2024 Kevin Ranks,KEVIN RATINGS (PAWEL VISIT FEB 24),2,"RED CATHEDRAL"
Pawel Visit February 2024 Kevin Ranks,KEVIN RATINGS (PAWEL VISIT FEB 24),3,"AZUL QUEENS GARDEN"
Pawel Visit February 2024 Kevin Ranks,KEVIN RATINGS (PAWEL VISIT FEB 24),4,"FOREST SHUFFLE"
Pawel Visit February 2024 Kevin Ranks,KEVIN RATINGS (PAWEL VISIT FEB 24),5,"ARCHITECTS OF THE WEST KINGDOM"
Pawel Visit February 2024 Kevin Ranks,KEVIN RATINGS (PAWEL VISIT FEB 24),6,"HACIENDA"
Pawel Visit February 2024 Kevin Ranks,KEVIN RATINGS (PAWEL VISIT FEB 24),7,"MONSTERS ON BOARD"
Pawel Visit February 2024 Kevin Ranks,KEVIN RATINGS (PAWEL VISIT FEB 24),8,"SAGRADA"
Pawel Visit February 2024 Kevin Ranks,KEVIN RATINGS (PAWEL VISIT FEB 24),9,"TRAILS OF TUCANA"
Pawel Visit February 2024 Kevin Ranks,KEVIN RATINGS (PAWEL VISIT FEB 24),10,"MILLE FIORI"
Pawel Visit February 2024 Kevin Ranks,KEVIN RATINGS (PAWEL VISIT FEB 24),11,"SUBASTRAL"
Pawel Visit February 2024 Kevin Ranks,KEVIN RATINGS (PAWEL VISIT FEB 24),12,"COVER YOUR ASSETS"
Pawel Visit February 2024 Kevin Ranks,KEVIN RATINGS (PAWEL VISIT FEB 24),13,"READY SET BET"
Pawel Visit February 2024 Kevin Ranks,KEVIN RATINGS (PAWEL VISIT FEB 24),14,"BLITZKRIEG"
Pawel Visit February 2024 Kevin Ranks,KEVIN RATINGS (PAWEL VISIT FEB 24),15,"QUEENDOMINO"
Pawel Visit February 2024 Kevin Ranks,KEVIN RATINGS (PAWEL VISIT FEB 24),16,"SHAKE THAT CITY"
Pawel Visit February 2024 Kevin Ranks,KEVIN RATINGS (PAWEL VISIT FEB 24),17,"REEF"
Pawel Visit February 2024 Kevin Ranks,KEVIN RATINGS (PAWEL VISIT FEB 24),18,"ASARA"
Pawel Visit February 2024 Kevin Ranks,KEVIN RATINGS (PAWEL VISIT FEB 24),19,"SEARCH FOR PLANET X"
Pawel Visit February 2024 Kevin Ranks,KEVIN RATINGS (PAWEL VISIT FEB 24),20,"SO CLOVER"
Pawel Visit February 2024 Kevin Ranks,KEVIN RATINGS (PAWEL VISIT FEB 24),21,"SCRAM"
Pawel Visit February 2024 Kevin Ranks,KEVIN RATINGS (PAWEL VISIT FEB 24),22,"BEER AND BREAD"
Pawel Visit February 2024 Kevin Ranks,KEVIN RATINGS (PAWEL VISIT FEB 24),23,"DANDELIONS"
Pawel Visit February 2024 Kevin Ranks,KEVIN RATINGS (PAWEL VISIT FEB 24),24,"JUST ONE"
Pawel Visit February 2024 Kevin Ranks,KEVIN RATINGS (PAWEL VISIT FEB 24),25,"MUSEUM SUSPECTS"
Pawel Visit February 2024 Kevin Ranks,KEVIN RATINGS (PAWEL VISIT FEB 24),26,"KACHING"
Pawel Visit February 2024 Kevin Ranks,KEVIN RATINGS (PAWEL VISIT FEB 24),27,"STAR CARTEL"
Pawel Visit February 2024 Kevin Ranks,KEVIN RATINGS (PAWEL VISIT FEB 24),28,"TRUFFLE SHUFFLE"
Pawel Visit February 2024 Kevin Ranks,KEVIN RATINGS (PAWEL VISIT FEB 24),29,"CHICKEN"
Pawel Visit February 2024 Kevin Ranks,KEVIN RATINGS (PAWEL VISIT FEB 24),30,"BANG DICE GAME"
Pawel Visit February 2024 Kevin Ranks,KEVIN RATINGS (PAWEL VISIT FEB 24),31,"VEGGIES"
Pawel Visit February 2024 Kevin Ranks,KEVIN RATINGS (PAWEL VISIT FEB 24),32,"PARIS CITY OF LIGHTS"
Pawel Visit February 2024 Kevin Ranks,KEVIN RATINGS (PAWEL VISIT FEB 24),33,"LOST RUINS OF ARNAK"
Pawel Visit February 2024 Kevin Ranks,KEVIN RATINGS (PAWEL VISIT FEB 24),34,"LLAMA"
Pawel Visit February 2024 Kevin Ranks,KEVIN RATINGS (PAWEL VISIT FEB 24),35,"MONSDRAWSITY"
Pawel Visit February 2024 Kevin Ranks,KEVIN RATINGS (PAWEL VISIT FEB 24),36,"HEAT"
Pawel Visit February 2024 Kevin Ranks,KEVIN RATINGS (PAWEL VISIT FEB 24),37,"MESOZOOIC"
Pawel Visit February 2024 Kevin Ranks,KEVIN RATINGS (PAWEL VISIT FEB 24),38,"ALLEGRA"
Pawel Visit February 2024 Kevin Ranks,KEVIN RATINGS (PAWEL VISIT FEB 24),39,"AFTERSHOCK"
Pawel Visit February 2024 Kevin Ranks,KEVIN RATINGS (PAWEL VISIT FEB 24),40,"GOURMET POPCORN DICE"
All Time 2023 Tiffany Ranks,Tiffany 2023,1,"ark nova"
All Time 2023 Tiffany Ranks,Tiffany 2023,2,"earth"
All Time 2023 Tiffany Ranks,Tiffany 2023,3,"monsters on board"
All Time 2023 Tiffany Ranks,Tiffany 2023,4,"everdell farshore"
All Time 2023 Tiffany Ranks,Tiffany 2023,5,"7 wonders architects"
All Time 2023 Tiffany Ranks,Tiffany 2023,6,"wild serengeti"
All Time 2023 Tiffany Ranks,Tiffany 2023,7,"wingspan"
All Time 2023 Tiffany Ranks,Tiffany 2023,8,"azul queens garden"
All Time 2023 Tiffany Ranks,Tiffany 2023,9,"viticulture"
All Time 2023 Tiffany Ranks,Tiffany 2023,10,"las vegas royale"
All Time 2023 Tiffany Ranks,Tiffany 2023,11,"azul"
All Time 2023 Tiffany Ranks,Tiffany 2023,12,"deep dive"
All Time 2023 Tiffany Ranks,Tiffany 2023,13,"paleo"
All Time 2023 Tiffany Ranks,Tiffany 2023,14,"mille fiori"
All Time 2023 Tiffany Ranks,Tiffany 2023,15,"everdell"
All Time 2023 Tiffany Ranks,Tiffany 2023,16,"savannah park"
All Time 2023 Tiffany Ranks,Tiffany 2023,17,"cascadia"
All Time 2023 Tiffany Ranks,Tiffany 2023,18,"akropolis"
All Time 2023 Tiffany Ranks,Tiffany 2023,19,"new york zoo"
All Time 2023 Tiffany Ranks,Tiffany 2023,20,"azul chocolatier"
All Time 2023 Tiffany Ranks,Tiffany 2023,21,"project L"
All Time 2023 Tiffany Ranks,Tiffany 2023,22,"century golem"
All Time 2023 Tiffany Ranks,Tiffany 2023,23,"honey buzz"
All Time 2023 Tiffany Ranks,Tiffany 2023,24,"happy city"
All Time 2023 Tiffany Ranks,Tiffany 2023,25,"cant stop"
All Time 2023 Tiffany Ranks,Tiffany 2023,26,"manhattan"
All Time 2023 Tiffany Ranks,Tiffany 2023,27,"cover your assets"
All Time 2023 Tiffany Ranks,Tiffany 2023,28,"fox in the forest"
All Time 2023 Tiffany Ranks,Tiffany 2023,29,"orleans"
All Time 2023 Tiffany Ranks,Tiffany 2023,30,"splendor duel"
All Time 2023 Tiffany Ranks,Tiffany 2023,31,"scout"
All Time 2023 Tiffany Ranks,Tiffany 2023,32,"pictures"
All Time 2023 Tiffany Ranks,Tiffany 2023,33,"isle of cats explore and draw"
All Time 2023 Tiffany Ranks,Tiffany 2023,34,"sagrada"
All Time 2023 Tiffany Ranks,Tiffany 2023,35,"creature comforts"
All Time 2023 Tiffany Ranks,Tiffany 2023,36,"roll to the top"
All Time 2023 Tiffany Ranks,Tiffany 2023,37,"qwixx"
All Time 2023 Tiffany Ranks,Tiffany 2023,38,"welcome to"
All Time 2023 Tiffany Ranks,Tiffany 2023,39,"blokus"
All Time 2023 Tiffany Ranks,Tiffany 2023,40,"nidavellir"
All Time 2023 Tiffany Ranks,Tiffany 2023,41,"dominion"
All Time 2023 Tiffany Ranks,Tiffany 2023,42,"mountain goats"
All Time 2023 Tiffany Ranks,Tiffany 2023,43,"illusion"
All Time 2023 Tiffany Ranks,Tiffany 2023,44,"gnoming a round"
All Time 2023 Tiffany Ranks,Tiffany 2023,45,"explorers"
All Time 2023 Tiffany Ranks,Tiffany 2023,46,"hand and foot"
All Time 2023 Tiffany Ranks,Tiffany 2023,47,"pass the pigs"
BGG Con 2023 Kevin Ranks,Kevin Final BGG con 23,1,"Knarr"
BGG Con 2023 Kevin Ranks,Kevin Final BGG con 23,2,"Point City"
BGG Con 2023 Kevin Ranks,Kevin Final BGG con 23,3,"Office"
BGG Con 2023 Kevin Ranks,Kevin Final BGG con 23,4,"Darwin"
BGG Con 2023 Kevin Ranks,Kevin Final BGG con 23,5,"Fruitoplay"
BGG Con 2023 Kevin Ranks,Kevin Final BGG con 23,6,"Wandering Towers"
BGG Con 2023 Kevin Ranks,Kevin Final BGG con 23,7,"Sky Team"
BGG Con 2023 Kevin Ranks,Kevin Final BGG con 23,8,"Film"
BGG Con 2023 Kevin Ranks,Kevin Final BGG con 23,9,"Caldera Park"
BGG Con 2023 Kevin Ranks,Kevin Final BGG con 23,10,"Nimala"
BGG Con 2023 Kevin Ranks,Kevin Final BGG con 23,11,"Flourish"
BGG Con 2023 Kevin Ranks,Kevin Final BGG con 23,12,"Dragon"
BGG Con 2023 Kevin Ranks,Kevin Final BGG con 23,13,"Ohanami"
BGG Con 2023 Kevin Ranks,Kevin Final BGG con 23,14,"Off Season"
BGG Con 2023 Kevin Ranks,Kevin Final BGG con 23,15,"Deep Dive"
BGG Con 2023 Kevin Ranks,Kevin Final BGG con 23,16,"Butterfly"
BGG Con 2023 Kevin Ranks,Kevin Final BGG con 23,17,"Berlin"
BGG Con 2023 Kevin Ranks,Kevin Final BGG con 23,18,"TTR Cards"
BGG Con 2023 Kevin Ranks,Kevin Final BGG con 23,19,"The City"
BGG Con 2023 Kevin Ranks,Kevin Final BGG con 23,20,"Vilanimino Bikes"
BGG Con 2023 Kevin Ranks,Kevin Final BGG con 23,21,"Japan"
BGG Con 2023 Kevin Ranks,Kevin Final BGG con 23,22,"Tucans"
BGG Con 2023 Kevin Ranks,Kevin Final BGG con 23,23,"Maui"
BGG Con 2023 Kevin Ranks,Kevin Final BGG con 23,24,"Pictomino"
BGG Con 2023 Kevin Ranks,Kevin Final BGG con 23,25,"Sea Salt Paper"
BGG Con 2023 Kevin Ranks,Kevin Final BGG con 23,26,"Martian"
BGG Con 2023 Kevin Ranks,Kevin Final BGG con 23,27,"Africa"
BGG Con 2023 Kevin Ranks,Kevin Final BGG con 23,28,"GPS"
BGG Con 2023 Kevin Ranks,Kevin Final BGG con 23,29,"Beacon"
BGG Con 2023 Kevin Ranks,Kevin Final BGG con 23,30,"Great Split"
BGG Con 2023 Kevin Ranks,Kevin Final BGG con 23,31,"Seesaw"
BGG Con 2023 Kevin Ranks,Kevin Final BGG con 23,32,"Splito"
BGG Con 2023 Kevin Ranks,Kevin Final BGG con 23,33,"Wormholes"
BGG Con 2023 Kevin Ranks,Kevin Final BGG con 23,34,"Neaderthands"
BGG Con 2023 Kevin Ranks,Kevin Final BGG con 23,35,"Tulips"
BGG Con 2023 Kevin Ranks,Kevin Final BGG con 23,36,"Sunset"
BGG Con 2023 Kevin Ranks,Kevin Final BGG con 23,37,"Italy"
BGG Con 2023 Kevin Ranks,Kevin Final BGG con 23,38,"Land vs Sea"
BGG Con 2023 Kevin Ranks,Kevin Final BGG con 23,39,"Diced Veggies"
BGG Con 2023 Kevin Ranks,Kevin Final BGG con 23,40,"Villans"
BGG Con 2023 Kevin Ranks,Kevin Final BGG con 23,41,"Port Royal"
BGG Con 2023 Kevin Ranks,Kevin Final BGG con 23,42,"Chicken"
BGG Con 2023 Kevin Ranks,Kevin Final BGG con 23,43,"Orleans"
BGG Con 2023 Kevin Ranks,Kevin Final BGG con 23,44,"Silver & Gold"
BGG Con 2023 Kevin Ranks,Kevin Final BGG con 23,45,"Llamaland"
BGG Con 2023 Kevin Ranks,Kevin Final BGG con 23,46,"Sunrise Lane"
BGG Con 2023 Kevin Ranks,Kevin Final BGG con 23,47,"Nordic Countries"
BGG Con 2023 Kevin Ranks,Kevin Final BGG con 23,48,"Ceasar"
BGG Con 2023 Kevin Ranks,Kevin Final BGG con 23,49,"Rahaa"
BGG Con 2023 Kevin Ranks,Kevin Final BGG con 23,50,"San Francisco"
BGG Con 2023 Kevin Ranks,Kevin Final BGG con 23,51,"Food Fighters"
BGG Con 2023 Kevin Ranks,Kevin Final BGG con 23,52,"Camel Up Cards"
BGG Con 2023 Kevin Ranks,Kevin Final BGG con 23,53,"Xenon"
BGG Con 2023 Kevin Ranks,Kevin Final BGG con 23,54,"Gang Dice"
BGG Con 2023 Kevin Ranks,Kevin Final BGG con 23,55,"Vaalbara"
BGG Con 2023 Kevin Ranks,Kevin Final BGG con 23,56,"Paku"
BGG Con 2023 Kevin Ranks,Kevin Final BGG con 23,57,"Zooka"
BGG Con 2023 Kevin Ranks,Kevin Final BGG con 23,58,"Marklin"
BGG Con 2023 Kevin Ranks,Kevin Final BGG con 23,59,"Canopy"
BGG Con 2023 Kevin Ranks,Kevin Final BGG con 23,60,"Mandala Stones"
BGG Con 2023 Kevin Ranks,Kevin Final BGG con 23,61,"Nations"
BGG Con 2023 Kevin Ranks,Kevin Final BGG con 23,62,"Bugs"
BGG Con 2023 Kevin Ranks,Kevin Final BGG con 23,63,"Swiss"
BGG Con 2023 Kevin Ranks,Kevin Final BGG con 23,64,"Mask Men"
BGG Con 2023 Kevin Ranks,Kevin Final BGG con 23,65,"Heartland"
BGG Con 2023 Kevin Ranks,Kevin Final BGG con 23,66,"Fit to Print"
BGG Con 2023 Kevin Ranks,Kevin Final BGG con 23,67,"Great Plains"
BGG Con 2023 Kevin Ranks,Kevin Final BGG con 23,68,"Popcorn"
BGG Con 2023 Kevin Ranks,Kevin Final BGG con 23,69,"Dimsum"
BGG Con 2023 Kevin Ranks,Kevin Final BGG con 23,70,"Dogfight"
BGG Con 2023 Kevin Ranks,Kevin Final BGG con 23,71,"Bark Ave"
BGG Con 2023 Kevin Ranks,Kevin Final BGG con 23,72,"Next Station"
BGG Con 2023 Kevin Ranks,Kevin Final BGG con 23,73,"Quaks Kids"
BGG Con 2023 Kevin Ranks,Kevin Final BGG con 23,74,"Smores"
BGG Con 2023 Kevin Ranks,Kevin Final BGG con 23,75,"Landmarks"
BGG Con 2023 Kevin Ranks,Kevin Final BGG con 23,76,"Fjords"
BGG Con 2023 Kevin Ranks,Kevin Final BGG con 23,77,"Football Dice"
BGG Con 2023 Kevin Ranks,Kevin Final BGG con 23,78,"Suishi Draft"
BGG Con 2023 Kevin Ranks,Kevin Final BGG con 23,79,"Perfect Wave"
BGG Con 2023 Kevin Ranks,Kevin Final BGG con 23,80,"Sushi Dice"
BGG Con 2023 Kevin Ranks,Kevin Final BGG con 23,81,"Chomp"
BGG Con 2023 Kevin Ranks,Kevin Final BGG con 23,82,"GAP"
BGG Con 2023 Kevin Ranks,Kevin Final BGG con 23,83,"Beastie Bar"
BGG Con 2023 Kevin Ranks,Kevin Final BGG con 23,84,"Oberboss Duel"
All Time 2023 Kevin Ranks,2023_0420,1,"Cascadia"
All Time 2023 Kevin Ranks,2023_0420,2,"Sagrada"
All Time 2023 Kevin Ranks,2023_0420,3,"Sushi Go Party!"
All Time 2023 Kevin Ranks,2023_0420,4,"Point Salad"
All Time 2023 Kevin Ranks,2023_0420,5,"Roll for the Galaxy"
All Time 2023 Kevin Ranks,2023_0420,6,"Orléans"
All Time 2023 Kevin Ranks,2023_0420,7,"Dog Lover"
All Time 2023 Kevin Ranks,2023_0420,8,"Manhattan"
All Time 2023 Kevin Ranks,2023_0420,9,"SCOUT"
All Time 2023 Kevin Ranks,2023_0420,10,"That's Pretty Clever!"
All Time 2023 Kevin Ranks,2023_0420,11,"Wingspan"
All Time 2023 Kevin Ranks,2023_0420,12,"Love Letter"
All Time 2023 Kevin Ranks,2023_0420,13,"The Isle of Cats: Explore & Draw"
All Time 2023 Kevin Ranks,2023_0420,14,"The Quacks of Quedlinburg"
All Time 2023 Kevin Ranks,2023_0420,15,"PUSH"
All Time 2023 Kevin Ranks,2023_0420,16,"It's a Wonderful World"
All Time 2023 Kevin Ranks,2023_0420,17,"Cartographers"
All Time 2023 Kevin Ranks,2023_0420,18,"Nidavellir"
All Time 2023 Kevin Ranks,2023_0420,19,"Monopoly Express"
All Time 2023 Kevin Ranks,2023_0420,20,"Azul: Queen's Garden"
All Time 2023 Kevin Ranks,2023_0420,21,"Stockpile: Epic Edition"
All Time 2023 Kevin Ranks,2023_0420,22,"Trek 12: Himalaya"
All Time 2023 Kevin Ranks,2023_0420,23,"Living Forest"
All Time 2023 Kevin Ranks,2023_0420,24,"Monopoly Deal Card Game"
All Time 2023 Kevin Ranks,2023_0420,25,"Everdell"
All Time 2023 Kevin Ranks,2023_0420,26,"Akropolis"
All Time 2023 Kevin Ranks,2023_0420,27,"Silver & Gold"
All Time 2023 Kevin Ranks,2023_0420,28,"Century: Golem Edition – An Endless World"
All Time 2023 Kevin Ranks,2023_0420,29,"Mountain Goats"
All Time 2023 Kevin Ranks,2023_0420,30,"Cover Your Assets"
All Time 2023 Kevin Ranks,2023_0420,31,"Azul"
All Time 2023 Kevin Ranks,2023_0420,32,"The Castles of Burgundy: The Card Game"
All Time 2023 Kevin Ranks,2023_0420,33,"Dominion (Second Edition)"
All Time 2023 Kevin Ranks,2023_0420,34,"Wizard"
All Time 2023 Kevin Ranks,2023_0420,35,"Machi Koro: Bright Lights, Big City"
All Time 2023 Kevin Ranks,2023_0420,36,"Trails of Tucana"
All Time 2023 Kevin Ranks,2023_0420,37,"Savannah Park"
All Time 2023 Kevin Ranks,2023_0420,38,"Dutch Blitz"
All Time 2023 Kevin Ranks,2023_0420,39,"For Sale"
All Time 2023 Kevin Ranks,2023_0420,40,"Gnoming A Round"
All Time 2023 Kevin Ranks,2023_0420,41,"BANG! The Dice Game"
All Time 2023 Kevin Ranks,2023_0420,42,"Azul: Stained Glass of Sintra"
All Time 2023 Kevin Ranks,2023_0420,43,"San Juan (Second Edition)"
All Time 2023 Kevin Ranks,2023_0420,44,"Between Two Cities"
All Time 2023 Kevin Ranks,2023_0420,45,"Medieval Academy"
All Time 2023 Kevin Ranks,2023_0420,46,"Honey Buzz"
All Time 2023 Kevin Ranks,2023_0420,47,"Blue Lagoon"
All Time 2023 Kevin Ranks,2023_0420,48,"Skull King"
All Time 2023 Kevin Ranks,2023_0420,49,"Splendor Duel"
All Time 2023 Kevin Ranks,2023_0420,50,"Coloretto"
All Time 2023 Kevin Ranks,2023_0420,51,"7 Wonders Duel"
All Time 2023 Kevin Ranks,2023_0420,52,"The Guild of Merchant Explorers"
All Time 2023 Kevin Ranks,2023_0420,53,"Kingdom Builder"
All Time 2023 Kevin Ranks,2023_0420,54,"Tokaido"
All Time 2023 Kevin Ranks,2023_0420,55,"Alhambra: Big Box"
All Time 2023 Kevin Ranks,2023_0420,56,"Downforce"
All Time 2023 Kevin Ranks,2023_0420,57,"Monsters on Board"
All Time 2023 Kevin Ranks,2023_0420,58,"Creature Comforts"
All Time 2023 Kevin Ranks,2023_0420,59,"Draftosaurus"
All Time 2023 Kevin Ranks,2023_0420,60,"Welcome To..."
All Time 2023 Kevin Ranks,2023_0420,61,"Wild: Serengeti"
All Time 2023 Kevin Ranks,2023_0420,62,"Trekking Through History"
All Time 2023 Kevin Ranks,2023_0420,63,"Viticulture Essential Edition"
All Time 2023 Kevin Ranks,2023_0420,64,"Deep Sea Adventure"
All Time 2023 Kevin Ranks,2023_0420,65,"Bohnanza"
All Time 2023 Kevin Ranks,2023_0420,66,"Mystic Vale"
All Time 2023 Kevin Ranks,2023_0420,67,"Can't Stop"
All Time 2023 Kevin Ranks,2023_0420,68,"Just One"
All Time 2023 Kevin Ranks,2023_0420,69,"Project L"
All Time 2023 Kevin Ranks,2023_0420,70,"Codenames: Pictures"
All Time 2023 Kevin Ranks,2023_0420,71,"Cockroach Poker"
All Time 2023 Kevin Ranks,2023_0420,72,"Jaipur"
All Time 2023 Kevin Ranks,2023_0420,73,"Super Mega Lucky Box"
All Time 2023 Kevin Ranks,2023_0420,74,"Pit"
All Time 2023 Kevin Ranks,2023_0420,75,"So Clover!"
All Time 2023 Kevin Ranks,2023_0420,76,"King of Tokyo"
All Time 2023 Kevin Ranks,2023_0420,77,"Reef"
All Time 2023 Kevin Ranks,2023_0420,78,"Kingdomino"
All Time 2023 Kevin Ranks,2023_0420,79,"Fun Facts"
All Time 2023 Kevin Ranks,2023_0420,80,"Dice Forge"
All Time 2023 Kevin Ranks,2023_0420,81,"Rummikub"
All Time 2023 Kevin Ranks,2023_0420,82,"Five Tribes"
All Time 2023 Kevin Ranks,2023_0420,83,"Sushi Go!"
All Time 2023 Kevin Ranks,2023_0420,84,"The Bears and the Bees"
All Time 2023 Kevin Ranks,2023_0420,85,"Next Station: London"
All Time 2023 Kevin Ranks,2023_0420,86,"Las Vegas Royale"
All Time 2023 Kevin Ranks,2023_0420,87,"Happy City"
All Time 2023 Kevin Ranks,2023_0420,88,"Planted: A Game of Nature & Nurture"
All Time 2023 Kevin Ranks,2023_0420,89,"Long Shot: The Dice Game"
All Time 2023 Kevin Ranks,2023_0420,90,"Explorers"
All Time 2023 Kevin Ranks,2023_0420,91,"Iquazú"
All Time 2023 Kevin Ranks,2023_0420,92,"Ka-Ching!"
All Time 2023 Kevin Ranks,2023_0420,93,"Decrypto"
All Time 2023 Kevin Ranks,2023_0420,94,"Hanamikoji"
All Time 2023 Kevin Ranks,2023_0420,95,"Cubitos"
All Time 2023 Kevin Ranks,2023_0420,96,"Incan Gold"
All Time 2023 Kevin Ranks,2023_0420,97,"Qwixx"
All Time 2023 Kevin Ranks,2023_0420,98,"Quoridor"
All Time 2023 Kevin Ranks,2023_0420,99,"Sushi Roll"
All Time 2023 Kevin Ranks,2023_0420,100,"Stone Age"
All Time 2023 Kevin Ranks,2023_0420,101,"Pictures"
All Time 2023 Kevin Ranks,2023_0420,102,"The Castles of Tuscany"
All Time 2023 Kevin Ranks,2023_0420,103,"On Tour"
All Time 2023 Kevin Ranks,2023_0420,104,"Codenames"
All Time 2023 Kevin Ranks,2023_0420,105,"Loot"
All Time 2023 Kevin Ranks,2023_0420,106,"Mexican Train"
All Time 2023 Kevin Ranks,2023_0420,107,"L.L.A.M.A."
All Time 2023 Kevin Ranks,2023_0420,108,"Five Crowns"
All Time 2023 Kevin Ranks,2023_0420,109,"Jukem Football (Second Edition)"
All Time 2023 Kevin Ranks,2023_0420,110,"Century: Golem Edition"
All Time 2023 Kevin Ranks,2023_0420,111,"Railroad Ink: Deep Blue Edition"
All Time 2023 Kevin Ranks,2023_0420,112,"Cryptid"
All Time 2023 Kevin Ranks,2023_0420,113,"Thurn and Taxis"
All Time 2023 Kevin Ranks,2023_0420,114,"Zombie Dice"
All Time 2023 Kevin Ranks,2023_0420,115,"Wingspan Asia"
All Time 2023 Kevin Ranks,2023_0420,116,"Trails"
All Time 2023 Kevin Ranks,2023_0420,117,"Onitama"
All Time 2023 Kevin Ranks,2023_0420,118,"Oh My Goods!"
All Time 2023 Kevin Ranks,2023_0420,119,"Downtown Farmers Market"
All Time 2023 Kevin Ranks,2023_0420,120,"The Castles of Burgundy"
All Time 2023 Kevin Ranks,2023_0420,121,"Catan Histories: Rise of the Inkas"
All Time 2023 Kevin Ranks,2023_0420,122,"Camel Up (Second Edition)"
All Time 2023 Kevin Ranks,2023_0420,123,"Ready Set Bet"
All Time 2023 Kevin Ranks,2023_0420,124,"Space Base"
All Time 2023 Kevin Ranks,2023_0420,125,"Veggies"
All Time 2023 Kevin Ranks,2023_0420,126,"1001 Islands"
All Time 2023 Kevin Ranks,2023_0420,127,"Herbaceous"
All Time 2023 Kevin Ranks,2023_0420,128,"Azul: Summer Pavilion"
All Time 2023 Kevin Ranks,2023_0420,129,"Modern Art"
All Time 2023 Kevin Ranks,2023_0420,130,"Sunny Day Sardines"
All Time 2023 Kevin Ranks,2023_0420,131,"Ramen Fury"
All Time 2023 Kevin Ranks,2023_0420,132,"New York Zoo"
All Time 2023 Kevin Ranks,2023_0420,133,"Boomerang"
All Time 2023 Kevin Ranks,2023_0420,134,"Architects of the West Kingdom"
All Time 2023 Kevin Ranks,2023_0420,135,"Blokus"
All Time 2023 Kevin Ranks,2023_0420,136,"12 Days"
All Time 2023 Kevin Ranks,2023_0420,137,"Arboretum"
All Time 2023 Kevin Ranks,2023_0420,138,"TEN"
All Time 2023 Kevin Ranks,2023_0420,139,"Imhotep"
All Time 2023 Kevin Ranks,2023_0420,140,"Qwirkle"
All Time 2023 Kevin Ranks,2023_0420,141,"Power Grid"
All Time 2023 Kevin Ranks,2023_0420,142,"Crystallized"
All Time 2023 Kevin Ranks,2023_0420,143,"Tiny Towns"
All Time 2023 Kevin Ranks,2023_0420,144,"Ticket to Ride: Rails & Sails"
All Time 2023 Kevin Ranks,2023_0420,145,"Isle of Skye: From Chieftain to King"
All Time 2023 Kevin Ranks,2023_0420,146,"Exploding Kittens: Party Pack"
All Time 2023 Kevin Ranks,2023_0420,147,"Patchwork"
All Time 2023 Kevin Ranks,2023_0420,148,"Superfight"
All Time 2023 Kevin Ranks,2023_0420,149,"Coup"
All Time 2023 Kevin Ranks,2023_0420,150,"Mille Bornes"
All Time 2023 Kevin Ranks,2023_0420,151,"Raiders of Scythia"
All Time 2023 Kevin Ranks,2023_0420,152,"Telestrations: 12 Player Party Pack"
All Time 2023 Kevin Ranks,2023_0420,153,"Why First?"
All Time 2023 Kevin Ranks,2023_0420,154,"Ticket to Ride: Europe"
All Time 2023 Kevin Ranks,2023_0420,155,"Ticket to Ride: London"
All Time 2023 Kevin Ranks,2023_0420,156,"The Taverns of Tiefenthal"
All Time 2023 Kevin Ranks,2023_0420,157,"New York Slice"
All Time 2023 Kevin Ranks,2023_0420,158,"Cacao"
All Time 2023 Kevin Ranks,2023_0420,159,"The Resistance"
All Time 2023 Kevin Ranks,2023_0420,160,"Carcassonne Big Box 6"
All Time 2023 Kevin Ranks,2023_0420,161,"BANG!"
All Time 2023 Kevin Ranks,2023_0420,162,"Circle the Wagons"
All Time 2023 Kevin Ranks,2023_0420,163,"Cover Your Cookies"
All Time 2023 Kevin Ranks,2023_0420,164,"Secret Hitler"
All Time 2023 Kevin Ranks,2023_0420,165,"Welcome to the Dungeon"
All Time 2023 Kevin Ranks,2023_0420,166,"Chinese Checkers"
All Time 2023 Kevin Ranks,2023_0420,167,"Skull"
All Time 2023 Kevin Ranks,2023_0420,168,"Museum Suspects"
All Time 2023 Kevin Ranks,2023_0420,169,"Paris: La Cité de la Lumière"
All Time 2023 Kevin Ranks,2023_0420,170,"Wits & Wagers Party"
All Time 2023 Kevin Ranks,2023_0420,171,"Picture Perfect"
All Time 2023 Kevin Ranks,2023_0420,172,"Juicy Fruits"
All Time 2023 Kevin Ranks,2023_0420,173,"Saboteur"
All Time 2023 Kevin Ranks,2023_0420,174,"Race for the Galaxy"
All Time 2023 Kevin Ranks,2023_0420,175,"Get Bit!"
All Time 2023 Kevin Ranks,2023_0420,176,"Floriferous"
All Time 2023 Kevin Ranks,2023_0420,177,"Cat in the Box: Deluxe Edition"
All Time 2023 Kevin Ranks,2023_0420,178,"Mesozooic"
All Time 2023 Kevin Ranks,2023_0420,179,"Sequence"
All Time 2023 Kevin Ranks,2023_0420,180,"Star Realms: Frontiers"
All Time 2023 Kevin Ranks,2023_0420,181,"Pizza Party"
All Time 2023 Kevin Ranks,2023_0420,182,"Take 5 & Take A Number"
All Time 2023 Kevin Ranks,2023_0420,183,"CATAN"
All Time 2023 Kevin Ranks,2023_0420,184,"S'Mores Wars"
All Time 2023 Kevin Ranks,2023_0420,185,"No Thanks!"
All Time 2023 Kevin Ranks,2023_0420,186,"Hansa Teutonica: Big Box"
All Time 2023 Kevin Ranks,2023_0420,187,"Byzanz"
All Time 2023 Kevin Ranks,2023_0420,188,"High Society"
All Time 2023 Kevin Ranks,2023_0420,189,"Piepmatz"
All Time 2023 Kevin Ranks,2023_0420,190,"Abandon All Artichokes"
All Time 2023 Kevin Ranks,2023_0420,191,"Chickapig"
All Time 2023 Kevin Ranks,2023_0420,192,"Lanterns: The Harvest Festival"
All Time 2023 Kevin Ranks,2023_0420,193,"Survive: Escape from Atlantis!"
All Time 2023 Kevin Ranks,2023_0420,194,"The Chameleon"
All Time 2023 Kevin Ranks,2023_0420,195,"Dice Manor"
All Time 2023 Kevin Ranks,2023_0420,196,"Subastral"
All Time 2023 Kevin Ranks,2023_0420,197,"Electronic Catch Phrase"
All Time 2023 Kevin Ranks,2023_0420,198,"NMBR 9"
All Time 2023 Kevin Ranks,2023_0420,199,"Stratego"
All Time 2023 Kevin Ranks,2023_0420,200,"PARKS"
All Time 2023 Kevin Ranks,2023_0420,201,"The Castles of Burgundy: The Dice Game"
All Time 2023 Kevin Ranks,2023_0420,202,"Pairs"
All Time 2023 Kevin Ranks,2023_0420,203,"Planet"
All Time 2023 Kevin Ranks,2023_0420,204,"Mysterium"
All Time 2023 Kevin Ranks,2023_0420,205,"The Game"
All Time 2023 Kevin Ranks,2023_0420,206,"Scattergories"
All Time 2023 Kevin Ranks,2023_0420,207,"Photosynthesis"
All Time 2023 Kevin Ranks,2023_0420,208,"Phase 10"
All Time 2023 Kevin Ranks,2023_0420,209,"Hive Pocket"
All Time 2023 Kevin Ranks,2023_0420,210,"Century: Golem Edition – Eastern Mountains"
All Time 2023 Kevin Ranks,2023_0420,211,"Perudo"
All Time 2023 Kevin Ranks,2023_0420,212,"The Game of Things"
All Time 2023 Kevin Ranks,2023_0420,213,"Citadels"
All Time 2023 Kevin Ranks,2023_0420,214,"Othello"
All Time 2023 Kevin Ranks,2023_0420,215,"The Game of 49"
All Time 2023 Kevin Ranks,2023_0420,216,"Rivals for Catan: Deluxe"
All Time 2023 Kevin Ranks,2023_0420,217,"Galaxy Trucker"
All Time 2023 Kevin Ranks,2023_0420,218,"Red Flags"
All Time 2023 Kevin Ranks,2023_0420,219,"Lanterns Dice: Lights in the Sky"
All Time 2023 Kevin Ranks,2023_0420,220,"Ticket to Ride"
All Time 2023 Kevin Ranks,2023_0420,221,"Fantasy Realms"
All Time 2023 Kevin Ranks,2023_0420,222,"The Quest for El Dorado"
All Time 2023 Kevin Ranks,2023_0420,223,"What Do You Meme?"
All Time 2023 Kevin Ranks,2023_0420,224,"Kalah"
All Time 2023 Kevin Ranks,2023_0420,225,"7 Wonders"
All Time 2023 Kevin Ranks,2023_0420,226,"Pictomania"
All Time 2023 Kevin Ranks,2023_0420,227,"FUSE"
All Time 2023 Kevin Ranks,2023_0420,228,"Cards Against Humanity"
All Time 2023 Kevin Ranks,2023_0420,229,"Deal or No Deal Card Game"
All Time 2023 Kevin Ranks,2023_0420,230,"Spot it!"
All Time 2023 Kevin Ranks,2023_0420,231,"Pandemic"
All Time 2023 Kevin Ranks,2023_0420,232,"The Isle of Cats"
All Time 2023 Kevin Ranks,2023_0420,233,"UNO: Mario Kart"
All Time 2023 Kevin Ranks,2023_0420,234,"Kingdomino Duel"
All Time 2023 Kevin Ranks,2023_0420,235,"Ticket to Ride: New York"
All Time 2023 Kevin Ranks,2023_0420,236,"Truffle Shuffle"
All Time 2023 Kevin Ranks,2023_0420,237,"Cinco Linko"
All Time 2023 Kevin Ranks,2023_0420,238,"Catan Dice Game"
All Time 2023 Kevin Ranks,2023_0420,239,"The Fox in the Forest"
All Time 2023 Kevin Ranks,2023_0420,240,"Longboard"
All Time 2023 Kevin Ranks,2023_0420,241,"The Crew: The Quest for Planet Nine"
All Time 2023 Kevin Ranks,2023_0420,242,"Risk"
All Time 2023 Kevin Ranks,2023_0420,243,"Taco Cat Goat Cheese Pizza"
All Time 2023 Kevin Ranks,2023_0420,244,"Skip-Bo"
All Time 2023 Kevin Ranks,2023_0420,245,"5211"
All Time 2023 Kevin Ranks,2023_0420,246,"Bloom Town"
All Time 2023 Kevin Ranks,2023_0420,247,"Struggle for Catan"
All Time 2023 Kevin Ranks,2023_0420,248,"Sleeping Queens"
All Time 2023 Kevin Ranks,2023_0420,249,"Trash Pandas"
All Time 2023 Kevin Ranks,2023_0420,250,"Sapiens"
All Time 2023 Kevin Ranks,2023_0420,251,"Memory"
All Time 2023 Kevin Ranks,2023_0420,252,"Monopoly Bid"
All Time 2023 Kevin Ranks,2023_0420,253,"Clue"
All Time 2023 Kevin Ranks,2023_0420,254,"HUE"
All Time 2023 Kevin Ranks,2023_0420,255,"DIG"
All Time 2023 Kevin Ranks,2023_0420,256,"NFL-opoly"
All Time 2023 Kevin Ranks,2023_0420,257,"LIE"
All Time 2023 Kevin Ranks,2023_0420,258,"Hanabi"
All Time 2023 Kevin Ranks,2023_0420,259,"Guess Who?"
All Time 2023 Kevin Ranks,2023_0420,260,"Slamwich"
All Time 2023 Kevin Ranks,2023_0420,261,"Ecosystem"
All Time 2023 Kevin Ranks,2023_0420,262,"Bananagrams"
All Time 2023 Kevin Ranks,2023_0420,263,"Tichu"
All Time 2023 Kevin Ranks,2023_0420,264,"UNO"
All Time 2023 Kevin Ranks,2023_0420,265,"Go Nuts for Donuts"
All Time 2023 Kevin Ranks,2023_0420,266,"Splendor"
All Time 2023 Kevin Ranks,2023_0420,267,"The Mind"
All Time 2023 Kevin Ranks,2023_0420,268,"Puerto Rico"
All Time 2023 Kevin Ranks,2023_0420,269,"Exploding Kittens"
All Time 2023 Kevin Ranks,2023_0420,270,"Mad Gab"
All Time 2023 Kevin Ranks,2023_0420,271,"Guillotine"
All Time 2023 Kevin Ranks,2023_0420,272,"Lowdown"
All Time 2023 Kevin Ranks,2023_0420,273,"ColorFox"
All Time 2023 Kevin Ranks,2023_0420,274,"Monikers: Classics"
All Time 2023 Kevin Ranks,2023_0420,275,"Battleship"
All Time 2023 Kevin Ranks,2023_0420,276,"Blink"
All Time 2023 Kevin Ranks,2023_0420,277,"BraveRats"
All Time 2023 Kevin Ranks,2023_0420,278,"Connect Four"
All Time 2023 Kevin Ranks,2023_0420,279,"Super-Skill Pinball: 4-Cade"
All Time 2023 Kevin Ranks,2023_0420,280,"Tiki Topple"
All Time 2023 Kevin Ranks,2023_0420,281,"You've Got Crabs"
All Time 2023 Kevin Ranks,2023_0420,282,"Rat-a-Tat Cat"
All Time 2023 Kevin Ranks,2023_0420,283,"UNO Dice Game"
All Time 2023 Kevin Ranks,2023_0420,284,"Quelf"
All Time 2023 Kevin Ranks,2023_0420,285,"Cover Your Kingdom"
All Time 2023 Kevin Ranks,2023_0420,286,"1st & Goal"
All Time 2023 Kevin Ranks,2023_0420,287,"LCR"
All Time 2023 Kevin Ranks,2023_0420,288,"UNO Flip!"
All Time 2023 Kevin Ranks,2023_0420,289,"When I Dream"
All Time 2023 Kevin Ranks,2023_0420,290,"Pizza Box Football"
All Time 2023 Kevin Ranks,2023_0420,291,"Labyrinth"
All Time 2023 Kevin Ranks,2023_0420,292,"Snail's Pace Race"
All Time 2023 Kevin Ranks,2023_0420,293,"Exit: The Game – The Abandoned Cabin"
DTW 2023 Kevin Ranks,Dice tower west 2023,1,"Planet unknown"
DTW 2023 Kevin Ranks,Dice tower west 2023,2,"Beer and bread"
DTW 2023 Kevin Ranks,Dice tower west 2023,3,"Challengers"
DTW 2023 Kevin Ranks,Dice tower west 2023,4,"Comic hunters"
DTW 2023 Kevin Ranks,Dice tower west 2023,5,"Namiji"
DTW 2023 Kevin Ranks,Dice tower west 2023,6,"First rat"
DTW 2023 Kevin Ranks,Dice tower west 2023,7,"Mille Fiori"
DTW 2023 Kevin Ranks,Dice tower west 2023,8,"Foundations of rome"
DTW 2023 Kevin Ranks,Dice tower west 2023,9,"Mountain goats"
DTW 2023 Kevin Ranks,Dice tower west 2023,10,"Habitats"
DTW 2023 Kevin Ranks,Dice tower west 2023,11,"Cat lady"
DTW 2023 Kevin Ranks,Dice tower west 2023,12,"Holly jolly"
DTW 2023 Kevin Ranks,Dice tower west 2023,13,"Crew mission deep sea"
DTW 2023 Kevin Ranks,Dice tower west 2023,14,"Lords of Vegas"
DTW 2023 Kevin Ranks,Dice tower west 2023,15,"Fast sloths"
DTW 2023 Kevin Ranks,Dice tower west 2023,16,"Acquire"
DTW 2023 Kevin Ranks,Dice tower west 2023,17,"Reign of dragoness"
DTW 2023 Kevin Ranks,Dice tower west 2023,18,"Town 66"
DTW 2023 Kevin Ranks,Dice tower west 2023,19,"Whirling witchcraft"
DTW 2023 Kevin Ranks,Dice tower west 2023,20,"7 wonders architects"
DTW 2023 Kevin Ranks,Dice tower west 2023,21,"Mandala"
DTW 2023 Kevin Ranks,Dice tower west 2023,22,"Port Royal"
DTW 2023 Kevin Ranks,Dice tower west 2023,23,"Spicy dice"
DTW 2023 Kevin Ranks,Dice tower west 2023,24,"Ubongo 3D"
DTW 2023 Kevin Ranks,Dice tower west 2023,25,"Chai tea for 2"
DTW 2023 Kevin Ranks,Dice tower west 2023,26,"Dealt"
DTW 2023 Kevin Ranks,Dice tower west 2023,27,"Aeons end"
DTW 2023 Kevin Ranks,Dice tower west 2023,28,"Odins ravens"
DTW 2023 Kevin Ranks,Dice tower west 2023,29,"Kites"
DTW 2023 Kevin Ranks,Dice tower west 2023,30,"Yak"
DTW 2023 Kevin Ranks,Dice tower west 2023,31,"Burgle bros"
DTW 2023 Kevin Ranks,Dice tower west 2023,32,"Fistful of penguins"
DTW 2023 Kevin Ranks,Dice tower west 2023,33,"Flip city"
DTW 2023 Kevin Ranks,Dice tower west 2023,34,"Turing machine"
DTW 2023 Kevin Ranks,Dice tower west 2023,35,"Flapjacks and Sasquatches"
DTW 2023 Kevin Ranks,Dice tower west 2023,36,"Ouch!"
DTW 2023 Kevin Ranks,Dice tower west 2023,37,"Berried treasure"
DTW 2023 Kevin Ranks,Dice tower west 2023,38,"Dungeon academy"
DTW 2023 Kevin Ranks,Dice tower west 2023,39,"Delicious"
DTW 2023 Kevin Ranks,Dice tower west 2023,40,"Palm island"
DTW 2023 Kevin Ranks,Dice tower west 2023,41,"Walkie talkie"
DTC 2023 Tiffany Ranks,Tiffany DTC 2023,1,"Monsters on Board"
DTC 2023 Tiffany Ranks,Tiffany DTC 2023,2,"Wild: Serengeti"
DTC 2023 Tiffany Ranks,Tiffany DTC 2023,3,"Splendor Duel"
DTC 2023 Tiffany Ranks,Tiffany DTC 2023,4,"Paleo"
DTC 2023 Tiffany Ranks,Tiffany DTC 2023,5,"Dice Miner"
DTC 2023 Tiffany Ranks,Tiffany DTC 2023,6,"Picture Perfect"
DTC 2023 Tiffany Ranks,Tiffany DTC 2023,7,"Christmas Tree"
DTC 2023 Tiffany Ranks,Tiffany DTC 2023,8,"Floriferous"
DTC 2023 Tiffany Ranks,Tiffany DTC 2023,9,"Bad Company"
DTC 2023 Tiffany Ranks,Tiffany DTC 2023,10,"Scout"
DTC 2023 Tiffany Ranks,Tiffany DTC 2023,11,"Tichu"
DTC 2023 Tiffany Ranks,Tiffany DTC 2023,12,"Dog Park"
DTC 2023 Tiffany Ranks,Tiffany DTC 2023,13,"Akropolis"
DTC 2023 Tiffany Ranks,Tiffany DTC 2023,14,"Azul Chocolate"
DTC 2023 Tiffany Ranks,Tiffany DTC 2023,15,"Caesar’s Empire"
DTC 2023 Tiffany Ranks,Tiffany DTC 2023,16,"Heat"
DTC 2023 Tiffany Ranks,Tiffany DTC 2023,17,"First Empires"
DTC 2023 Tiffany Ranks,Tiffany DTC 2023,18,"Gingerbread House"
DTC 2023 Tiffany Ranks,Tiffany DTC 2023,19,"Fairy Tale Inn"
DTC 2023 Tiffany Ranks,Tiffany DTC 2023,20,"Llama Dice"
DTC 2023 Tiffany Ranks,Tiffany DTC 2023,21,"Vegetable Stock"
DTC 2023 Tiffany Ranks,Tiffany DTC 2023,22,"Saint Petersburg"
DTC 2023 Tiffany Ranks,Tiffany DTC 2023,23,"Decorum"
DTC 2023 Kevin Ranks,Kevin DTC 2023,1,"Monsters on Board"
DTC 2023 Kevin Ranks,Kevin DTC 2023,2,"Trekking through History"
DTC 2023 Kevin Ranks,Kevin DTC 2023,3,"Creature Comforts"
DTC 2023 Kevin Ranks,Kevin DTC 2023,4,"Splendor Duel"
DTC 2023 Kevin Ranks,Kevin DTC 2023,5,"Wild: Serengeti"
DTC 2023 Kevin Ranks,Kevin DTC 2023,6,"Shake that City"
DTC 2023 Kevin Ranks,Kevin DTC 2023,7,"Akropolis"
DTC 2023 Kevin Ranks,Kevin DTC 2023,8,"Caesar’s Empire"
DTC 2023 Kevin Ranks,Kevin DTC 2023,9,"Christmas Tree"
DTC 2023 Kevin Ranks,Kevin DTC 2023,10,"Dog Park"
DTC 2023 Kevin Ranks,Kevin DTC 2023,11,"Miyabi"
DTC 2023 Kevin Ranks,Kevin DTC 2023,12,"Paleo"
DTC 2023 Kevin Ranks,Kevin DTC 2023,13,"Bad Company"
DTC 2023 Kevin Ranks,Kevin DTC 2023,14,"Scout"
DTC 2023 Kevin Ranks,Kevin DTC 2023,15,"Tichu"
DTC 2023 Kevin Ranks,Kevin DTC 2023,16,"First Empires"
DTC 2023 Kevin Ranks,Kevin DTC 2023,17,"Picture Perfect"
DTC 2023 Kevin Ranks,Kevin DTC 2023,18,"Kingdomino Duel"
DTC 2023 Kevin Ranks,Kevin DTC 2023,19,"Gingerbread House"
DTC 2023 Kevin Ranks,Kevin DTC 2023,20,"Azul Chocolate"
DTC 2023 Kevin Ranks,Kevin DTC 2023,21,"Heat"
DTC 2023 Kevin Ranks,Kevin DTC 2023,22,"Vegetable Stock"
DTC 2023 Kevin Ranks,Kevin DTC 2023,23,"Joan of Arc"
DTC 2023 Kevin Ranks,Kevin DTC 2023,24,"Aqualin"
DTC 2023 Kevin Ranks,Kevin DTC 2023,25,"Floriferous"
DTC 2023 Kevin Ranks,Kevin DTC 2023,26,"Fairy Tale Inn"
DTC 2023 Kevin Ranks,Kevin DTC 2023,27,"Llama Dice"
DTC 2023 Kevin Ranks,Kevin DTC 2023,28,"Decorum"
All Time 2022 Tiffany Ranks,Tiffany Rankings,1,"Wingspan"
All Time 2022 Tiffany Ranks,Tiffany Rankings,2,"Azul Queens Garden"
All Time 2022 Tiffany Ranks,Tiffany Rankings,3,"Azul"
All Time 2022 Tiffany Ranks,Tiffany Rankings,4,"Welcome To"
All Time 2022 Tiffany Ranks,Tiffany Rankings,5,"Cascadia"
All Time 2022 Tiffany Ranks,Tiffany Rankings,6,"Gnoming Around"
All Time 2022 Tiffany Ranks,Tiffany Rankings,7,"Cover Your Assets"
All Time 2022 Tiffany Ranks,Tiffany Rankings,8,"Bears and Bees"
All Time 2022 Tiffany Ranks,Tiffany Rankings,9,"Stockpile"
All Time 2022 Tiffany Ranks,Tiffany Rankings,10,"Century Spice Road"
All Time 2022 Tiffany Ranks,Tiffany Rankings,11,"Star Realms"
All Time 2022 Tiffany Ranks,Tiffany Rankings,12,"Nidavellir"
All Time 2022 Tiffany Ranks,Tiffany Rankings,13,"Super Mega Lucky Box"
All Time 2022 Tiffany Ranks,Tiffany Rankings,14,"Savannah Park"
All Time 2022 Tiffany Ranks,Tiffany Rankings,15,"Monopoly Dice"
All Time 2022 Tiffany Ranks,Tiffany Rankings,16,"Castles of Burgundy Dice"
All Time 2022 Tiffany Ranks,Tiffany Rankings,17,"Llama"
All Time 2022 Tiffany Ranks,Tiffany Rankings,18,"Isle of Cats: Explore and Draw"
All Time 2022 Tiffany Ranks,Tiffany Rankings,19,"Mystic Vale"
All Time 2022 Tiffany Ranks,Tiffany Rankings,20,"That's Pretty Clever"
All Time 2022 Tiffany Ranks,Tiffany Rankings,21,"It's a Wonderful World"
All Time 2022 Tiffany Ranks,Tiffany Rankings,22,"Parks"
All Time 2022 Tiffany Ranks,Tiffany Rankings,23,"Orleans"
All Time 2022 Tiffany Ranks,Tiffany Rankings,24,"Castles of Burgundy"
All Time 2022 Tiffany Ranks,Tiffany Rankings,25,"Blokus"
All Time 2022 Tiffany Ranks,Tiffany Rankings,26,"Hand and Foot"
All Time 2022 Tiffany Ranks,Tiffany Rankings,27,"Martian Dice"
All Time 2022 Tiffany Ranks,Tiffany Rankings,28,"Spades"
All Time 2022 Tiffany Ranks,Tiffany Rankings,29,"Pit"
All Time 2022 Tiffany Ranks,Tiffany Rankings,30,"New York Zoo"
All Time 2022 Tiffany Ranks,Tiffany Rankings,31,"Zombie Dice"
All Time 2022 Tiffany Ranks,Tiffany Rankings,32,"Dominion"
All Time 2022 Tiffany Ranks,Tiffany Rankings,33,"Patchwork"
All Time 2022 Kevin Ranks,Results 042022,1,"The Castles of Burgundy"
All Time 2022 Kevin Ranks,Results 042022,2,"Orléans"
All Time 2022 Kevin Ranks,Results 042022,3,"Love Letter"
All Time 2022 Kevin Ranks,Results 042022,4,"Dominion (Second Edition)"
All Time 2022 Kevin Ranks,Results 042022,5,"It's a Wonderful World"
All Time 2022 Kevin Ranks,Results 042022,6,"Azul: Stained Glass of Sintra"
All Time 2022 Kevin Ranks,Results 042022,7,"Sushi Go Party!"
All Time 2022 Kevin Ranks,Results 042022,8,"Medieval Academy"
All Time 2022 Kevin Ranks,Results 042022,9,"Century: Golem Edition – An Endless World"
All Time 2022 Kevin Ranks,Results 042022,10,"The Quacks of Quedlinburg"
All Time 2022 Kevin Ranks,Results 042022,11,"Alhambra: Big Box"
All Time 2022 Kevin Ranks,Results 042022,12,"Between Two Cities"
All Time 2022 Kevin Ranks,Results 042022,13,"Super Mega Lucky Box"
All Time 2022 Kevin Ranks,Results 042022,14,"Honey Buzz"
All Time 2022 Kevin Ranks,Results 042022,15,"Nidavellir"
All Time 2022 Kevin Ranks,Results 042022,16,"Living Forest"
All Time 2022 Kevin Ranks,Results 042022,17,"Dice Forge"
All Time 2022 Kevin Ranks,Results 042022,18,"Silver & Gold"
All Time 2022 Kevin Ranks,Results 042022,19,"Point Salad"
All Time 2022 Kevin Ranks,Results 042022,20,"Century: Golem Edition"
All Time 2022 Kevin Ranks,Results 042022,21,"Stone Age"
All Time 2022 Kevin Ranks,Results 042022,22,"7 Wonders Duel"
All Time 2022 Kevin Ranks,Results 042022,23,"Savannah Park"
All Time 2022 Kevin Ranks,Results 042022,24,"Catan Histories: Rise of the Inkas"
All Time 2022 Kevin Ranks,Results 042022,25,"Dog Lover"
All Time 2022 Kevin Ranks,Results 042022,26,"Roll for the Galaxy"
All Time 2022 Kevin Ranks,Results 042022,27,"San Juan (Second Edition)"
All Time 2022 Kevin Ranks,Results 042022,28,"Sagrada"
All Time 2022 Kevin Ranks,Results 042022,29,"Sushi Go!"
All Time 2022 Kevin Ranks,Results 042022,30,"Love Letter Premium"
All Time 2022 Kevin Ranks,Results 042022,31,"Catan"
All Time 2022 Kevin Ranks,Results 042022,32,"For Sale"
All Time 2022 Kevin Ranks,Results 042022,33,"Cartographers"
All Time 2022 Kevin Ranks,Results 042022,34,"Downforce"
All Time 2022 Kevin Ranks,Results 042022,35,"Jaipur"
All Time 2022 Kevin Ranks,Results 042022,36,"So Clover!"
All Time 2022 Kevin Ranks,Results 042022,37,"Cascadia"
All Time 2022 Kevin Ranks,Results 042022,38,"Manhattan"
All Time 2022 Kevin Ranks,Results 042022,39,"Welcome To..."
All Time 2022 Kevin Ranks,Results 042022,40,"Zombie Dice"
All Time 2022 Kevin Ranks,Results 042022,41,"Mystic Vale"
All Time 2022 Kevin Ranks,Results 042022,42,"Kingdomino"
All Time 2022 Kevin Ranks,Results 042022,43,"Bohnanza"
All Time 2022 Kevin Ranks,Results 042022,44,"The Castles of Burgundy: The Card Game"
All Time 2022 Kevin Ranks,Results 042022,45,"Dutch Blitz"
All Time 2022 Kevin Ranks,Results 042022,46,"Decrypto"
All Time 2022 Kevin Ranks,Results 042022,47,"Blue Lagoon"
All Time 2022 Kevin Ranks,Results 042022,48,"Tokaido"
All Time 2022 Kevin Ranks,Results 042022,49,"Lanterns: The Harvest Festival"
All Time 2022 Kevin Ranks,Results 042022,50,"Boomerang"
All Time 2022 Kevin Ranks,Results 042022,51,"Space Base"
All Time 2022 Kevin Ranks,Results 042022,52,"Trek 12: Himalaya"
All Time 2022 Kevin Ranks,Results 042022,53,"Tiny Towns"
All Time 2022 Kevin Ranks,Results 042022,54,"Arboretum"
All Time 2022 Kevin Ranks,Results 042022,55,"Patchwork"
All Time 2022 Kevin Ranks,Results 042022,56,"Mesozooic"
All Time 2022 Kevin Ranks,Results 042022,57,"Draftosaurus"
All Time 2022 Kevin Ranks,Results 042022,58,"Star Realms: Frontiers"
All Time 2022 Kevin Ranks,Results 042022,59,"Biblios"
All Time 2022 Kevin Ranks,Results 042022,60,"Secret Hitler"
All Time 2022 Kevin Ranks,Results 042022,61,"Byzanz"
All Time 2022 Kevin Ranks,Results 042022,62,"TEN"
All Time 2022 Kevin Ranks,Results 042022,63,"Wingspan"
All Time 2022 Kevin Ranks,Results 042022,64,"Trails of Tucana"
All Time 2022 Kevin Ranks,Results 042022,65,"That's Pretty Clever!"
All Time 2022 Kevin Ranks,Results 042022,66,"Welcome to the Dungeon"
All Time 2022 Kevin Ranks,Results 042022,67,"Century: Golem Edition – Eastern Mountains"
All Time 2022 Kevin Ranks,Results 042022,68,"Kingdom Builder"
All Time 2022 Kevin Ranks,Results 042022,69,"Azul"
All Time 2022 Kevin Ranks,Results 042022,70,"Sapiens"
All Time 2022 Kevin Ranks,Results 042022,71,"Meadow"
All Time 2022 Kevin Ranks,Results 042022,72,"TRAILS"
All Time 2022 Kevin Ranks,Results 042022,73,"Ticket to Ride: Europe"
All Time 2022 Kevin Ranks,Results 042022,74,"L.L.A.M.A."
All Time 2022 Kevin Ranks,Results 042022,75,"Mille Bornes"
All Time 2022 Kevin Ranks,Results 042022,76,"Cacao"
All Time 2022 Kevin Ranks,Results 042022,77,"Cubitos"
All Time 2022 Kevin Ranks,Results 042022,78,"Chickapig"
All Time 2022 Kevin Ranks,Results 042022,79,"The Quest for El Dorado"
All Time 2022 Kevin Ranks,Results 042022,80,"Codenames: Pictures"
All Time 2022 Kevin Ranks,Results 042022,81,"Qwinto"
All Time 2022 Kevin Ranks,Results 042022,82,"Just One"
All Time 2022 Kevin Ranks,Results 042022,83,"Can't Stop"
All Time 2022 Kevin Ranks,Results 042022,84,"Camel Up (Second Edition)"
All Time 2022 Kevin Ranks,Results 042022,85,"Deep Sea Adventure"
All Time 2022 Kevin Ranks,Results 042022,86,"Hive Pocket"
All Time 2022 Kevin Ranks,Results 042022,87,"King of Tokyo"
All Time 2022 Kevin Ranks,Results 042022,88,"Pit"
All Time 2022 Kevin Ranks,Results 042022,89,"BANG!"
All Time 2022 Kevin Ranks,Results 042022,90,"Raiders of Scythia"
All Time 2022 Kevin Ranks,Results 042022,91,"Azul: Queen's Garden"
All Time 2022 Kevin Ranks,Results 042022,92,"Architects of the West Kingdom"
All Time 2022 Kevin Ranks,Results 042022,93,"BANG! The Dice Game"
All Time 2022 Kevin Ranks,Results 042022,94,"Imhotep"
All Time 2022 Kevin Ranks,Results 042022,95,"The Taverns of Tiefenthal"
All Time 2022 Kevin Ranks,Results 042022,96,"Five Crowns"
All Time 2022 Kevin Ranks,Results 042022,97,"Machi Koro: Bright Lights, Big City"
All Time 2022 Kevin Ranks,Results 042022,98,"Qwixx"
All Time 2022 Kevin Ranks,Results 042022,99,"Splendor"
All Time 2022 Kevin Ranks,Results 042022,100,"Isle of Skye: From Chieftain to King"
All Time 2022 Kevin Ranks,Results 042022,101,"Sequence"
All Time 2022 Kevin Ranks,Results 042022,102,"The Game of Things"
All Time 2022 Kevin Ranks,Results 042022,103,"Sushi Roll"
All Time 2022 Kevin Ranks,Results 042022,104,"FUSE"
All Time 2022 Kevin Ranks,Results 042022,105,"Abandon All Artichokes"
All Time 2022 Kevin Ranks,Results 042022,106,"Galaxy Trucker"
All Time 2022 Kevin Ranks,Results 042022,107,"Age of War"
All Time 2022 Kevin Ranks,Results 042022,108,"The Chameleon"
All Time 2022 Kevin Ranks,Results 042022,109,"No Thanks!"
All Time 2022 Kevin Ranks,Results 042022,110,"Ticket to Ride: Rails & Sails"
All Time 2022 Kevin Ranks,Results 042022,111,"Rummikub"
All Time 2022 Kevin Ranks,Results 042022,112,"Ticket to Ride"
All Time 2022 Kevin Ranks,Results 042022,113,"Zombie Dice Horde Edition"
All Time 2022 Kevin Ranks,Results 042022,114,"Tzolk'in: The Mayan Calendar"
All Time 2022 Kevin Ranks,Results 042022,115,"The Resistance"
All Time 2022 Kevin Ranks,Results 042022,116,"Telestrations: 12 Player Party Pack"
All Time 2022 Kevin Ranks,Results 042022,117,"DIG"
All Time 2022 Kevin Ranks,Results 042022,118,"What Do You Meme?"
All Time 2022 Kevin Ranks,Results 042022,119,"Juicy Fruits"
All Time 2022 Kevin Ranks,Results 042022,120,"Subastral"
All Time 2022 Kevin Ranks,Results 042022,121,"Dixit"
All Time 2022 Kevin Ranks,Results 042022,122,"Blokus"
All Time 2022 Kevin Ranks,Results 042022,123,"Coup"
All Time 2022 Kevin Ranks,Results 042022,124,"12 Days"
All Time 2022 Kevin Ranks,Results 042022,125,"High Society"
All Time 2022 Kevin Ranks,Results 042022,126,"Overboss: A Boss Monster Adventure"
All Time 2022 Kevin Ranks,Results 042022,127,"Carcassonne Big Box 6"
All Time 2022 Kevin Ranks,Results 042022,128,"Suburbia"
All Time 2022 Kevin Ranks,Results 042022,129,"Exploding Kittens"
All Time 2022 Kevin Ranks,Results 042022,130,"Happy Salmon"
All Time 2022 Kevin Ranks,Results 042022,131,"Electronic Catch Phrase"
All Time 2022 Kevin Ranks,Results 042022,132,"Phase 10"
All Time 2022 Kevin Ranks,Results 042022,133,"Backgammon"
All Time 2022 Kevin Ranks,Results 042022,134,"Cinco Linko"
All Time 2022 Kevin Ranks,Results 042022,135,"Why First?"
All Time 2022 Kevin Ranks,Results 042022,136,"Get Bit!"
All Time 2022 Kevin Ranks,Results 042022,137,"Rivals for Catan: Deluxe"
All Time 2022 Kevin Ranks,Results 042022,138,"Boggle"
All Time 2022 Kevin Ranks,Results 042022,139,"Patchwork Doodle"
All Time 2022 Kevin Ranks,Results 042022,140,"Bloom"
All Time 2022 Kevin Ranks,Results 042022,141,"Race for the Galaxy"
All Time 2022 Kevin Ranks,Results 042022,142,"Exploding Kittens: Party Pack"
All Time 2022 Kevin Ranks,Results 042022,143,"The Game of Things: Travel/Expansion"
All Time 2022 Kevin Ranks,Results 042022,144,"Qwirkle"
All Time 2022 Kevin Ranks,Results 042022,145,"Paris: La Cité de la Lumière"
All Time 2022 Kevin Ranks,Results 042022,146,"Coloretto"
All Time 2022 Kevin Ranks,Results 042022,147,"Scattergories"
All Time 2022 Kevin Ranks,Results 042022,148,"Codenames"
All Time 2022 Kevin Ranks,Results 042022,149,"Ramen Fury"
All Time 2022 Kevin Ranks,Results 042022,150,"HomeStretch"
All Time 2022 Kevin Ranks,Results 042022,151,"Citadels"
All Time 2022 Kevin Ranks,Results 042022,152,"7 Wonders"
All Time 2022 Kevin Ranks,Results 042022,153,"Azul: Summer Pavilion"
All Time 2022 Kevin Ranks,Results 042022,154,"Hanamikoji"
All Time 2022 Kevin Ranks,Results 042022,155,"PARKS"
All Time 2022 Kevin Ranks,Results 042022,156,"Perudo"
All Time 2022 Kevin Ranks,Results 042022,157,"Othello"
All Time 2022 Kevin Ranks,Results 042022,158,"Superfight"
All Time 2022 Kevin Ranks,Results 042022,159,"Codenames: Duet"
All Time 2022 Kevin Ranks,Results 042022,160,"Stratego"
All Time 2022 Kevin Ranks,Results 042022,161,"Struggle for Catan"
All Time 2022 Kevin Ranks,Results 042022,162,"Pairs"
All Time 2022 Kevin Ranks,Results 042022,163,"NMBR 9"
All Time 2022 Kevin Ranks,Results 042022,164,"Bears vs Babies"
All Time 2022 Kevin Ranks,Results 042022,165,"Pictionary"
All Time 2022 Kevin Ranks,Results 042022,166,"Loot"
All Time 2022 Kevin Ranks,Results 042022,167,"Rack-O"
All Time 2022 Kevin Ranks,Results 042022,168,"Pizza Party"
All Time 2022 Kevin Ranks,Results 042022,169,"Pictionary Card Game"
All Time 2022 Kevin Ranks,Results 042022,170,"Mexican Train"
All Time 2022 Kevin Ranks,Results 042022,171,"Lanterns Dice: Lights in the Sky"
All Time 2022 Kevin Ranks,Results 042022,172,"Spot it!"
All Time 2022 Kevin Ranks,Results 042022,173,"Ticket to Ride: London"
All Time 2022 Kevin Ranks,Results 042022,174,"Tenzi"
All Time 2022 Kevin Ranks,Results 042022,175,"Trash Pandas"
All Time 2022 Kevin Ranks,Results 042022,176,"New York Zoo"
All Time 2022 Kevin Ranks,Results 042022,177,"UNO: Mario Kart"
All Time 2022 Kevin Ranks,Results 042022,178,"Honshū"
All Time 2022 Kevin Ranks,Results 042022,179,"HUE"
All Time 2022 Kevin Ranks,Results 042022,180,"Deal or No Deal Card Game"
All Time 2022 Kevin Ranks,Results 042022,181,"Power Grid"
All Time 2022 Kevin Ranks,Results 042022,182,"Catan Dice Game"
All Time 2022 Kevin Ranks,Results 042022,183,"Taboo"
All Time 2022 Kevin Ranks,Results 042022,184,"Take 5 & Take A Number"
All Time 2022 Kevin Ranks,Results 042022,185,"Survive: Escape from Atlantis!"
All Time 2022 Kevin Ranks,Results 042022,186,"Saboteur"
All Time 2022 Kevin Ranks,Results 042022,187,"Skull"
All Time 2022 Kevin Ranks,Results 042022,188,"Guillotine"
All Time 2022 Kevin Ranks,Results 042022,189,"Chinese Checkers"
All Time 2022 Kevin Ranks,Results 042022,190,"Battle Line"
All Time 2022 Kevin Ranks,Results 042022,191,"Puerto Rico"
All Time 2022 Kevin Ranks,Results 042022,192,"The Mind"
All Time 2022 Kevin Ranks,Results 042022,193,"5211"
All Time 2022 Kevin Ranks,Results 042022,194,"Pandemic"
All Time 2022 Kevin Ranks,Results 042022,195,"Risk"
All Time 2022 Kevin Ranks,Results 042022,196,"Dragonwood"
All Time 2022 Kevin Ranks,Results 042022,197,"Risk: Europe"
All Time 2022 Kevin Ranks,Results 042022,198,"Cockroach Poker"
All Time 2022 Kevin Ranks,Results 042022,199,"Jenga"
All Time 2022 Kevin Ranks,Results 042022,200,"Hanabi"
All Time 2022 Kevin Ranks,Results 042022,201,"Blink"
All Time 2022 Kevin Ranks,Results 042022,202,"Mao"
All Time 2022 Kevin Ranks,Results 042022,203,"Iquazú"
All Time 2022 Kevin Ranks,Results 042022,204,"Monopoly Bid"
All Time 2022 Kevin Ranks,Results 042022,205,"Dutch Blitz: Blue Expansion Pack"
All Time 2022 Kevin Ranks,Results 042022,206,"Taco Cat Goat Cheese Pizza"
All Time 2022 Kevin Ranks,Results 042022,207,"Hey, That's My Fish!"
All Time 2022 Kevin Ranks,Results 042022,208,"Go Nuts for Donuts"
All Time 2022 Kevin Ranks,Results 042022,209,"Ticket to Ride: New York"
All Time 2022 Kevin Ranks,Results 042022,210,"Wits & Wagers Party"
All Time 2022 Kevin Ranks,Results 042022,211,"Tiki Topple"
All Time 2022 Kevin Ranks,Results 042022,212,"Kalah"
All Time 2022 Kevin Ranks,Results 042022,213,"BraveRats"
All Time 2022 Kevin Ranks,Results 042022,214,"3 Wishes"
All Time 2022 Kevin Ranks,Results 042022,215,"Couch of Power"
All Time 2022 Kevin Ranks,Results 042022,216,"Red Flags"
All Time 2022 Kevin Ranks,Results 042022,217,"You've Got Crabs"
All Time 2022 Kevin Ranks,Results 042022,218,"The Fox in the Forest"
All Time 2022 Kevin Ranks,Results 042022,219,"When I Dream"
All Time 2022 Kevin Ranks,Results 042022,220,"Hearts"
All Time 2022 Kevin Ranks,Results 042022,221,"Guess Who?"
All Time 2022 Kevin Ranks,Results 042022,222,"Bananagrams"
All Time 2022 Kevin Ranks,Results 042022,223,"Memory"
All Time 2022 Kevin Ranks,Results 042022,224,"UNO"
All Time 2022 Kevin Ranks,Results 042022,225,"Wizard"
All Time 2022 Kevin Ranks,Results 042022,226,"The Castles of Burgundy: The Dice Game"
All Time 2022 Kevin Ranks,Results 042022,227,"Yahtzee"
All Time 2022 Kevin Ranks,Results 042022,228,"UNO Flip!"
All Time 2022 Kevin Ranks,Results 042022,229,"DOS"
All Time 2022 Kevin Ranks,Results 042022,230,"Euchre"
All Time 2022 Kevin Ranks,Results 042022,231,"Agricola (Revised Edition)"
All Time 2022 Kevin Ranks,Results 042022,232,"Concept"
All Time 2022 Kevin Ranks,Results 042022,233,"Pass out"
All Time 2022 Kevin Ranks,Results 042022,234,"Sleeping Queens"
All Time 2022 Kevin Ranks,Results 042022,235,"LIE"
All Time 2022 Kevin Ranks,Results 042022,236,"Cards Against Humanity"
All Time 2022 Kevin Ranks,Results 042022,237,"Labyrinth"
All Time 2022 Kevin Ranks,Results 042022,238,"Skip-Bo"
All Time 2022 Kevin Ranks,Results 042022,239,"Rory's Story Cubes"
All Time 2022 Kevin Ranks,Results 042022,240,"Lowdown"
All Time 2022 Kevin Ranks,Results 042022,241,"Connect Four"
All Time 2022 Kevin Ranks,Results 042022,242,"Diamonds: Second Edition"
All Time 2022 Kevin Ranks,Results 042022,243,"Slamwich"
All Time 2022 Kevin Ranks,Results 042022,244,"Broom Service: The Card Game"
All Time 2022 Kevin Ranks,Results 042022,245,"Bottom of the 9th"
All Time 2022 Kevin Ranks,Results 042022,246,"Monopoly Gamer: Mario Kart"
All Time 2022 Kevin Ranks,Results 042022,247,"MicroMacro: Crime City"
All Time 2022 Kevin Ranks,Results 042022,248,"Imhotep: The Duel"
All Time 2022 Kevin Ranks,Results 042022,249,"Rolling America"
All Time 2022 Kevin Ranks,Results 042022,250,"Bounce-Off"
All Time 2022 Kevin Ranks,Results 042022,251,"Twister"
All Time 2022 Kevin Ranks,Results 042022,252,"Scrabble"
All Time 2022 Kevin Ranks,Results 042022,253,"Mad Gab"
All Time 2022 Kevin Ranks,Results 042022,254,"Fluxx"
All Time 2022 Kevin Ranks,Results 042022,255,"LCR"
All Time 2022 Kevin Ranks,Results 042022,256,"Poetry for Neanderthals"
All Time 2022 Kevin Ranks,Results 042022,257,"NFL-opoly"
All Time 2022 Kevin Ranks,Results 042022,258,"The Crew: The Quest for Planet Nine"
All Time 2022 Kevin Ranks,Results 042022,259,"Checkers"
All Time 2022 Kevin Ranks,Results 042022,260,"Quelf"
All Time 2022 Kevin Ranks,Results 042022,261,"The Game of 49"
All Time 2022 Kevin Ranks,Results 042022,262,"Old Maid"
All Time 2022 Kevin Ranks,Results 042022,263,"Kings in the Corner"
All Time 2022 Kevin Ranks,Results 042022,264,"Pinochle"
All Time 2022 Kevin Ranks,Results 042022,265,"Chess"
All Time 2022 Kevin Ranks,Results 042022,266,"Rook"
All Time 2022 Kevin Ranks,Results 042022,267,"Don't Break the Ice"
All Time 2022 Kevin Ranks,Results 042022,268,"Monopoly"
All Time 2022 Kevin Ranks,Results 042022,269,"Chutes and Ladders"
All Time 2022 Kevin Ranks,Results 042022,270,"Trouble"
All Time 2022 Kevin Ranks,Results 042022,271,"Forbidden Island"
All Time 2022 Kevin Ranks,Results 042022,272,"Hands Down"
All Time 2022 Kevin Ranks,Results 042022,273,"Sorry!"
All Time 2022 Kevin Ranks,Results 042022,274,"Spades"
All Time 2022 Kevin Ranks,Results 042022,275,"Carrom"
All Time 2022 Kevin Ranks,Results 042022,276,"Deluxe Count'N Out"
All Time 2022 Kevin Ranks,Results 042022,277,"Rush Hour Scramble"
All Time 2022 Kevin Ranks,Results 042022,278,"Tic-Tac-Toe"
All Time 2022 Kevin Ranks,Results 042022,279,"Bridge"
All Time 2022 Kevin Ranks,Results 042022,280,"Husker Du?"
All Time 2022 Kevin Ranks,Results 042022,281,"Solitaire"
All Time 2022 Kevin Ranks,Results 042022,282,"JunKing"
All Time 2022 Kevin Ranks,Results 042022,283,"Bingo"
All Time 2022 Kevin Ranks,Results 042022,284,"Apples to Apples"
All Time 2022 Kevin Ranks,Results 042022,285,"Snail's Pace Race"
All Time 2022 Kevin Ranks,Results 042022,286,"Cranium"
All Time 2022 Kevin Ranks,Results 042022,287,"Clue"
All Time 2022 Kevin Ranks,Results 042022,288,"Snakesss"
All Time 2022 Kevin Ranks,Results 042022,289,"Arne"
All Time 2022 Kevin Ranks,Results 042022,290,"Blurt! Card Game"
All Time 2022 Kevin Ranks,Results 042022,291,"Sports Illustrated Trivia Game: Multi-Sport Edition"
DTC 2026 Kevin Ranks,Kevin DTC 2026,1,"Sanctuary"
DTC 2026 Kevin Ranks,Kevin DTC 2026,2,"Brass: Birmingham"
DTC 2026 Kevin Ranks,Kevin DTC 2026,3,"Bomb Busters"
DTC 2026 Kevin Ranks,Kevin DTC 2026,4,"Tower Up"
DTC 2026 Kevin Ranks,Kevin DTC 2026,5,"Raas: A Dance of Love"
DTC 2026 Kevin Ranks,Kevin DTC 2026,6,"Tenby"
DTC 2026 Kevin Ranks,Kevin DTC 2026,7,"Luxor"
DTC 2026 Kevin Ranks,Kevin DTC 2026,8,"RA and Write"
DTC 2026 Kevin Ranks,Kevin DTC 2026,9,"Potion Explosion"
DTC 2026 Kevin Ranks,Kevin DTC 2026,10,"Zenith"
DTC 2026 Kevin Ranks,Kevin DTC 2026,11,"Galactic Cruise"
DTC 2026 Kevin Ranks,Kevin DTC 2026,12,"Terraforming Mars: Ares Expedition"
DTC 2026 Kevin Ranks,Kevin DTC 2026,13,"10 Days in Europe"
DTC 2026 Kevin Ranks,Kevin DTC 2026,14,"Flamecraft Duals"
DTC 2026 Kevin Ranks,Kevin DTC 2026,15,"Formidable Farm"
DTC 2026 Kevin Ranks,Kevin DTC 2026,16,"Shallow Sea"
DTC 2026 Kevin Ranks,Kevin DTC 2026,17,"The Rose King"
DTC 2026 Kevin Ranks,Kevin DTC 2026,18,"Piñatas"
DTC 2026 Kevin Ranks,Kevin DTC 2026,19,"Aspens"
DTC 2026 Kevin Ranks,Kevin DTC 2026,20,"Fromage"
DTC 2026 Kevin Ranks,Kevin DTC 2026,21,"Formaggio"
DTC 2026 Kevin Ranks,Kevin DTC 2026,22,"A Feast for Odin"
DTC 2026 Kevin Ranks,Kevin DTC 2026,23,"Jungo"
DTC 2026 Kevin Ranks,Kevin DTC 2026,24,"Mamma Mia!"
DTC 2026 Kevin Ranks,Kevin DTC 2026,25,"DroPolter"
DTC 2026 Kevin Ranks,Kevin DTC 2026,26,"SCOUT"
DTC 2026 Kevin Ranks,Kevin DTC 2026,27,"Ticket To Ride: Berlin"
DTC 2026 Kevin Ranks,Kevin DTC 2026,28,"FlipToons"
DTC 2026 Kevin Ranks,Kevin DTC 2026,29,"Dealt!"
DTC 2026 Kevin Ranks,Kevin DTC 2026,30,"Sausage Sizzle!"
DTC 2026 Kevin Ranks,Kevin DTC 2026,31,"A Place for All My Books"
DTC 2026 Kevin Ranks,Kevin DTC 2026,32,"Tacta: Promotional Edition"
DTC 2026 Kevin Ranks,Kevin DTC 2026,33,"Qawale"
DTC 2026 Kevin Ranks,Kevin DTC 2026,34,"Welcome to Everdell"
DTC 2026 Kevin Ranks,Kevin DTC 2026,35,"Tag Team"
DTC 2026 Kevin Ranks,Kevin DTC 2026,36,"The Game: Face to Face"
DTC 2026 Kevin Ranks,Kevin DTC 2026,37,"Sagani"
DTC 2026 Kevin Ranks,Kevin DTC 2026,38,"Ticket to Ride: Amsterdam"
DTC 2026 Kevin Ranks,Kevin DTC 2026,39,"Slambo!"
DTC 2026 Kevin Ranks,Kevin DTC 2026,40,"The Whatnot Cabinet"
DTC 2026 Kevin Ranks,Kevin DTC 2026,41,"Caesar & Cleopatra"
DTC 2026 Kevin Ranks,Kevin DTC 2026,42,"Rafter Five"
DTC 2026 Kevin Ranks,Kevin DTC 2026,43,"Remember Our Trip"
DTC 2026 Kevin Ranks,Kevin DTC 2026,44,"Waddle"
DTC 2026 Kevin Ranks,Kevin DTC 2026,45,"Toy Battle"
DTC 2026 Kevin Ranks,Kevin DTC 2026,46,"7 Wonders Dice"
DTC 2026 Kevin Ranks,Kevin DTC 2026,47,"10 Days in the National Parks"
DTC 2026 Kevin Ranks,Kevin DTC 2026,48,"Light Speed: Arena"
DTC 2026 Kevin Ranks,Kevin DTC 2026,49,"Soda Jerk"
DTC 2026 Kevin Ranks,Kevin DTC 2026,50,"Pergola"
DTC 2026 Kevin Ranks,Kevin DTC 2026,51,"Death Valley"
DTC 2026 Kevin Ranks,Kevin DTC 2026,52,"Cosmolancer"
DTC 2026 Kevin Ranks,Kevin DTC 2026,53,"Pylos"
DTC 2026 Kevin Ranks,Kevin DTC 2026,54,"ORC"
DTC 2026 Kevin Ranks,Kevin DTC 2026,55,"Duel for Cardia"
DTC 2026 Kevin Ranks,Kevin DTC 2026,56,"Why I Otter"